route_id,bus_id,stop_sequence,day_of_week,hour_of_day,is_weekend,is_rush_hour,current_speed_kmph,distance_to_next_stop_m,historical_avg_delay_min,weather,dwell_time_sec,actual_eta_min
R04,BUS015,11,4,11,0,0,21.5,1671.2,0.76,0,40.9,4.41
R05,BUS002,8,3,10,0,1,14.1,202.6,4.66,0,61.2,2.63
R06,BUS019,12,6,7,1,0,25.4,3037.8,3.03,0,36.4,8.79
R02,BUS009,10,4,6,0,0,16.9,2458.0,1.37,0,47.3,8.54
R02,BUS006,6,1,8,0,1,17.0,810.0,5.14,0,49.9,3.96
R02,BUS015,5,1,17,0,1,16.3,665.0,5.71,0,52.4,4.55
R01,BUS008,12,1,5,0,0,16.5,409.7,0.54,0,47.5,1.88
R01,BUS003,5,6,18,1,0,23.3,3001.4,2.13,0,32.7,8.0
R03,BUS007,1,3,8,0,1,11.9,3195.0,3.8,1,52.9,18.08
R02,BUS010,9,4,10,0,1,12.3,1706.6,3.88,1,53.4,10.41
R01,BUS007,1,0,17,0,1,14.0,3040.4,4.81,0,59.1,14.78
R04,BUS024,11,5,13,1,0,27.9,1532.7,1.48,0,51.3,4.49
R05,BUS017,8,0,21,0,0,19.8,3422.8,1.43,0,56.5,11.58
R05,BUS012,10,5,8,1,0,21.4,466.8,0.97,1,40.3,2.43
R06,BUS011,1,0,10,0,1,12.3,2496.2,5.69,0,78.3,14.82
R04,BUS007,4,0,5,0,0,28.2,1512.0,1.55,0,22.4,4.24
R06,BUS010,3,6,20,1,0,34.8,2896.8,3.53,0,38.9,6.88
R01,BUS009,3,2,20,0,1,12.9,2994.0,5.85,1,74.8,17.68
R06,BUS003,9,2,22,0,0,31.3,730.7,1.88,0,46.0,1.58
R01,BUS014,5,3,12,0,0,26.1,3002.4,3.02,0,14.5,7.65
R06,BUS006,6,4,12,0,0,22.1,2282.8,2.66,0,13.9,7.24
R05,BUS016,3,3,7,0,0,13.1,2736.2,1.31,1,44.1,12.64
R03,BUS001,4,6,5,1,0,29.1,1245.8,0.5,1,44.5,4.58
R02,BUS015,6,6,6,1,0,22.9,1038.7,0.55,1,41.3,3.25
R05,BUS010,7,1,7,0,0,18.3,1045.5,1.66,0,17.3,4.39
R06,BUS016,12,2,19,0,1,14.7,1439.4,4.32,0,99.7,6.48
R05,BUS022,10,1,21,0,0,19.6,323.2,2.37,0,58.4,2.01
R04,BUS012,5,6,8,1,0,26.1,2978.7,0.47,0,33.4,6.74
R03,BUS023,10,4,13,0,0,14.3,2472.0,1.23,0,39.1,12.21
R05,BUS022,7,2,16,0,0,18.6,2067.9,1.29,0,45.5,7.55
R04,BUS001,5,6,14,1,0,26.4,3332.2,1.92,0,35.0,8.79
R05,BUS013,4,6,6,1,0,31.2,287.5,1.6,0,58.8,0.45
R01,BUS019,11,4,16,0,0,23.4,1474.1,1.0,0,48.3,3.9
R02,BUS002,3,0,11,0,0,26.8,589.9,2.66,1,47.2,3.51
R01,BUS004,10,4,13,0,0,30.1,2076.1,1.92,0,42.4,3.99
R06,BUS005,12,0,17,0,1,11.5,2641.7,3.93,0,28.2,15.31
R05,BUS019,1,3,16,0,0,19.9,3363.2,2.29,2,32.0,14.27
R02,BUS015,5,4,7,0,0,14.8,2188.1,1.72,1,29.9,10.46
R05,BUS010,10,6,18,1,0,32.9,2013.4,1.38,0,44.2,5.04
R05,BUS006,7,5,17,1,0,32.4,934.5,1.31,0,11.3,2.3
R05,BUS001,6,3,21,0,0,18.4,3325.9,1.33,1,5.0,13.07
R02,BUS019,7,5,7,1,0,35.2,1037.2,0.0,0,44.7,2.09
R01,BUS003,12,5,21,1,0,15.2,473.5,2.41,1,35.7,3.82
R05,BUS016,6,4,15,0,0,26.2,3233.1,0.65,0,27.9,7.33
R01,BUS021,6,5,7,1,0,38.9,3173.8,0.85,0,32.6,4.42
R02,BUS018,12,3,9,0,1,6.3,3415.5,5.29,1,51.5,35.69
R06,BUS003,6,1,9,0,1,16.8,2224.3,4.89,1,82.7,10.37
R01,BUS011,5,1,21,0,0,9.7,2966.5,0.78,0,35.1,18.69
R05,BUS021,5,1,14,0,0,18.3,1446.9,0.98,0,21.9,4.73
R01,BUS017,8,1,12,0,0,4.6,273.2,1.29,1,49.1,4.49
R04,BUS005,11,0,21,0,0,29.4,642.3,2.2,0,50.9,1.14
R06,BUS015,11,2,6,0,0,29.5,1349.2,1.56,0,49.7,3.57
R05,BUS004,10,0,14,0,0,14.4,2737.4,2.46,0,7.7,12.94
R01,BUS023,7,6,15,1,0,22.5,658.1,1.89,0,34.1,3.08
R05,BUS018,10,2,9,0,1,13.1,1338.8,4.94,0,32.8,8.42
R06,BUS002,1,5,17,1,0,27.8,1261.2,0.78,0,16.6,3.06
R05,BUS017,10,3,5,0,0,22.9,478.9,1.53,0,34.5,1.9
R04,BUS023,8,1,17,0,1,17.5,405.7,5.38,0,47.5,2.55
R01,BUS023,5,3,14,0,0,14.2,2061.1,1.67,0,5.0,9.14
R01,BUS013,2,6,8,1,0,35.6,1972.5,1.93,0,29.2,3.7
R06,BUS020,10,1,17,0,1,11.5,1290.1,3.99,0,77.0,8.41
R06,BUS022,1,5,10,1,0,28.5,2406.5,2.1,0,49.0,5.45
R06,BUS022,4,2,5,0,0,31.2,2629.6,1.71,1,35.2,5.97
R04,BUS013,11,2,5,0,0,32.3,1418.5,0.0,0,44.4,2.03
R04,BUS001,5,0,21,0,0,33.9,585.1,1.02,1,26.6,3.1
R05,BUS024,11,0,6,0,0,22.4,798.1,1.38,0,33.2,2.76
R01,BUS005,12,5,7,1,0,30.7,742.1,2.33,0,48.1,2.19
R01,BUS018,8,6,12,1,0,18.6,1443.9,1.22,0,11.3,5.16
R01,BUS015,7,1,18,0,1,15.0,419.8,3.78,0,83.2,2.66
R02,BUS020,1,3,11,0,0,26.9,2091.4,2.08,0,44.9,4.95
R05,BUS010,1,5,10,1,0,24.1,1970.4,0.0,0,82.6,5.01
R05,BUS015,4,3,17,0,1,19.5,2576.1,5.81,0,53.4,9.5
R03,BUS010,8,5,10,1,0,31.3,1522.8,1.46,0,37.7,5.09
R01,BUS001,8,3,15,0,0,30.9,3276.0,1.97,1,23.1,8.18
R04,BUS009,6,2,18,0,1,13.6,3283.4,5.62,0,65.8,17.39
R05,BUS015,9,4,13,0,0,24.4,878.4,2.56,0,50.8,3.04
R06,BUS002,7,1,6,0,0,19.8,3230.9,1.57,1,42.1,10.25
R04,BUS006,5,0,21,0,0,17.5,2775.6,0.92,0,41.7,9.89
R01,BUS017,4,5,12,1,0,24.6,1857.2,1.62,0,38.0,5.09
R06,BUS017,8,2,22,0,0,23.2,1170.3,2.95,0,26.5,2.07
R03,BUS004,1,4,11,0,0,24.6,2685.7,1.26,0,53.3,5.75
R03,BUS024,7,2,12,0,0,19.4,543.6,1.89,0,29.7,2.3
R06,BUS024,11,3,9,0,1,7.2,665.6,4.28,0,85.4,7.72
R05,BUS019,3,3,22,0,0,19.4,3145.8,2.34,0,54.7,9.61
R04,BUS020,5,4,10,0,1,17.8,2753.7,4.71,0,67.5,10.58
R03,BUS014,7,0,22,0,0,23.5,274.1,0.13,0,25.7,0.5
R03,BUS014,4,1,17,0,1,17.8,2481.0,5.43,0,64.9,11.35
R02,BUS017,5,0,10,0,1,15.0,2938.1,5.79,0,49.9,14.37
R05,BUS017,10,4,18,0,1,16.1,355.0,4.42,0,43.5,3.44
R05,BUS011,8,2,8,0,1,16.3,2572.9,3.6,0,72.4,11.02
R05,BUS024,1,1,8,0,1,15.1,1981.5,4.78,1,57.8,11.91
R01,BUS009,8,0,5,0,0,18.9,1835.1,2.95,0,42.5,7.33
R04,BUS019,6,1,16,0,0,15.4,1391.2,1.32,0,40.7,6.31
R05,BUS017,7,4,20,0,1,13.7,3002.3,3.67,0,77.3,14.7
R06,BUS015,5,6,13,1,0,27.0,835.6,0.73,1,55.3,1.27
R01,BUS014,8,2,16,0,0,23.1,597.9,1.12,0,31.1,2.08
R01,BUS004,6,0,17,0,1,15.1,2265.4,5.71,0,75.7,11.31
R03,BUS007,4,4,21,0,0,33.5,1526.4,1.21,1,9.8,2.91
R05,BUS001,1,2,17,0,1,10.0,1370.3,4.16,0,64.5,10.03
R01,BUS024,4,3,9,0,1,13.3,2794.9,4.34,1,64.3,15.5
R05,BUS002,9,6,8,1,0,28.8,964.5,1.89,0,11.5,2.81
R02,BUS009,1,1,7,0,0,24.6,2926.5,2.46,0,72.5,8.4
R01,BUS010,3,1,22,0,0,23.7,2496.9,1.2,0,38.0,5.89
R01,BUS004,5,1,15,0,0,18.9,3095.6,1.19,1,43.2,11.7
R05,BUS011,11,1,19,0,1,13.1,216.8,5.08,0,78.6,3.05
R03,BUS024,8,1,12,0,0,24.9,2066.9,1.21,1,49.0,6.47
R03,BUS016,9,4,15,0,0,17.4,987.7,1.98,1,34.4,5.28
R02,BUS010,11,4,11,0,0,24.1,730.5,1.82,0,37.9,2.57
R01,BUS008,2,3,17,0,1,15.1,2773.5,4.68,0,63.6,13.06
R04,BUS015,5,4,8,0,1,16.0,773.4,4.52,0,54.6,4.68
R03,BUS018,2,5,19,1,0,25.2,3397.3,1.8,1,33.0,8.34
R03,BUS011,10,6,6,1,0,21.9,1103.0,1.36,1,19.7,4.74
R02,BUS015,4,5,15,1,0,31.3,1101.8,1.42,0,16.6,3.68
R01,BUS005,3,2,5,0,0,26.7,1258.5,2.19,0,41.0,4.12
R02,BUS015,12,2,12,0,0,21.2,725.5,0.55,0,42.7,2.12
R02,BUS003,4,5,19,1,0,24.6,1789.0,2.94,0,23.9,5.53
R06,BUS021,5,1,12,0,0,20.6,1224.2,1.48,0,28.2,2.7
R06,BUS011,9,0,10,0,1,17.8,3195.8,5.68,0,67.4,12.5
R06,BUS022,12,3,5,0,0,17.6,2046.8,1.53,0,20.0,7.42
R02,BUS014,10,1,19,0,1,19.6,860.5,5.74,0,92.2,5.14
R02,BUS020,11,6,11,1,0,38.8,2380.7,2.44,1,26.3,5.39
R04,BUS010,11,1,16,0,0,16.8,1015.4,1.08,1,34.6,6.09
R02,BUS006,2,2,9,0,1,14.2,3487.9,5.1,0,57.5,16.9
R01,BUS007,12,0,9,0,1,7.8,1341.6,6.6,0,81.2,12.94
R02,BUS004,6,6,14,1,0,23.6,3474.0,0.41,0,53.7,8.92
R01,BUS003,10,3,20,0,1,8.5,2186.1,6.16,0,54.4,17.81
R01,BUS022,12,4,19,0,1,21.2,2156.6,5.71,0,45.1,9.03
R04,BUS002,3,4,9,0,1,12.1,1273.1,5.28,2,41.7,10.26
R03,BUS022,10,4,14,0,0,21.2,2409.0,0.58,0,15.6,6.14
R03,BUS005,5,3,9,0,1,12.1,2779.9,6.43,1,88.8,18.49
R04,BUS018,2,0,9,0,1,16.9,3290.8,4.94,0,56.2,13.66
R02,BUS020,5,1,15,0,0,14.3,257.4,1.9,0,41.4,0.59
R06,BUS013,4,1,14,0,0,20.0,2618.6,1.16,0,28.1,7.96
R06,BUS015,2,0,15,0,0,34.0,2454.7,1.45,1,28.3,5.7
R01,BUS014,4,0,5,0,0,16.6,911.7,2.8,0,39.5,3.96
R02,BUS006,9,0,13,0,0,20.3,3478.0,1.66,0,39.5,10.47
R06,BUS014,4,5,10,1,0,26.2,3174.5,2.1,1,13.0,8.32
R01,BUS021,1,3,11,0,0,26.4,2059.3,0.0,0,5.0,5.74
R06,BUS011,3,5,18,1,0,16.8,2244.3,0.95,1,5.0,10.52
R05,BUS012,5,1,20,0,1,23.3,2114.6,5.58,1,73.9,8.94
R03,BUS011,5,6,15,1,0,31.8,225.0,1.72,0,32.2,1.44
R02,BUS014,4,4,18,0,1,14.7,1214.1,6.11,0,87.7,7.86
R01,BUS013,4,1,15,0,0,23.6,606.6,1.82,0,49.2,1.87
R05,BUS010,8,3,8,0,1,12.2,487.2,5.92,0,68.7,6.11
R04,BUS009,10,0,19,0,1,18.6,2216.2,4.76,1,46.3,9.39
R05,BUS004,2,2,8,0,1,11.3,1598.3,5.22,0,98.3,9.83
R01,BUS003,12,1,5,0,0,28.1,915.2,2.8,0,26.6,2.25
R05,BUS002,3,6,22,1,0,36.4,1534.3,1.06,0,39.5,2.63
R02,BUS007,4,4,5,0,0,13.6,2166.0,0.5,0,19.7,11.0
R04,BUS002,12,4,16,0,0,27.2,971.2,1.59,0,5.1,3.0
R03,BUS022,6,1,16,0,0,30.4,2384.1,1.84,0,36.4,5.03
R04,BUS005,9,6,20,1,0,34.2,1551.3,1.26,0,5.0,2.93
R04,BUS019,8,5,9,1,0,24.2,2632.7,2.13,0,31.5,7.14
R01,BUS021,12,5,6,1,0,26.5,408.3,1.17,0,12.0,0.68
R01,BUS009,1,2,7,0,0,32.8,1510.0,0.59,0,34.9,3.5
R06,BUS005,4,1,16,0,0,22.4,3271.0,1.42,0,43.5,9.69
R04,BUS014,9,6,7,1,0,22.8,772.6,2.55,2,51.3,5.34
R01,BUS022,1,3,18,0,1,15.1,659.4,4.91,1,53.0,5.55
R05,BUS002,4,0,19,0,1,16.0,3378.3,5.04,0,66.0,13.5
R02,BUS006,11,5,6,1,0,26.9,2345.7,2.69,0,26.5,6.06
R01,BUS014,3,6,20,1,0,35.6,2482.3,2.58,0,24.0,4.79
R05,BUS020,4,3,10,0,1,8.5,1606.1,4.82,0,83.1,13.08
R05,BUS022,5,5,6,1,0,34.8,641.6,1.19,0,20.1,1.93
R05,BUS001,5,1,22,0,0,21.4,2276.7,1.15,0,34.8,8.17
R05,BUS004,2,3,20,0,1,4.8,2633.3,4.64,0,87.1,34.65
R05,BUS017,9,0,13,0,0,23.6,3311.3,1.37,0,43.8,9.27
R02,BUS008,11,5,12,1,0,27.4,949.0,2.28,1,25.9,3.69
R01,BUS023,11,0,17,0,1,4.3,2847.0,5.15,0,48.9,40.72
R05,BUS022,8,1,10,0,1,17.8,472.6,5.03,1,52.1,3.83
R01,BUS009,9,1,22,0,0,21.6,1263.3,0.65,0,47.5,3.75
R04,BUS002,11,1,19,0,1,10.7,565.7,5.16,0,32.5,5.82
R02,BUS022,4,5,16,1,0,29.5,851.7,2.15,0,39.6,2.75
R01,BUS012,9,6,22,1,0,29.9,2299.0,2.78,0,32.8,5.51
R06,BUS011,9,5,17,1,0,30.0,743.9,0.98,1,35.5,1.73
R04,BUS013,6,2,9,0,1,6.4,2148.1,5.06,0,76.3,22.39
R01,BUS005,8,1,20,0,1,16.2,2878.8,5.27,0,68.7,12.65
R02,BUS011,9,1,18,0,1,11.9,2232.8,4.11,1,63.0,13.66
R02,BUS022,12,0,18,0,1,13.5,868.2,5.34,0,58.2,5.5
R03,BUS005,10,3,19,0,1,16.4,1680.4,5.27,0,43.7,7.2
R05,BUS010,6,5,8,1,0,20.8,798.4,0.17,1,61.9,3.17
R05,BUS016,10,6,8,1,0,40.6,374.3,1.23,0,20.1,1.28
R05,BUS012,10,5,8,1,0,22.3,1907.0,1.35,0,22.4,5.59
R04,BUS017,11,3,19,0,1,14.8,3494.5,5.46,0,83.3,16.7
R03,BUS015,6,6,18,1,0,29.5,2665.8,0.4,2,42.7,7.07
R06,BUS022,6,0,17,0,1,11.7,2782.5,3.96,0,24.3,15.37
R05,BUS004,6,1,8,0,1,12.9,364.5,4.2,1,60.2,4.11
R04,BUS010,6,3,11,0,0,20.9,1015.0,1.79,0,30.4,4.57
R05,BUS006,12,0,17,0,1,14.5,3015.2,4.61,0,45.3,13.66
R03,BUS007,6,6,19,1,0,29.2,272.0,1.57,0,11.6,0.87
R01,BUS005,10,4,22,0,0,17.8,678.4,1.99,0,39.6,3.0
R04,BUS009,1,1,8,0,1,15.1,1579.4,4.53,0,80.2,6.72
R06,BUS017,1,1,10,0,1,13.1,946.3,5.92,0,48.1,7.09
R02,BUS002,3,4,11,0,0,22.1,1999.9,0.92,1,25.3,6.51
R01,BUS007,5,3,8,0,1,8.2,2697.3,5.08,1,60.6,21.58
R02,BUS017,2,0,7,0,0,21.1,3200.4,4.05,0,50.6,11.02
R02,BUS011,3,4,15,0,0,12.8,872.4,1.66,1,63.1,6.15
R01,BUS015,8,1,14,0,0,15.9,1677.1,1.67,0,46.8,6.83
R03,BUS008,6,0,5,0,0,28.8,310.2,0.86,1,50.1,1.36
R06,BUS022,3,0,16,0,0,16.7,2641.1,1.47,0,40.8,9.61
R03,BUS001,4,0,6,0,0,23.5,892.2,1.44,0,42.3,2.71
R06,BUS019,12,3,15,0,0,15.4,3174.3,2.37,0,37.0,13.38
R06,BUS016,5,3,5,0,0,20.0,991.6,0.76,0,46.5,4.03
R06,BUS017,5,3,15,0,0,19.6,2984.3,1.74,0,42.0,9.23
R01,BUS008,7,6,7,1,0,18.3,2490.7,1.6,0,42.7,8.91
R04,BUS017,7,0,7,0,0,23.4,395.0,2.1,1,11.6,1.75
R06,BUS004,5,5,7,1,0,27.5,1562.1,2.63,0,28.9,4.42
R06,BUS023,6,0,18,0,1,17.0,3205.5,5.49,0,78.3,13.19
R04,BUS019,4,5,10,1,0,27.4,596.8,1.33,0,9.5,2.16
R06,BUS011,5,2,13,0,0,26.8,1189.7,2.87,1,46.0,4.17
R06,BUS012,3,2,18,0,1,11.1,3023.8,5.03,1,51.1,19.25
R05,BUS009,9,3,7,0,0,22.9,2936.6,2.3,0,7.8,8.2
R04,BUS014,9,2,12,0,0,29.2,3328.8,1.28,0,22.8,7.59
R04,BUS022,12,4,7,0,0,22.6,2352.3,1.94,0,69.4,7.09
R06,BUS022,9,1,21,0,0,26.0,331.2,1.66,0,5.0,0.51
R05,BUS017,3,5,7,1,0,40.4,1676.6,0.94,0,39.5,3.04
R01,BUS007,5,4,21,0,0,19.5,921.1,1.41,0,26.3,3.91
R01,BUS024,5,2,11,0,0,21.7,2096.8,1.03,1,29.5,6.29
R03,BUS012,8,4,17,0,1,17.7,2206.1,4.57,2,57.8,11.39
R05,BUS015,7,0,19,0,1,17.3,3076.3,4.04,1,54.9,13.2
R04,BUS008,4,0,5,0,0,27.7,1534.0,0.85,0,55.0,4.46
R03,BUS011,10,5,22,1,0,30.3,658.3,0.64,0,54.2,1.63
R06,BUS008,2,0,13,0,0,21.4,1592.7,0.0,0,5.6,4.91
R01,BUS006,12,4,15,0,0,16.0,1618.8,2.24,0,31.0,7.83
R02,BUS003,3,3,16,0,0,12.9,3224.9,0.95,0,54.6,14.38
R04,BUS001,8,6,6,1,0,22.5,750.6,1.33,1,20.5,3.03
R05,BUS010,12,1,7,0,0,21.2,1324.0,0.93,0,49.5,5.09
R02,BUS016,4,3,10,0,1,10.8,1698.2,5.34,0,65.1,11.29
R03,BUS013,4,1,18,0,1,9.6,302.2,4.71,0,61.1,4.73
R06,BUS010,5,1,9,0,1,16.8,3354.5,4.73,0,41.9,12.98
R06,BUS004,5,4,13,0,0,29.9,2027.2,1.7,1,8.0,5.17
R05,BUS019,10,0,18,0,1,16.5,2435.4,4.59,0,69.4,9.98
R05,BUS003,2,2,8,0,1,18.4,1525.9,6.57,0,58.3,6.84
R04,BUS005,1,4,8,0,1,15.0,3192.9,4.18,0,56.1,13.18
R06,BUS021,6,2,11,0,0,18.7,611.9,2.2,1,40.7,3.58
R04,BUS020,6,6,8,1,0,31.2,1143.1,0.92,0,5.0,4.45
R02,BUS017,3,4,18,0,1,22.4,1704.7,4.07,0,63.4,7.03
R01,BUS008,4,4,21,0,0,16.9,2312.7,0.86,0,48.3,9.03
R06,BUS022,11,2,14,0,0,17.1,643.6,0.4,1,21.6,2.76
R01,BUS015,3,2,22,0,0,19.3,2433.5,2.19,0,45.9,8.75
R01,BUS015,5,4,12,0,0,24.3,3292.4,1.89,1,25.7,9.82
R01,BUS002,4,5,10,1,0,38.5,1210.3,2.13,0,24.3,2.94
R02,BUS010,12,5,6,1,0,20.0,440.6,0.89,0,48.1,1.3
R06,BUS024,7,2,11,0,0,25.2,1772.2,0.51,2,10.2,7.15
R01,BUS022,1,6,14,1,0,24.8,2133.4,1.65,0,47.1,5.24
R04,BUS021,8,6,8,1,0,24.3,671.5,2.21,0,24.6,2.3
R02,BUS011,9,3,21,0,0,22.0,1248.0,1.49,0,49.3,3.38
R02,BUS008,9,5,9,1,0,27.2,3303.5,1.62,0,38.1,8.57
R02,BUS015,3,4,21,0,0,22.9,1445.1,1.87,0,36.2,4.2
R04,BUS024,7,1,19,0,1,17.9,750.9,5.99,2,49.2,7.55
R05,BUS020,3,2,16,0,0,22.0,3498.2,0.72,0,33.9,10.5
R02,BUS014,3,3,13,0,0,19.7,372.8,2.66,1,29.1,3.24
R01,BUS006,11,5,5,1,0,31.4,2827.6,1.37,0,37.1,5.75
R06,BUS022,1,3,15,0,0,13.3,1413.7,1.6,1,31.6,7.17
R01,BUS003,6,0,16,0,0,21.9,2163.9,1.29,2,65.3,8.57
R04,BUS023,12,6,21,1,0,26.8,1920.3,1.65,0,36.5,5.89
R04,BUS012,11,4,8,0,1,15.4,2009.7,5.61,0,70.6,10.77
R05,BUS022,11,3,12,0,0,18.3,416.8,0.86,0,32.4,2.71
R02,BUS004,10,0,9,0,1,19.2,1951.4,6.08,0,54.9,8.91
R02,BUS012,7,1,14,0,0,26.5,1240.0,1.55,0,51.8,3.74
R04,BUS006,8,5,19,1,0,33.6,400.1,2.39,1,11.4,2.41
R06,BUS001,2,5,6,1,0,38.1,998.2,1.51,0,47.6,1.81
R02,BUS014,10,5,17,1,0,33.4,1713.4,1.65,0,39.5,4.15
R01,BUS016,11,4,22,0,0,22.2,3017.5,1.77,0,65.4,8.05
R06,BUS022,2,1,10,0,1,15.7,827.4,5.02,1,63.7,5.17
R04,BUS015,1,2,11,0,0,23.5,2778.5,2.34,1,26.8,9.54
R04,BUS010,11,4,14,0,0,24.3,1261.5,2.07,0,28.4,3.9
R03,BUS012,10,3,13,0,0,39.5,707.6,0.33,0,24.0,1.35
R06,BUS003,3,0,11,0,0,28.0,2104.5,1.03,0,5.4,5.46
R04,BUS001,2,0,17,0,1,10.8,3415.4,5.6,2,71.6,22.7
R01,BUS004,5,2,7,0,0,21.1,1276.9,1.64,0,56.3,3.97
R02,BUS020,2,3,17,0,1,11.8,2150.7,4.18,1,25.9,13.48
R03,BUS008,4,1,14,0,0,7.4,2921.8,2.5,0,40.5,24.58
R06,BUS021,9,0,10,0,1,9.7,380.3,4.13,0,83.3,4.5
R05,BUS013,7,1,22,0,0,19.1,3156.9,2.09,0,29.6,10.26
R06,BUS004,7,5,12,1,0,28.4,2381.3,0.85,0,42.2,5.03
R01,BUS017,11,1,21,0,0,27.3,2185.1,0.7,1,35.5,5.26
R01,BUS019,4,0,13,0,0,20.2,1681.1,1.2,0,30.9,5.61
R02,BUS007,9,0,6,0,0,19.2,2863.3,0.62,0,50.9,9.76
R05,BUS023,1,0,7,0,0,9.8,1792.3,1.62,1,38.8,12.18
R01,BUS014,2,4,8,0,1,21.5,2044.6,5.01,0,30.0,8.52
R05,BUS016,6,4,20,0,1,5.4,2840.0,5.88,0,48.2,33.3
R06,BUS019,9,4,12,0,0,27.6,1026.5,3.05,1,29.5,4.29
R01,BUS012,5,2,9,0,1,7.9,1364.8,5.89,0,54.7,12.63
R03,BUS001,2,0,9,0,1,12.0,438.0,4.0,2,75.5,6.3
R06,BUS023,3,5,22,1,0,30.0,3306.2,1.47,0,40.8,7.22
R01,BUS005,2,1,13,0,0,18.0,874.7,1.53,0,60.6,3.6
R02,BUS024,10,5,15,1,0,27.4,2164.7,0.92,0,21.7,5.05
R02,BUS021,2,5,7,1,0,19.7,1431.8,3.21,0,46.7,7.16
R03,BUS002,4,0,14,0,0,14.8,2220.5,2.64,0,14.3,10.98
R01,BUS009,4,2,5,0,0,25.8,927.6,2.67,0,44.7,2.55
R02,BUS018,11,5,22,1,0,29.6,505.7,1.65,0,28.4,0.72
R01,BUS019,8,3,21,0,0,28.1,2004.7,2.33,0,50.9,5.52
R04,BUS015,1,0,18,0,1,20.8,1093.7,4.76,0,56.3,5.2
R02,BUS018,6,6,8,1,0,21.0,3277.9,1.67,0,48.0,10.57
R06,BUS008,3,5,14,1,0,31.0,1610.7,1.03,0,28.7,4.35
R02,BUS011,11,3,10,0,1,22.0,1611.1,4.39,1,57.8,5.84
R01,BUS013,4,5,11,1,0,32.0,385.4,1.49,0,27.6,2.18
R02,BUS001,6,5,20,1,0,32.3,1904.2,2.27,1,55.4,5.05
R01,BUS004,12,3,14,0,0,15.2,1967.3,0.44,1,25.0,9.29
R05,BUS004,10,0,14,0,0,18.3,1095.9,0.63,1,39.6,3.3
R05,BUS010,7,0,16,0,0,20.1,3033.9,2.77,0,42.1,9.61
R05,BUS014,4,6,20,1,0,32.9,587.9,2.23,0,30.8,2.22
R02,BUS015,12,2,8,0,1,11.3,590.8,4.18,0,52.8,4.27
R06,BUS015,12,2,13,0,0,28.7,1572.1,0.0,0,22.0,3.61
R02,BUS002,3,4,5,0,0,16.9,2283.7,1.57,0,30.0,8.26
R02,BUS017,7,4,9,0,1,18.4,2723.8,5.57,2,73.1,13.91
R03,BUS003,5,2,20,0,1,15.1,232.9,6.41,1,70.4,4.44
R03,BUS012,3,5,13,1,0,34.7,1954.2,1.54,0,30.1,3.99
R06,BUS008,2,2,20,0,1,13.9,886.3,4.53,0,75.0,5.92
R04,BUS017,2,1,17,0,1,6.5,2852.6,5.5,0,46.2,27.65
R03,BUS023,4,2,15,0,0,25.3,2367.2,0.59,0,39.0,6.76
R01,BUS004,8,0,9,0,1,19.4,1919.5,4.1,1,53.0,9.23
R04,BUS009,12,5,21,1,0,21.7,1052.2,3.09,1,37.1,5.59
R06,BUS010,12,1,17,0,1,19.5,2552.2,3.59,0,80.5,9.46
R06,BUS012,10,3,15,0,0,23.1,820.1,1.12,0,42.7,3.2
R01,BUS006,9,6,7,1,0,20.9,3298.9,2.38,0,44.0,9.85
R05,BUS004,7,5,14,1,0,30.8,2384.5,2.0,1,20.8,7.06
R04,BUS008,1,4,10,0,1,17.9,1570.3,5.28,1,44.6,7.93
R05,BUS007,8,4,10,0,1,17.0,511.3,5.47,0,74.0,4.62
R03,BUS013,11,2,19,0,1,14.7,1203.3,4.95,1,60.6,8.3
R06,BUS016,5,2,10,0,1,15.0,256.6,5.39,0,65.5,2.52
R02,BUS003,3,4,14,0,0,23.0,1489.0,1.02,0,22.4,4.54
R01,BUS020,3,6,15,1,0,29.8,3266.2,0.0,0,51.8,6.91
R04,BUS006,9,5,15,1,0,25.8,3332.4,2.35,1,27.2,9.53
R03,BUS009,6,1,5,0,0,16.0,2298.6,1.8,0,64.8,9.02
R05,BUS014,2,3,22,0,0,29.8,2771.0,2.18,1,20.3,9.04
R06,BUS013,2,4,21,0,0,22.8,1114.1,2.11,0,28.0,3.69
R05,BUS008,10,5,21,1,0,22.3,2202.6,2.0,1,32.5,7.6
R05,BUS023,8,6,13,1,0,29.4,3490.9,1.56,0,27.3,7.63
R04,BUS017,1,1,18,0,1,13.3,1472.5,3.76,0,39.5,7.87
R03,BUS014,8,4,14,0,0,28.8,1046.3,0.59,0,43.9,2.08
R02,BUS006,8,6,6,1,0,32.3,2936.7,2.7,0,57.7,6.47
R06,BUS024,3,3,20,0,1,13.4,775.0,5.83,2,88.2,7.35
R05,BUS024,2,0,17,0,1,14.9,1345.3,5.02,0,67.6,6.8
R01,BUS008,4,1,22,0,0,25.7,1753.9,3.07,0,23.0,5.52
R02,BUS016,7,6,8,1,0,32.6,1573.3,1.53,1,35.6,5.06
R05,BUS014,6,3,11,0,0,17.6,3276.7,2.27,0,31.7,12.22
R03,BUS003,6,1,20,0,1,9.6,1142.8,5.18,0,57.0,9.93
R03,BUS012,1,2,9,0,1,9.6,777.9,5.55,0,59.6,7.41
R06,BUS004,10,1,21,0,0,18.8,2270.2,1.87,0,24.3,7.84
R02,BUS008,2,2,17,0,1,16.8,3317.4,5.15,1,76.1,15.26
R02,BUS022,2,6,21,1,0,27.1,2523.5,1.99,0,65.4,6.21
R06,BUS021,7,0,12,0,0,20.1,948.2,3.12,1,39.6,4.28
R06,BUS001,9,3,13,0,0,14.2,2969.3,1.26,0,26.5,13.25
R01,BUS008,8,2,16,0,0,19.7,1453.2,2.51,1,39.9,5.91
R02,BUS021,5,6,10,1,0,33.6,1407.4,0.85,0,31.3,2.57
R03,BUS011,8,0,6,0,0,21.4,2404.0,1.67,0,17.4,8.1
R02,BUS006,7,4,8,0,1,13.0,1356.4,5.52,0,72.1,9.64
R04,BUS023,12,5,7,1,0,32.3,669.4,1.14,0,35.3,1.84
R04,BUS008,8,1,8,0,1,12.0,855.0,4.49,0,51.8,5.31
R05,BUS002,3,1,14,0,0,15.4,3185.7,2.18,0,25.3,13.08
R03,BUS016,1,6,7,1,0,23.3,901.1,2.9,0,30.9,3.84
R01,BUS022,9,1,7,0,0,28.1,1329.0,1.29,0,38.4,4.38
R06,BUS015,10,1,18,0,1,9.2,2167.1,4.81,0,78.7,16.12
R04,BUS015,7,3,22,0,0,22.3,549.3,2.36,0,55.9,1.19
R04,BUS017,8,6,15,1,0,28.9,2843.2,0.77,0,57.7,6.57
R04,BUS019,11,3,16,0,0,23.3,540.8,0.51,0,34.0,1.87
R02,BUS023,4,0,16,0,0,16.6,1927.8,1.68,0,39.1,7.91
R06,BUS006,3,4,20,0,1,11.7,1396.4,5.83,0,64.0,8.98
R06,BUS013,6,2,18,0,1,14.9,802.8,4.14,1,54.3,6.18
R03,BUS006,5,5,21,1,0,31.2,1588.5,1.62,0,46.5,2.96
R02,BUS018,4,0,18,0,1,11.1,2988.0,4.39,0,80.5,18.71
R04,BUS004,3,1,20,0,1,11.5,354.4,3.51,1,64.0,4.32
R04,BUS013,6,1,18,0,1,11.2,1117.7,4.25,0,58.4,7.36
R05,BUS002,3,5,12,1,0,29.8,1858.0,1.3,1,38.4,5.43
R01,BUS016,3,5,14,1,0,22.2,1238.9,0.0,1,38.8,3.88
R06,BUS010,2,6,12,1,0,30.5,2006.7,1.28,0,37.3,5.05
R02,BUS011,11,0,8,0,1,11.1,1270.3,4.47,1,61.4,10.18
R01,BUS020,6,6,15,1,0,27.1,1699.5,0.41,0,20.5,3.55
R02,BUS019,5,6,6,1,0,35.5,764.1,1.12,1,32.1,2.04
R01,BUS014,3,3,20,0,1,12.5,738.0,4.59,1,62.9,6.57
R06,BUS011,1,2,22,0,0,18.5,3031.3,2.34,0,20.4,11.61
R04,BUS007,6,1,19,0,1,13.0,1095.9,5.62,0,63.5,6.94
R06,BUS011,1,6,21,1,0,27.4,946.1,0.78,0,45.2,1.92
R05,BUS020,12,4,9,0,1,21.7,2600.8,4.88,0,55.2,8.76
R05,BUS023,4,4,10,0,1,10.0,1343.6,4.8,0,69.7,10.71
R03,BUS023,2,4,15,0,0,24.6,2317.0,1.24,1,20.0,6.45
R03,BUS006,6,3,19,0,1,14.6,2808.7,4.1,0,66.9,12.96
R03,BUS005,6,1,8,0,1,17.6,1093.1,6.46,1,60.8,5.96
R02,BUS020,10,1,6,0,0,27.7,1289.9,1.67,0,37.8,3.72
R01,BUS011,7,4,8,0,1,7.3,2190.5,5.13,0,43.9,20.03
R04,BUS021,10,6,6,1,0,24.4,2188.2,1.52,0,45.3,5.96
R01,BUS013,8,0,14,0,0,16.2,1028.6,1.99,0,25.1,4.81
R02,BUS002,12,0,16,0,0,28.0,291.9,1.88,1,57.9,2.07
R03,BUS004,8,5,6,1,0,28.9,2390.6,2.25,0,23.4,5.86
R06,BUS005,2,5,6,1,0,22.7,3227.0,1.28,0,38.4,7.93
R05,BUS004,8,0,5,0,0,28.5,2963.9,2.97,0,31.5,7.51
R05,BUS004,5,2,18,0,1,14.3,1659.8,4.83,1,68.0,9.5
R01,BUS009,6,6,16,1,0,26.9,2344.3,0.8,0,29.3,5.71
R01,BUS021,3,0,18,0,1,18.7,242.6,5.11,2,74.1,6.48
R06,BUS022,2,4,9,0,1,12.7,1482.8,4.83,0,64.5,9.1
R05,BUS022,10,2,18,0,1,13.0,1730.6,3.4,0,82.2,9.33
R05,BUS016,3,0,7,0,0,18.1,2637.1,1.78,0,46.7,9.08
R03,BUS022,3,5,17,1,0,33.6,2775.1,2.08,0,56.7,5.76
R03,BUS019,8,3,12,0,0,21.7,3379.5,0.71,0,22.2,9.68
R03,BUS016,7,2,16,0,0,23.9,1764.7,1.36,0,24.9,4.06
R04,BUS006,1,1,5,0,0,16.5,3424.2,1.61,1,24.5,14.54
R03,BUS021,5,5,20,1,0,31.8,387.7,2.31,0,20.5,2.63
R01,BUS007,10,2,13,0,0,23.1,1027.9,0.72,2,26.1,4.86
R03,BUS001,4,5,18,1,0,23.1,401.6,1.5,0,39.6,1.62
R06,BUS010,11,6,10,1,0,35.9,1702.8,1.03,0,27.2,2.96
R01,BUS007,2,5,5,1,0,22.4,618.5,1.21,0,67.5,2.86
R01,BUS003,8,4,8,0,1,14.5,1982.9,4.37,1,41.3,10.22
R03,BUS015,11,2,8,0,1,6.0,2227.5,5.21,0,43.5,24.37
R06,BUS011,2,3,16,0,0,18.5,2934.6,2.22,1,41.5,9.64
R06,BUS005,9,1,5,0,0,24.6,692.2,2.53,0,40.4,1.82
R05,BUS015,2,3,11,0,0,22.7,1457.1,1.03,1,15.6,4.69
R01,BUS012,11,6,15,1,0,19.1,2926.9,2.35,1,54.0,11.01
R06,BUS010,9,6,20,1,0,26.5,3058.8,0.56,0,28.9,7.14
R06,BUS005,7,4,14,0,0,22.8,1135.1,2.49,0,41.5,3.6
R05,BUS015,3,5,16,1,0,13.4,1512.7,3.14,0,32.0,8.14
R04,BUS019,5,2,17,0,1,14.8,2025.9,5.01,0,57.3,10.02
R06,BUS002,9,5,21,1,0,25.6,2330.4,2.16,0,33.6,6.28
R02,BUS014,9,3,15,0,0,26.9,2479.4,0.54,0,32.6,5.5
R01,BUS008,4,3,5,0,0,22.3,273.3,1.89,2,34.6,2.88
R05,BUS020,6,1,19,0,1,10.3,885.7,5.17,0,60.1,8.1
R01,BUS023,11,2,7,0,0,22.6,1272.2,1.54,0,69.6,3.89
R03,BUS023,6,6,22,1,0,32.7,2874.5,0.76,0,23.6,5.6
R06,BUS017,5,1,7,0,0,28.4,662.0,0.0,0,37.4,1.4
R04,BUS016,3,3,17,0,1,19.5,638.9,4.07,0,37.5,2.96
R03,BUS018,7,6,5,1,0,24.9,2364.5,0.7,0,32.2,4.98
R04,BUS006,11,0,17,0,1,14.2,1560.9,3.87,0,37.1,7.78
R06,BUS021,12,0,13,0,0,17.9,803.1,0.11,1,30.3,3.37
R03,BUS014,2,2,7,0,0,17.6,401.0,1.24,0,14.8,2.37
R01,BUS011,2,0,20,0,1,12.8,2169.9,6.05,0,67.2,13.09
R03,BUS001,2,3,12,0,0,24.6,1014.6,0.03,0,63.8,1.75
R03,BUS007,10,1,22,0,0,28.2,1134.8,1.18,0,55.1,3.6
R01,BUS004,1,6,7,1,0,32.9,2039.4,2.51,1,35.9,5.52
R04,BUS010,10,4,13,0,0,20.6,3103.2,1.86,0,65.7,9.78
R02,BUS024,9,3,11,0,0,15.3,1231.6,1.17,2,43.4,7.41
R06,BUS019,5,6,22,1,0,27.6,1284.2,1.89,0,22.8,4.38
R03,BUS018,11,5,9,1,0,20.3,966.3,0.99,0,36.6,3.3
R04,BUS015,9,3,7,0,0,14.5,2992.2,0.57,0,20.2,12.59
R02,BUS016,4,2,14,0,0,18.5,2001.5,2.21,1,29.1,8.03
R06,BUS024,11,1,6,0,0,17.8,410.2,1.41,0,29.1,2.36
R06,BUS007,9,4,5,0,0,23.2,2172.9,0.98,0,14.0,6.62
R03,BUS001,11,5,11,1,0,29.7,1465.2,1.23,0,44.0,2.94
R01,BUS017,3,4,20,0,1,11.6,2937.6,5.25,1,83.3,18.68
R01,BUS024,4,6,22,1,0,28.4,1545.7,1.65,0,21.3,3.42
R05,BUS009,2,4,21,0,0,15.6,931.0,1.59,0,27.3,4.19
R05,BUS006,8,2,6,0,0,27.0,442.1,2.86,0,56.0,1.9
R03,BUS005,2,1,21,0,0,23.0,653.3,1.93,0,47.9,2.2
R05,BUS020,3,0,9,0,1,8.4,874.0,4.67,0,54.3,8.42
R06,BUS014,1,1,11,0,0,17.0,3265.1,1.35,0,16.5,11.17
R01,BUS010,9,6,8,1,0,26.7,3228.9,1.2,1,46.8,7.63
R02,BUS022,1,4,15,0,0,27.7,2429.4,1.52,1,39.2,6.61
R02,BUS010,7,5,5,1,0,33.1,3125.5,1.27,0,52.1,6.24
R04,BUS010,3,2,10,0,1,9.7,1313.2,4.37,0,38.4,10.15
R03,BUS022,11,3,13,0,0,19.7,1972.2,2.27,0,48.6,7.19
R06,BUS003,8,6,16,1,0,27.5,268.5,0.47,0,32.3,0.3
R06,BUS008,10,3,5,0,0,20.3,2960.2,1.5,1,35.8,10.25
R04,BUS015,2,5,17,1,0,21.9,1498.0,1.63,0,27.3,4.22
R05,BUS012,6,5,13,1,0,28.8,2330.3,0.54,0,16.0,3.99
R02,BUS013,7,6,16,1,0,32.5,3399.7,2.35,1,40.3,7.57
R02,BUS023,10,0,20,0,1,19.3,3438.2,4.55,0,47.4,12.8
R02,BUS001,9,0,11,0,0,27.9,3128.6,1.88,0,16.3,6.82
R06,BUS007,10,6,6,1,0,20.1,2473.1,1.75,0,36.1,8.21
R03,BUS012,8,0,19,0,1,10.4,2705.7,5.49,0,30.5,17.49
R02,BUS007,9,6,5,1,0,23.8,3017.1,2.58,0,38.2,7.79
R06,BUS024,1,0,9,0,1,8.3,3001.4,4.54,1,53.3,24.07
R02,BUS016,8,1,15,0,0,13.3,992.7,1.14,0,40.5,5.3
R04,BUS005,2,0,13,0,0,35.4,3137.8,1.55,0,32.8,5.73
R03,BUS015,12,4,18,0,1,11.7,3373.1,2.68,0,67.1,18.88
R01,BUS012,1,6,7,1,0,26.0,1631.2,2.3,1,37.4,5.78
R06,BUS004,8,4,5,0,0,30.3,369.2,0.75,0,23.9,1.81
R04,BUS016,7,0,18,0,1,11.4,2000.8,4.26,0,42.5,12.18
R04,BUS004,10,2,6,0,0,26.7,1609.4,1.45,0,19.8,4.71
R02,BUS012,10,4,20,0,1,17.0,203.1,4.05,1,47.3,3.19
R03,BUS014,3,6,16,1,0,26.7,2512.9,2.38,0,35.4,7.04
R05,BUS004,6,1,16,0,0,14.2,2979.0,2.32,0,66.7,14.35
R04,BUS021,11,4,20,0,1,9.4,1375.1,5.74,1,77.3,12.23
R01,BUS015,3,4,10,0,1,13.6,898.8,4.81,0,71.2,6.42
R03,BUS023,7,5,14,1,0,19.6,3269.5,1.65,0,25.9,10.89
R06,BUS019,1,3,11,0,0,20.0,2181.9,0.62,0,36.2,6.87
R02,BUS006,8,4,15,0,0,20.8,2257.2,3.5,0,38.6,6.66
R02,BUS021,4,3,14,0,0,18.2,1639.6,3.05,0,5.4,7.08
R04,BUS024,7,6,13,1,0,17.6,1282.0,1.24,1,35.4,5.45
R02,BUS006,8,2,14,0,0,16.9,2420.1,1.08,0,12.1,7.44
R02,BUS024,12,0,16,0,0,22.1,991.4,0.38,1,36.8,3.19
R03,BUS023,2,0,12,0,0,27.9,2952.7,1.33,0,27.2,6.83
R03,BUS019,2,4,22,0,0,18.6,1297.0,1.25,0,38.3,4.49
R03,BUS002,10,1,8,0,1,14.6,1904.9,3.54,1,47.9,10.6
R02,BUS023,11,5,20,1,0,32.4,1249.5,1.48,0,10.8,3.09
R05,BUS003,10,2,16,0,0,23.1,3190.6,2.84,1,51.0,9.98
R04,BUS016,7,5,13,1,0,29.6,1541.2,2.17,1,20.7,4.93
R02,BUS015,10,6,11,1,0,22.1,2709.3,2.34,0,32.6,9.26
R03,BUS012,10,4,9,0,1,7.5,3485.2,4.74,0,59.0,30.06
R03,BUS016,4,6,14,1,0,34.6,313.6,1.32,1,36.2,1.31
R06,BUS020,6,3,7,0,0,22.8,641.2,1.83,0,33.3,2.55
R01,BUS007,8,0,12,0,0,18.2,3248.1,0.65,0,23.9,10.58
R06,BUS004,2,3,16,0,0,29.2,988.7,2.56,1,39.4,4.8
R01,BUS023,2,0,18,0,1,9.7,1499.4,6.69,0,61.4,10.82
R02,BUS017,11,2,7,0,0,27.5,2104.8,1.02,0,44.5,4.03
R02,BUS017,8,6,19,1,0,27.7,1415.2,1.77,0,38.8,4.06
R01,BUS015,11,3,20,0,1,15.6,1767.9,4.92,0,53.5,8.75
R05,BUS024,4,6,16,1,0,29.1,873.2,2.51,0,35.2,3.09
R01,BUS018,5,4,17,0,1,12.4,835.8,4.42,1,41.9,6.47
R04,BUS021,4,2,6,0,0,21.9,2907.8,1.34,0,33.9,8.12
R02,BUS006,11,3,12,0,0,22.6,611.3,1.8,1,45.1,3.01
R03,BUS019,4,1,5,0,0,28.2,569.4,3.08,1,48.4,3.21
R02,BUS021,12,6,20,1,0,13.0,3374.8,1.96,0,10.3,16.72
R05,BUS019,1,0,17,0,1,10.8,381.4,5.12,0,72.4,2.45
R04,BUS020,12,4,6,0,0,26.0,1200.6,0.01,1,30.2,3.54
R02,BUS004,3,0,9,0,1,15.3,3484.9,3.56,0,47.4,14.89
R06,BUS005,12,3,13,0,0,20.4,1096.5,1.02,0,22.4,3.86
R06,BUS024,11,2,21,0,0,21.7,3155.9,1.36,0,26.0,9.93
R04,BUS001,5,0,17,0,1,14.7,1864.9,6.76,0,66.1,10.6
R02,BUS007,1,4,22,0,0,30.2,3064.3,2.0,0,33.6,6.36
R01,BUS009,8,6,7,1,0,37.8,2016.2,1.62,1,45.8,4.4
R02,BUS011,6,6,20,1,0,20.1,2630.4,0.52,0,5.0,8.0
R02,BUS010,6,3,16,0,0,22.6,1896.5,2.71,0,28.3,6.93
R01,BUS019,12,2,11,0,0,22.7,2433.7,0.97,0,42.6,6.56
R06,BUS006,2,4,22,0,0,22.9,1221.9,1.85,0,34.6,3.48
R01,BUS007,8,1,8,0,1,10.0,495.6,5.75,1,47.9,6.04
R06,BUS004,8,2,7,0,0,16.3,2840.5,0.79,0,42.4,11.0
R06,BUS013,11,5,21,1,0,31.2,803.5,0.48,2,24.5,4.16
R04,BUS011,11,1,19,0,1,15.0,652.3,5.24,2,82.1,8.2
R02,BUS001,9,5,20,1,0,37.0,2078.7,1.62,0,61.6,4.25
R03,BUS008,11,4,11,0,0,19.8,1178.3,1.62,0,7.9,4.51
R05,BUS011,6,4,18,0,1,16.4,2760.4,5.54,0,80.5,12.58
R05,BUS017,4,0,22,0,0,22.5,1944.7,1.24,0,8.9,5.35
R02,BUS015,10,2,20,0,1,12.9,3496.9,4.84,0,111.4,17.32
R05,BUS009,11,4,11,0,0,18.7,2933.0,1.66,0,28.9,9.7
R06,BUS005,7,3,6,0,0,24.3,3399.3,0.0,0,31.4,7.65
R06,BUS003,8,4,15,0,0,27.4,281.3,2.25,1,55.0,3.06
R03,BUS003,12,6,5,1,0,25.3,3209.0,1.44,0,43.1,8.71
R02,BUS005,9,1,6,0,0,23.0,1747.8,1.99,0,23.8,5.38
R06,BUS016,1,2,14,0,0,24.9,2384.0,2.08,0,29.9,6.49
R05,BUS015,11,0,20,0,1,6.9,2172.4,3.22,0,79.9,20.5
R02,BUS006,9,2,12,0,0,15.2,1002.5,1.68,0,31.8,5.34
R01,BUS016,9,6,14,1,0,25.5,2122.0,1.1,0,36.9,5.06
R05,BUS016,6,3,20,0,1,11.8,2090.1,5.79,0,41.7,13.34
R02,BUS019,1,2,12,0,0,16.7,2647.6,2.0,0,47.8,10.56
R01,BUS023,10,1,7,0,0,27.4,2187.4,0.94,0,51.0,5.5
R06,BUS005,4,6,20,1,0,27.8,1189.8,1.23,0,44.8,3.47
R06,BUS012,10,4,5,0,0,18.6,248.3,0.99,1,41.8,1.78
R01,BUS002,11,0,19,0,1,7.3,1828.2,4.77,1,72.3,16.92
R04,BUS020,2,4,8,0,1,3.3,827.8,6.44,0,57.1,18.24
R01,BUS016,10,2,5,0,0,15.1,553.8,0.0,0,37.4,2.93
R04,BUS004,4,4,22,0,0,24.5,1368.4,3.16,0,50.5,5.5
R05,BUS022,10,4,21,0,0,28.1,3140.2,1.7,2,42.5,8.86
R06,BUS014,11,0,7,0,0,17.5,946.7,0.91,1,31.8,5.15
R05,BUS007,7,3,7,0,0,21.4,2092.3,0.77,1,27.8,8.3
R02,BUS009,9,4,22,0,0,26.4,2579.5,0.73,0,56.7,5.3
R01,BUS017,12,6,20,1,0,32.1,3286.9,1.63,0,32.7,6.35
R01,BUS020,5,3,6,0,0,19.0,2823.9,1.26,0,28.3,10.12
R06,BUS009,10,1,7,0,0,16.1,2278.0,1.26,2,26.5,11.49
R05,BUS022,9,3,16,0,0,18.0,2795.5,0.65,0,37.4,9.2
R03,BUS002,5,5,11,1,0,19.5,621.8,2.06,0,49.5,2.95
R06,BUS011,12,1,21,0,0,30.6,3125.8,0.32,0,18.6,6.1
R04,BUS014,12,5,22,1,0,30.1,1339.4,0.6,1,49.1,4.41
R03,BUS015,8,2,12,0,0,27.1,2286.0,0.0,0,47.5,5.57
R01,BUS019,5,2,5,0,0,23.8,969.0,2.51,0,44.6,2.66
R05,BUS017,10,4,19,0,1,11.6,3061.1,6.56,0,72.8,17.73
R05,BUS007,1,1,20,0,1,17.3,1803.4,5.1,1,91.2,8.81
R03,BUS009,8,3,14,0,0,18.5,469.5,0.86,1,18.9,0.81
R04,BUS003,6,2,20,0,1,15.0,1440.2,4.36,0,54.6,7.92
R04,BUS002,9,4,6,0,0,24.8,2544.4,0.0,0,44.8,5.18
R03,BUS018,7,0,16,0,0,26.1,2338.5,0.73,1,50.5,7.36
R02,BUS012,9,1,9,0,1,17.6,1019.3,5.9,0,53.1,5.26
R04,BUS010,9,2,20,0,1,13.7,3102.0,5.19,0,60.6,15.82
R03,BUS014,9,0,7,0,0,23.3,2289.2,2.15,0,36.0,6.07
R04,BUS004,12,4,21,0,0,24.5,3195.6,1.94,0,41.1,8.82
R01,BUS021,11,4,7,0,0,23.9,2072.6,1.42,0,38.4,5.74
R04,BUS011,7,0,6,0,0,13.6,2514.5,2.34,2,39.2,14.35
R05,BUS006,4,1,6,0,0,18.8,2726.3,0.65,1,52.0,9.78
R03,BUS012,9,0,7,0,0,23.0,1910.6,0.98,0,42.8,5.67
R05,BUS020,5,5,5,1,0,38.0,637.2,3.12,0,51.6,2.1
R01,BUS014,8,6,16,1,0,25.3,625.4,1.74,0,52.8,1.83
R04,BUS017,5,5,20,1,0,29.3,2555.1,2.32,0,17.3,6.01
R02,BUS023,5,5,19,1,0,31.2,1870.3,1.52,0,51.2,4.01
R05,BUS018,7,5,18,1,0,38.7,382.9,2.55,1,41.0,2.49
R06,BUS003,8,4,6,0,0,20.7,1302.4,1.18,1,21.7,4.68
R05,BUS017,7,2,20,0,1,11.0,2020.7,3.36,2,44.1,13.94
R01,BUS006,8,2,6,0,0,16.1,452.9,2.09,0,50.0,1.95
R05,BUS006,2,6,19,1,0,30.8,1726.6,2.27,0,30.8,5.03
R03,BUS010,1,5,12,1,0,35.9,973.4,1.95,0,34.8,2.93
R03,BUS008,4,5,14,1,0,26.9,1942.6,1.37,0,36.7,4.94
R04,BUS023,3,3,19,0,1,19.4,1139.4,4.48,0,62.0,4.79
R02,BUS006,7,2,15,0,0,23.6,1755.4,1.12,0,33.9,4.69
R01,BUS003,11,6,16,1,0,32.4,1982.7,2.26,0,30.9,4.74
R04,BUS018,7,4,9,0,1,3.7,1040.4,4.75,2,67.2,20.46
R01,BUS011,2,5,18,1,0,25.7,2053.3,1.11,0,14.9,5.5
R06,BUS014,12,5,21,1,0,24.4,251.8,1.3,0,35.8,1.72
R02,BUS003,4,4,14,0,0,16.9,1053.2,0.15,0,19.0,3.79
R04,BUS004,5,0,21,0,0,35.5,1084.2,2.16,0,25.9,3.43
R04,BUS007,7,3,18,0,1,14.2,782.3,3.22,0,65.0,4.49
R02,BUS020,3,3,15,0,0,30.0,1584.3,0.65,0,45.9,2.9
R01,BUS016,3,1,13,0,0,25.3,750.4,2.21,0,15.6,2.58
R03,BUS008,10,6,8,1,0,35.7,2014.6,2.4,1,29.5,4.93
R06,BUS022,3,4,13,0,0,20.1,1724.7,2.2,1,37.6,7.04
R02,BUS001,10,1,16,0,0,18.3,2354.0,0.43,1,42.3,8.37
R03,BUS001,11,3,5,0,0,17.7,1666.7,1.56,0,18.8,6.9
R06,BUS023,8,1,18,0,1,9.7,258.5,5.33,0,60.0,3.73
R02,BUS015,12,6,21,1,0,36.8,3132.5,1.4,0,18.7,5.33
R05,BUS021,10,4,9,0,1,14.8,296.7,6.91,0,55.0,3.83
R02,BUS009,1,0,7,0,0,20.2,2452.6,1.9,2,13.1,9.62
R05,BUS014,7,0,8,0,1,11.1,3171.0,5.24,0,82.4,19.54
R04,BUS016,7,5,15,1,0,30.1,2503.0,1.08,0,43.8,5.38
R02,BUS013,7,6,8,1,0,28.5,3000.0,2.22,0,46.8,6.82
R01,BUS020,10,3,9,0,1,16.9,1316.6,5.43,2,68.5,9.39
R04,BUS011,9,2,7,0,0,22.3,3143.8,2.9,2,46.1,11.31
R06,BUS008,1,3,5,0,0,11.6,2488.2,1.48,0,41.4,13.96
R03,BUS018,4,0,20,0,1,9.1,3132.4,4.1,0,79.1,22.06
R01,BUS015,9,6,14,1,0,31.7,3123.5,2.19,1,43.3,7.34
R04,BUS003,2,5,9,1,0,24.1,3327.0,2.21,0,38.0,9.23
R01,BUS012,5,3,10,0,1,10.0,2055.1,5.11,0,39.0,14.51
R03,BUS020,3,5,11,1,0,19.5,675.2,1.05,0,35.0,2.18
R06,BUS003,11,5,6,1,0,31.5,3440.3,1.78,1,63.4,7.94
R05,BUS012,11,2,21,0,0,27.1,2729.0,1.9,0,35.5,7.29
R06,BUS012,5,2,7,0,0,21.8,1792.2,0.38,2,16.5,5.95
R01,BUS017,12,4,14,0,0,19.1,2529.8,0.39,0,31.9,8.65
R02,BUS017,7,0,11,0,0,24.9,1765.7,2.03,1,41.5,6.32
R01,BUS012,2,6,15,1,0,30.9,1878.0,1.14,0,24.6,3.71
R02,BUS016,7,4,9,0,1,18.1,3495.3,4.67,0,77.0,12.75
R05,BUS011,7,1,8,0,1,13.8,822.0,3.6,0,67.1,6.76
R02,BUS010,12,2,5,0,0,12.6,1247.1,1.38,0,44.4,6.28
R01,BUS022,9,1,9,0,1,13.7,826.8,5.06,0,83.4,5.17
R04,BUS001,8,3,21,0,0,24.3,457.0,1.68,0,50.6,0.63
R01,BUS019,1,1,19,0,1,3.0,3083.5,5.07,0,50.3,64.3
R05,BUS014,8,2,19,0,1,4.3,2233.6,4.7,1,63.2,34.34
R05,BUS023,4,2,6,0,0,22.5,585.3,0.64,1,46.4,2.33
R02,BUS013,5,5,5,1,0,23.8,536.1,2.01,0,61.8,2.16
R06,BUS006,6,2,14,0,0,21.0,2731.7,1.04,0,54.4,8.07
R01,BUS013,2,0,13,0,0,18.0,3192.7,1.63,0,46.3,11.69
R06,BUS003,8,6,15,1,0,32.1,1555.0,1.84,0,29.0,4.13
R02,BUS008,4,1,15,0,0,17.9,1028.9,1.18,0,10.6,5.13
R02,BUS021,4,4,8,0,1,11.4,1295.6,5.37,0,81.4,8.64
R05,BUS011,8,3,17,0,1,18.3,2204.7,5.05,0,73.6,9.03
R03,BUS019,3,2,9,0,1,7.6,1947.6,4.37,0,74.1,16.77
R02,BUS014,12,6,14,1,0,36.1,2850.6,1.83,0,51.8,5.16
R02,BUS017,8,6,11,1,0,26.1,1450.6,0.01,1,36.2,4.54
R04,BUS008,4,0,13,0,0,19.8,1647.6,1.24,0,42.1,5.01
R05,BUS016,1,2,9,0,1,19.6,3133.2,5.29,0,81.9,11.8
R04,BUS018,11,0,14,0,0,23.1,1337.2,0.54,1,37.6,3.86
R01,BUS007,10,0,14,0,0,14.0,2441.3,0.94,0,26.9,10.69
R04,BUS009,6,6,6,1,0,23.0,3497.4,0.72,0,27.3,8.93
R01,BUS014,4,3,19,0,1,14.4,1072.2,3.52,1,66.9,6.3
R03,BUS008,6,1,9,0,1,12.9,1696.3,3.24,0,82.0,8.64
R02,BUS023,9,1,18,0,1,19.1,3006.9,5.16,0,40.5,10.97
R01,BUS023,11,0,21,0,0,31.3,525.7,2.43,0,56.9,2.09
R01,BUS015,9,1,12,0,0,27.4,1301.2,0.93,0,18.6,3.18
R04,BUS004,6,1,7,0,0,34.9,2542.3,0.0,2,27.1,6.69
R02,BUS016,12,0,12,0,0,22.1,3274.1,0.79,1,55.3,9.05
R05,BUS011,4,3,22,0,0,15.3,750.9,0.0,0,51.4,2.06
R06,BUS008,11,6,14,1,0,23.7,1956.8,0.24,0,43.0,5.1
R03,BUS009,5,5,6,1,0,21.3,3024.6,1.27,0,23.5,9.55
R01,BUS001,9,1,8,0,1,11.7,1736.1,4.06,0,18.9,10.99
R03,BUS018,4,6,18,1,0,20.7,1822.7,1.16,0,36.6,5.54
R03,BUS012,6,0,8,0,1,13.8,2846.3,5.95,0,54.5,14.18
R03,BUS020,8,3,16,0,0,25.4,2230.6,1.39,0,39.8,4.98
R04,BUS011,9,3,16,0,0,25.4,1129.9,1.84,0,16.5,3.43
R03,BUS017,10,3,6,0,0,26.8,1843.2,1.03,1,30.1,5.36
R01,BUS017,8,5,17,1,0,29.6,2546.0,1.34,0,50.0,5.65
R06,BUS016,11,4,21,0,0,22.2,2518.7,1.98,0,37.0,7.86
R04,BUS023,1,4,19,0,1,15.7,1753.7,3.98,0,83.1,6.95
R03,BUS020,6,0,6,0,0,17.6,1878.7,2.56,0,50.8,7.38
R05,BUS008,6,4,19,0,1,10.6,1350.9,5.39,1,49.2,9.19
R02,BUS017,7,6,5,1,0,30.2,328.0,1.17,1,16.4,0.97
R03,BUS015,5,6,16,1,0,29.8,2430.4,0.59,0,31.5,5.33
R04,BUS001,2,6,13,1,0,24.4,2511.5,1.37,0,46.4,5.92
R05,BUS012,11,3,22,0,0,25.0,3489.5,0.26,0,38.4,8.17
R01,BUS014,1,0,12,0,0,20.5,2937.1,0.0,0,49.9,8.54
R02,BUS014,1,1,20,0,1,12.0,250.1,3.63,0,35.2,2.34
R02,BUS002,11,1,7,0,0,21.1,1921.8,1.52,0,20.1,4.68
R02,BUS019,8,4,15,0,0,19.2,2241.3,1.3,0,38.4,7.83
R01,BUS012,10,6,9,1,0,20.8,2957.4,2.05,0,31.8,9.93
R06,BUS005,7,2,22,0,0,24.2,2471.7,1.09,0,25.1,6.77
R05,BUS008,12,5,5,1,0,23.3,432.5,0.55,1,30.2,1.02
R06,BUS007,7,5,14,1,0,32.3,3228.6,2.09,0,73.2,6.23
R02,BUS003,8,5,17,1,0,33.2,454.6,0.46,0,47.4,0.66
R06,BUS019,11,5,19,1,0,33.0,2612.1,0.78,0,35.0,5.74
R03,BUS009,11,4,10,0,1,15.9,2695.6,4.78,1,81.4,12.51
R02,BUS019,8,1,17,0,1,11.2,3472.6,5.53,0,57.7,19.95
R05,BUS004,10,0,7,0,0,22.2,2155.5,0.0,0,25.4,7.52
R06,BUS001,7,2,8,0,1,13.4,632.6,5.41,0,49.9,5.03
R01,BUS019,5,6,11,1,0,31.2,2709.0,1.41,1,40.9,6.82
R03,BUS011,5,0,21,0,0,19.3,3294.4,1.2,0,33.4,11.09
R01,BUS007,12,1,13,0,0,17.1,3129.1,1.21,0,42.5,11.07
R02,BUS024,7,3,22,0,0,35.8,2494.9,0.26,0,25.5,3.16
R03,BUS018,6,2,14,0,0,18.7,1503.3,2.37,1,9.3,5.98
R06,BUS005,11,1,18,0,1,10.8,1670.6,6.51,1,66.1,13.26
R01,BUS017,8,0,19,0,1,15.2,2030.9,4.92,0,67.7,9.65
R02,BUS010,3,0,15,0,0,17.5,1401.6,1.77,0,43.6,5.31
R04,BUS020,2,2,15,0,0,22.1,1182.0,1.91,0,26.2,3.86
R05,BUS022,2,0,13,0,0,14.2,1011.8,3.77,0,45.5,5.28
R03,BUS012,9,2,17,0,1,14.1,385.6,4.07,1,51.0,2.9
R03,BUS003,9,5,15,1,0,38.0,2765.2,2.13,0,38.4,4.9
R01,BUS013,10,5,5,1,0,21.8,2360.7,1.14,0,36.9,6.88
R03,BUS016,11,1,14,0,0,23.1,2289.8,0.83,0,35.8,5.79
R04,BUS013,3,6,13,1,0,35.7,2456.8,1.51,1,62.9,6.23
R01,BUS014,11,0,11,0,0,13.2,2344.6,1.73,0,18.5,11.84
R02,BUS017,12,6,9,1,0,22.1,2130.8,4.38,0,5.8,7.0
R01,BUS021,3,4,22,0,0,17.3,3051.1,1.01,0,19.8,12.24
R04,BUS021,4,2,8,0,1,15.4,1939.6,5.52,0,60.8,8.99
R03,BUS012,1,2,7,0,0,18.3,895.3,0.76,0,25.5,3.36
R06,BUS018,11,0,20,0,1,7.5,2536.2,5.3,0,66.4,21.8
R01,BUS003,6,2,13,0,0,21.6,510.2,1.66,2,40.2,4.73
R03,BUS014,12,0,17,0,1,15.4,3066.0,5.27,0,50.2,13.3
R01,BUS016,1,4,14,0,0,20.9,662.5,1.52,0,35.4,2.48
R03,BUS023,1,1,5,0,0,17.5,2883.4,1.92,0,42.1,9.86
R01,BUS005,1,3,12,0,0,24.4,1536.0,1.51,0,25.4,4.79
R01,BUS004,7,5,5,1,0,33.9,3270.5,1.82,0,46.2,6.11
R03,BUS019,10,0,14,0,0,17.8,2049.2,2.56,0,53.7,9.27
R05,BUS002,7,6,19,1,0,25.3,690.5,0.0,0,42.4,1.36
R05,BUS009,9,0,5,0,0,22.7,402.0,1.52,0,45.5,1.35
R03,BUS023,3,1,8,0,1,7.3,3023.4,5.17,0,41.8,27.07
R02,BUS024,3,4,11,0,0,26.9,2578.0,1.5,1,33.4,6.87
R04,BUS024,1,1,20,0,1,15.2,227.6,4.04,0,68.6,2.81
R03,BUS021,6,0,13,0,0,32.0,596.5,1.81,0,37.5,2.89
R01,BUS012,6,0,9,0,1,17.8,2592.2,4.02,0,78.0,10.45
R02,BUS007,6,0,11,0,0,25.2,2188.3,1.23,1,26.5,6.43
R05,BUS016,12,0,9,0,1,18.4,3405.0,4.85,0,72.2,12.53
R01,BUS022,2,3,13,0,0,23.2,1653.4,1.82,0,10.5,5.58
R03,BUS005,3,6,11,1,0,25.2,1277.9,1.62,0,5.5,3.34
R02,BUS023,5,4,21,0,0,18.9,1898.1,0.68,0,47.3,6.79
R04,BUS021,9,2,11,0,0,19.6,2596.4,2.16,0,33.7,8.83
R05,BUS002,10,4,19,0,1,11.9,2724.1,4.23,2,65.1,17.63
R02,BUS001,5,4,5,0,0,22.2,376.3,2.08,0,21.4,1.83
R02,BUS011,11,0,10,0,1,20.4,2572.7,5.37,0,68.1,10.3
R01,BUS009,11,2,17,0,1,8.9,2475.5,4.28,2,76.1,21.17
R06,BUS008,4,6,19,1,0,26.2,221.5,1.49,0,24.8,0.3
R06,BUS022,10,6,9,1,0,24.0,677.1,1.85,0,33.1,2.07
R01,BUS008,6,4,6,0,0,21.2,661.1,0.8,1,59.7,4.47
R04,BUS011,8,0,6,0,0,25.5,489.0,1.68,0,26.2,1.96
R04,BUS005,8,1,22,0,0,24.7,2178.1,0.92,0,20.7,5.93
R01,BUS004,9,6,10,1,0,23.8,1015.8,2.21,1,33.3,4.28
R05,BUS023,11,3,11,0,0,17.9,2261.5,0.34,0,35.5,8.81
R05,BUS022,1,4,20,0,1,17.0,3248.4,4.35,0,59.0,14.15
R02,BUS002,6,3,16,0,0,21.9,242.9,2.05,0,54.9,2.81
R04,BUS001,4,1,7,0,0,19.8,3282.0,1.21,1,20.2,11.52
R01,BUS016,8,4,13,0,0,17.0,2412.8,0.28,2,35.6,9.64
R03,BUS003,10,0,11,0,0,21.2,386.5,0.77,0,9.9,1.47
R01,BUS007,11,2,22,0,0,29.9,1457.8,1.01,0,45.7,2.18
R01,BUS016,4,1,8,0,1,22.3,318.0,5.29,0,28.1,2.49
R03,BUS013,3,2,6,0,0,19.7,2444.8,1.96,1,39.8,8.48
R04,BUS008,3,2,9,0,1,8.3,1589.7,4.62,0,42.9,13.95
R04,BUS010,2,1,8,0,1,14.4,1380.9,5.78,0,47.6,9.02
R04,BUS020,6,5,15,1,0,42.0,509.6,1.94,0,24.1,2.37
R02,BUS015,5,5,20,1,0,26.2,2924.3,1.35,0,49.4,7.21
R06,BUS009,12,6,7,1,0,24.4,2104.2,0.8,1,39.4,6.03
R04,BUS015,11,5,15,1,0,32.0,1973.7,0.6,0,31.8,3.38
R01,BUS007,12,6,21,1,0,25.0,1060.2,1.9,1,42.6,4.9
R06,BUS001,7,2,17,0,1,12.5,2131.4,3.24,0,76.4,11.69
R01,BUS017,1,3,17,0,1,15.1,2262.3,5.11,0,56.0,11.12
R03,BUS006,2,6,11,1,0,24.1,696.0,1.19,0,29.0,2.26
R05,BUS019,10,4,7,0,0,16.0,3189.3,1.55,1,47.2,13.87
R06,BUS005,3,2,12,0,0,11.9,1222.1,1.34,1,50.1,6.68
R01,BUS022,5,3,15,0,0,20.3,1239.0,1.03,0,48.2,4.02
R04,BUS018,10,2,21,0,0,12.3,3244.5,2.28,1,47.9,16.84
R03,BUS002,9,5,8,1,0,30.7,2982.0,0.0,0,49.2,5.45
R06,BUS010,12,4,14,0,0,24.0,1843.0,1.87,0,27.6,4.51
R05,BUS020,8,6,10,1,0,20.2,396.3,2.64,1,24.0,3.51
R06,BUS010,11,3,11,0,0,19.8,3433.1,2.95,0,32.8,11.48
R04,BUS013,12,0,10,0,1,8.5,804.6,5.92,1,62.3,8.19
R03,BUS021,5,0,6,0,0,19.0,1787.7,0.0,0,5.3,4.75
R02,BUS002,7,0,6,0,0,25.8,2610.4,1.55,2,53.5,8.32
R02,BUS004,9,3,20,0,1,18.5,1950.6,4.79,0,55.3,7.45
R04,BUS006,10,2,7,0,0,20.7,474.0,0.43,0,27.3,1.47
R04,BUS007,10,2,8,0,1,14.0,2649.6,6.25,0,41.1,13.46
R01,BUS019,6,0,20,0,1,10.5,1157.0,5.24,0,59.5,9.01
R01,BUS012,2,5,9,1,0,26.0,1768.5,1.76,0,58.0,5.34
R03,BUS010,10,4,14,0,0,22.3,1529.2,1.08,0,29.8,4.14
R03,BUS015,9,2,22,0,0,19.2,2918.5,1.91,0,13.7,8.88
R03,BUS021,3,1,21,0,0,14.6,1787.1,0.43,0,25.6,8.61
R03,BUS001,4,3,22,0,0,25.7,856.3,0.54,1,29.0,3.4
R03,BUS019,5,1,16,0,0,10.7,692.6,1.77,1,10.5,4.72
R06,BUS017,6,4,20,0,1,12.5,417.4,3.98,1,87.7,3.67
R06,BUS017,1,6,6,1,0,24.1,3087.3,2.6,0,39.6,8.82
R05,BUS022,2,6,17,1,0,31.5,3162.7,0.0,0,38.6,5.43
R06,BUS020,8,4,11,0,0,17.7,2829.9,1.65,0,49.4,10.65
R04,BUS022,2,2,21,0,0,28.2,1282.6,2.19,0,19.1,4.44
R05,BUS005,3,6,7,1,0,33.3,2832.7,1.29,0,35.7,5.75
R05,BUS024,11,1,16,0,0,15.9,272.6,2.64,0,19.4,2.86
R06,BUS011,7,4,14,0,0,16.9,3122.8,1.86,0,39.7,11.21
R02,BUS013,8,0,11,0,0,26.5,3082.7,0.11,1,29.9,7.75
R05,BUS012,5,1,22,0,0,22.2,2789.0,0.78,1,20.4,9.0
R05,BUS007,10,0,19,0,1,19.8,611.5,5.38,2,76.2,6.4
R02,BUS018,10,4,22,0,0,21.1,3321.1,2.02,0,43.4,9.03
R05,BUS021,3,4,20,0,1,17.6,2524.1,5.1,0,60.8,9.89
R05,BUS013,10,1,8,0,1,3.0,3305.2,4.13,1,68.3,69.28
R03,BUS016,7,1,5,0,0,32.7,2684.9,1.12,1,14.3,6.26
R06,BUS019,11,0,10,0,1,19.8,1941.8,5.72,0,54.4,8.12
R05,BUS020,9,6,22,1,0,22.3,2116.4,1.19,0,8.5,7.21
R02,BUS013,8,2,16,0,0,31.4,2937.9,2.05,0,31.1,5.33
R06,BUS007,6,2,8,0,1,14.5,779.5,4.45,0,77.7,4.64
R05,BUS021,6,1,17,0,1,18.2,2992.7,4.64,1,54.4,12.4
R04,BUS006,11,0,8,0,1,11.4,3436.1,3.36,0,87.7,19.68
R03,BUS005,4,5,19,1,0,24.5,1583.0,2.19,0,5.0,4.7
R05,BUS003,4,6,19,1,0,19.7,437.0,1.74,0,18.9,1.55
R02,BUS007,8,0,17,0,1,15.5,3318.4,4.24,0,63.3,14.72
R05,BUS008,1,5,18,1,0,26.0,3485.5,0.23,0,24.2,7.58
R04,BUS020,8,2,5,0,0,20.3,2780.4,0.63,0,32.1,7.91
R04,BUS013,11,3,9,0,1,7.7,501.9,5.07,0,60.3,6.1
R05,BUS001,4,1,8,0,1,14.6,1607.6,5.86,0,68.2,9.28
R03,BUS006,1,4,21,0,0,28.6,812.2,2.25,0,18.1,2.11
R01,BUS021,2,2,19,0,1,5.1,2992.4,3.88,0,83.2,35.32
R01,BUS004,5,6,12,1,0,26.9,3396.5,0.85,0,17.9,8.07
R04,BUS014,4,4,6,0,0,30.7,3097.8,2.19,1,19.0,8.68
R06,BUS016,4,6,18,1,0,27.4,2990.8,1.8,0,5.4,7.79
R04,BUS023,9,4,13,0,0,21.8,2365.3,2.33,0,9.3,7.21
R01,BUS022,4,6,6,1,0,33.9,1126.3,0.48,0,27.1,1.92
R03,BUS009,4,6,21,1,0,29.9,2855.3,1.11,1,6.4,7.15
R04,BUS003,6,3,17,0,1,20.8,2643.0,6.98,0,97.0,10.59
R02,BUS021,10,6,14,1,0,39.5,3102.0,1.33,0,16.8,5.22
R01,BUS015,7,4,5,0,0,20.9,2086.4,2.16,2,36.1,9.83
R06,BUS021,1,3,15,0,0,24.2,2121.8,1.89,0,28.1,5.06
R06,BUS015,10,5,5,1,0,31.2,1990.4,1.56,0,30.5,4.95
R05,BUS005,4,4,13,0,0,11.6,1969.4,0.09,0,21.3,10.64
R03,BUS012,3,1,16,0,0,21.3,1848.5,0.72,0,31.6,6.01
R02,BUS013,2,2,10,0,1,15.9,227.1,4.18,0,109.4,3.01
R03,BUS007,7,6,14,1,0,26.5,2160.0,0.64,1,31.1,6.46
R02,BUS019,4,5,9,1,0,25.8,2200.5,1.52,1,18.2,5.08
R01,BUS010,6,5,5,1,0,36.5,1066.7,1.52,0,37.3,2.19
R02,BUS012,12,1,20,0,1,21.7,1607.8,5.21,1,35.2,7.25
R05,BUS002,12,0,16,0,0,29.5,2946.2,2.4,0,21.7,8.06
R03,BUS008,10,3,12,0,0,8.1,1129.5,0.67,0,9.7,8.28
R03,BUS023,2,4,16,0,0,15.8,1865.6,1.86,0,28.8,8.15
R01,BUS022,7,6,15,1,0,26.2,2853.6,1.73,0,27.1,6.8
R03,BUS022,6,3,10,0,1,11.3,617.0,5.93,0,58.5,6.13
R05,BUS019,8,6,14,1,0,29.3,2616.4,1.0,1,27.6,7.54
R02,BUS020,2,0,16,0,0,23.2,1052.3,1.49,0,30.7,4.01
R05,BUS009,8,1,20,0,1,18.4,870.1,4.75,0,84.5,5.31
R05,BUS015,4,6,20,1,0,26.2,1329.5,2.06,0,19.7,2.91
R01,BUS021,3,3,10,0,1,24.7,1888.1,5.08,1,66.5,7.01
R02,BUS004,9,1,8,0,1,14.8,2617.1,5.43,0,57.8,12.76
R01,BUS024,12,5,18,1,0,37.2,3482.0,0.41,0,11.5,5.62
R02,BUS008,6,3,18,0,1,12.2,2587.9,5.4,0,80.1,15.73
R05,BUS012,2,4,11,0,0,16.4,3251.3,0.31,0,14.0,13.27
R01,BUS001,12,1,10,0,1,6.3,401.0,3.91,0,47.4,5.16
R04,BUS007,4,0,13,0,0,22.2,371.2,2.06,0,28.2,1.25
R04,BUS020,2,2,20,0,1,19.4,2268.4,6.15,0,71.6,9.67
R02,BUS008,1,0,16,0,0,26.9,1664.5,3.55,0,52.1,5.37
R06,BUS011,1,1,18,0,1,8.5,741.8,4.57,0,80.7,8.03
R06,BUS020,8,4,12,0,0,20.1,1484.6,0.0,0,46.5,4.18
R06,BUS005,12,1,5,0,0,12.5,1106.0,2.12,0,49.5,6.4
R02,BUS010,7,5,19,1,0,26.6,1914.4,1.48,0,49.8,5.95
R06,BUS022,11,6,21,1,0,20.3,2438.8,2.75,0,42.8,7.78
R04,BUS022,7,3,17,0,1,19.2,2691.1,6.12,0,73.4,10.76
R02,BUS021,1,2,5,0,0,25.1,2319.7,3.0,0,26.9,7.49
R04,BUS005,2,6,16,1,0,38.0,2592.2,0.71,0,45.1,3.35
R03,BUS005,7,0,10,0,1,22.2,3260.8,4.57,1,67.2,11.26
R06,BUS001,3,6,14,1,0,27.8,1099.4,2.37,0,5.0,3.53
R04,BUS024,6,5,11,1,0,29.8,612.8,0.25,0,5.0,1.61
R06,BUS017,6,4,16,0,0,19.8,898.7,0.83,2,30.5,4.06
R03,BUS022,10,4,8,0,1,13.2,3472.6,5.37,0,50.9,17.11
R06,BUS023,7,2,11,0,0,25.0,3316.0,2.12,0,41.4,8.55
R06,BUS013,12,6,13,1,0,28.5,3030.3,0.11,0,49.7,6.7
R02,BUS016,12,6,19,1,0,25.0,2584.6,0.62,0,52.5,5.99
R02,BUS013,5,0,17,0,1,12.5,3018.3,4.92,0,79.6,16.61
R05,BUS020,12,0,8,0,1,9.1,2746.2,5.07,0,57.1,19.48
R01,BUS013,1,5,9,1,0,32.5,1827.2,0.67,1,50.3,5.6
R04,BUS019,11,6,16,1,0,21.2,1026.9,0.0,1,44.4,4.63
R02,BUS024,7,3,21,0,0,22.7,1007.2,2.84,0,39.2,4.69
R02,BUS023,2,4,22,0,0,33.9,3297.9,2.17,0,41.6,6.06
R06,BUS009,5,4,6,0,0,21.0,1995.8,3.99,0,15.7,7.29
R03,BUS010,5,0,21,0,0,17.2,992.2,1.61,1,18.2,4.46
R03,BUS010,1,2,15,0,0,20.0,1350.1,1.0,0,55.6,5.44
R05,BUS015,3,4,20,0,1,12.2,357.7,4.66,0,58.0,4.81
R03,BUS013,5,0,17,0,1,13.5,3448.0,6.02,0,64.0,18.47
R06,BUS024,12,5,20,1,0,31.2,2439.2,1.58,0,26.2,6.79
R03,BUS017,5,5,22,1,0,27.0,2512.7,2.03,0,56.0,6.55
R03,BUS019,11,5,7,1,0,28.9,3205.6,0.83,0,42.2,6.82
R03,BUS011,12,2,10,0,1,11.8,1679.6,4.72,0,53.4,10.86
R03,BUS010,8,2,12,0,0,22.0,262.3,0.74,0,53.7,0.38
R03,BUS015,6,3,18,0,1,3.0,3219.1,4.49,0,62.7,66.14
R04,BUS023,12,4,19,0,1,11.2,2863.7,6.02,2,51.7,19.23
R05,BUS015,11,2,14,0,0,16.7,2289.8,0.72,0,19.9,7.84
R05,BUS007,7,5,9,1,0,28.2,2874.7,1.6,0,54.6,6.79
R06,BUS016,10,0,8,0,1,11.2,2324.1,6.86,0,102.0,14.54
R06,BUS005,6,5,7,1,0,26.6,3313.3,1.13,0,35.3,8.65
R05,BUS002,12,5,21,1,0,23.8,1510.9,0.47,0,48.4,4.07
R05,BUS011,8,6,21,1,0,21.6,3326.9,0.91,0,39.4,9.6
R03,BUS022,1,5,11,1,0,26.6,788.2,2.06,0,36.0,3.14
R01,BUS005,5,4,10,0,1,21.9,1225.0,4.64,0,72.0,5.58
R02,BUS016,11,2,8,0,1,10.1,3103.5,3.7,0,42.6,20.12
R01,BUS021,10,0,16,0,0,18.0,792.7,1.98,0,61.9,3.67
R04,BUS019,2,6,6,1,0,29.9,2858.4,2.59,1,47.2,6.89
R06,BUS018,4,6,21,1,0,25.5,788.3,1.6,1,43.2,3.87
R02,BUS007,5,4,9,0,1,15.0,2575.0,4.4,0,68.5,13.0
R04,BUS024,7,2,14,0,0,20.6,795.2,1.05,0,23.2,2.85
R06,BUS020,1,0,14,0,0,23.4,1207.6,2.12,1,37.9,4.57
R05,BUS024,7,1,21,0,0,26.9,3447.8,3.15,0,40.2,8.84
R03,BUS011,6,0,20,0,1,10.4,1177.9,5.61,0,52.7,9.36
R02,BUS014,7,5,17,1,0,22.1,347.1,0.58,0,19.9,1.39
R03,BUS024,12,4,14,0,0,23.8,1454.6,2.17,0,33.6,5.57
R04,BUS017,9,5,17,1,0,16.8,3200.6,1.66,0,45.6,12.3
R04,BUS006,11,4,20,0,1,13.2,1508.0,4.46,0,51.0,8.92
R01,BUS013,3,5,19,1,0,28.1,218.6,0.0,0,19.1,0.3
R03,BUS005,1,6,10,1,0,36.6,1611.4,1.6,0,32.2,3.67
R06,BUS015,7,5,22,1,0,24.7,330.1,1.6,2,28.5,2.97
R01,BUS017,11,3,14,0,0,17.5,2319.6,0.93,0,42.9,8.32
R03,BUS022,5,1,17,0,1,13.3,3139.7,5.47,1,42.7,15.87
R01,BUS014,9,6,20,1,0,25.4,2157.4,0.64,0,5.0,5.12
R05,BUS023,7,5,14,1,0,29.5,2928.8,1.04,0,41.5,6.26
R05,BUS001,10,3,14,0,0,27.9,2500.4,1.75,0,40.1,7.23
R06,BUS012,10,0,8,0,1,12.6,1837.4,5.95,0,42.0,10.45
R02,BUS015,1,5,14,1,0,27.4,716.9,1.94,0,24.3,2.27
R03,BUS022,4,5,12,1,0,20.5,2377.3,1.27,0,23.1,7.75
R06,BUS021,10,2,17,0,1,19.9,3201.2,5.08,0,31.4,11.59
R02,BUS004,3,3,11,0,0,16.8,2632.9,2.15,1,41.3,11.5
R06,BUS024,7,3,19,0,1,13.2,1754.0,5.59,0,60.2,11.01
R01,BUS004,8,2,9,0,1,16.0,2471.6,4.8,0,84.0,11.45
R03,BUS024,8,0,12,0,0,20.4,1261.5,0.74,0,37.4,4.9
R05,BUS021,5,6,5,1,0,24.0,734.3,0.91,0,44.7,2.25
R04,BUS007,10,2,6,0,0,27.0,1092.5,1.29,0,20.9,3.09
R02,BUS013,12,2,5,0,0,20.8,2530.6,2.68,0,18.5,8.15
R05,BUS004,8,1,19,0,1,11.3,1893.7,7.02,0,59.6,12.98
R06,BUS020,12,4,7,0,0,17.0,1686.9,0.65,0,5.0,5.51
R02,BUS014,5,1,7,0,0,16.9,3170.8,1.55,0,26.0,11.53
R04,BUS020,8,2,18,0,1,14.0,769.6,4.97,0,45.0,5.43
R01,BUS017,6,1,17,0,1,14.8,1780.7,4.48,1,65.8,9.1
R05,BUS008,5,1,12,0,0,20.8,874.8,1.34,0,32.0,4.05
R06,BUS005,6,2,22,0,0,33.8,2597.7,1.66,0,28.8,6.16
R04,BUS012,9,4,20,0,1,19.3,2376.0,4.06,0,44.9,9.76
R02,BUS012,3,3,10,0,1,15.3,1089.3,3.93,1,73.7,5.86
R06,BUS021,4,6,7,1,0,25.2,1773.6,2.13,0,40.4,6.25
R02,BUS008,7,3,8,0,1,20.3,1405.3,4.31,1,88.1,6.77
R04,BUS021,11,0,21,0,0,24.4,460.1,2.67,0,62.7,2.14
R04,BUS001,12,0,9,0,1,12.6,1568.6,4.77,0,86.3,9.55
R02,BUS013,4,1,15,0,0,21.1,1056.5,1.55,0,45.2,3.4
R04,BUS003,10,3,14,0,0,28.6,1364.9,2.07,0,34.6,2.84
R04,BUS019,2,1,16,0,0,26.2,1513.4,0.73,0,41.3,3.46
R01,BUS022,3,6,18,1,0,24.8,1170.3,1.78,0,29.2,4.15
R03,BUS018,12,6,13,1,0,28.5,3410.6,0.99,1,22.6,8.3
R05,BUS023,6,4,9,0,1,21.7,1409.4,5.55,2,77.5,8.91
R05,BUS008,7,4,17,0,1,14.6,776.1,3.53,0,71.8,3.81
R05,BUS023,9,3,15,0,0,11.5,2578.2,2.7,0,43.7,14.42
R03,BUS016,10,6,11,1,0,33.2,807.3,0.71,0,44.0,2.25
R04,BUS016,10,4,13,0,0,24.1,926.8,1.99,0,5.0,2.66
R02,BUS006,3,1,20,0,1,13.6,2113.4,4.98,0,62.3,12.29
R02,BUS002,6,3,21,0,0,20.6,1411.5,1.96,0,35.3,4.65
R01,BUS003,12,1,19,0,1,11.1,2466.7,5.84,0,63.1,15.97
R02,BUS013,7,4,18,0,1,8.9,3297.3,5.77,0,46.9,24.01
R04,BUS018,2,0,19,0,1,5.4,3262.8,5.36,1,36.9,38.79
R02,BUS023,5,0,17,0,1,16.1,2796.0,5.32,0,85.1,12.08
R02,BUS007,2,4,18,0,1,8.7,648.4,4.81,0,43.8,7.18
R04,BUS007,12,5,11,1,0,21.3,3345.5,1.91,0,17.2,10.9
R01,BUS003,1,1,19,0,1,8.6,2901.8,4.61,0,50.0,21.78
R06,BUS019,9,5,21,1,0,31.9,1416.1,2.79,0,36.4,3.57
R06,BUS024,6,4,18,0,1,11.2,1058.7,5.37,1,69.5,9.03
R06,BUS017,11,1,17,0,1,18.2,3289.3,4.41,1,68.4,13.36
R01,BUS003,10,6,12,1,0,26.5,1748.7,0.81,0,46.9,4.46
R05,BUS020,3,4,9,0,1,12.5,1889.7,4.29,0,91.0,10.96
R05,BUS018,8,2,19,0,1,16.0,1694.1,4.73,0,61.2,7.86
R03,BUS023,7,3,6,0,0,28.8,1659.1,3.18,0,27.3,4.73
R06,BUS006,1,1,21,0,0,16.6,2345.8,0.44,0,11.4,8.32
R01,BUS017,4,0,22,0,0,22.9,3407.9,1.54,0,20.2,9.98
R04,BUS023,9,2,7,0,0,33.8,2289.9,0.24,0,36.0,4.01
R02,BUS007,1,1,10,0,1,10.5,3222.6,6.56,0,62.8,20.47
R01,BUS004,12,3,18,0,1,12.1,2071.6,5.04,0,62.4,12.72
R05,BUS020,12,1,8,0,1,13.6,1784.8,3.95,0,111.1,8.97
R04,BUS022,3,0,13,0,0,32.6,2951.9,2.28,0,46.3,6.23
R01,BUS020,1,1,12,0,0,16.3,1710.2,1.55,0,24.5,6.57
R05,BUS015,2,6,15,1,0,32.6,2267.9,2.43,0,11.7,4.3
R04,BUS003,3,6,8,1,0,21.6,244.3,1.25,0,65.0,1.31
R04,BUS016,5,2,22,0,0,19.3,1920.2,0.78,0,28.6,5.99
R03,BUS016,7,6,21,1,0,28.9,1293.0,0.71,1,43.2,4.48
R05,BUS020,1,4,22,0,0,17.2,1162.2,0.87,1,40.0,5.71
R02,BUS009,1,2,22,0,0,22.5,839.3,0.13,0,33.8,2.97
R06,BUS013,12,2,22,0,0,22.2,1582.9,0.08,0,36.2,5.38
R01,BUS020,10,4,17,0,1,13.2,2968.9,5.39,1,47.6,16.84
R06,BUS022,11,6,15,1,0,28.7,1094.5,0.0,0,32.7,1.99
R06,BUS010,3,4,9,0,1,14.4,1839.3,4.59,0,84.1,9.76
R02,BUS015,7,0,17,0,1,10.8,3471.7,5.41,2,58.2,23.55
R06,BUS011,12,5,6,1,0,29.2,2909.0,2.68,0,47.7,6.52
R03,BUS024,3,5,10,1,0,22.8,456.2,2.96,0,44.0,2.29
R02,BUS008,12,4,5,0,0,13.9,829.7,1.78,2,27.6,5.4
R01,BUS015,4,4,22,0,0,17.9,2549.8,1.63,0,42.0,8.87
R02,BUS014,6,3,10,0,1,13.8,2640.4,5.39,1,113.1,13.9
R01,BUS023,4,2,18,0,1,11.0,2909.7,4.91,1,52.9,18.44
R04,BUS007,8,2,11,0,0,14.2,2765.6,0.64,0,15.5,11.2
R04,BUS021,12,6,5,1,0,26.7,2031.3,1.33,0,27.4,5.19
R04,BUS019,12,1,21,0,0,18.0,3021.8,3.03,0,28.5,10.8
R04,BUS023,5,6,13,1,0,31.2,2870.8,1.47,1,20.0,5.86
R01,BUS006,12,0,21,0,0,19.6,3410.8,0.93,0,18.8,11.02
R04,BUS013,1,3,8,0,1,16.2,3295.4,5.71,0,87.3,13.26
R03,BUS007,6,2,8,0,1,11.4,2660.9,4.25,0,74.8,15.98
R04,BUS005,4,3,17,0,1,19.0,3497.9,5.68,0,48.3,13.19
R05,BUS016,10,5,10,1,0,32.6,3410.4,0.71,0,30.9,7.77
R01,BUS022,2,3,17,0,1,9.2,3105.8,4.21,0,68.8,21.28
R05,BUS009,5,5,9,1,0,22.5,3414.3,0.0,0,36.7,9.96
R02,BUS015,8,0,21,0,0,24.9,1278.2,1.5,0,22.3,4.19
R03,BUS005,1,2,12,0,0,14.6,3292.5,2.35,0,39.7,13.87
R02,BUS002,6,6,21,1,0,28.3,910.2,0.91,0,46.6,2.86
R06,BUS023,5,6,21,1,0,38.0,1279.0,0.87,0,47.1,3.68
R04,BUS013,10,3,12,0,0,22.6,2177.1,1.39,1,61.3,6.82
R06,BUS021,6,4,10,0,1,7.6,3016.5,4.34,1,66.5,26.6
R04,BUS006,12,2,20,0,1,15.1,2635.2,5.15,0,52.6,12.24
R06,BUS020,3,5,11,1,0,35.4,441.1,0.82,0,7.0,1.55
R03,BUS006,6,4,13,0,0,20.9,2526.9,2.41,1,61.4,9.7
R06,BUS006,2,3,18,0,1,17.7,1682.6,5.32,0,58.3,7.13
R01,BUS002,1,3,17,0,1,12.1,1774.6,4.27,0,64.2,11.14
R04,BUS019,5,2,13,0,0,24.2,3037.1,2.97,0,34.1,8.18
R05,BUS010,2,0,5,0,0,15.4,3207.1,1.15,0,40.6,13.29
R05,BUS015,3,2,13,0,0,23.2,1349.3,0.0,1,28.0,3.6
R02,BUS008,8,3,19,0,1,18.3,1509.8,4.2,0,105.2,6.4
R05,BUS016,5,1,13,0,0,26.8,3275.9,2.12,0,27.6,6.59
R01,BUS016,10,3,22,0,0,9.7,2468.8,0.08,2,10.8,16.55
R02,BUS015,9,6,9,1,0,28.8,2180.0,0.45,0,46.3,5.04
R02,BUS010,1,4,18,0,1,9.8,1666.5,5.21,0,77.3,11.68
R01,BUS024,1,3,11,0,0,24.2,246.1,1.76,0,26.0,0.79
R01,BUS009,11,4,11,0,0,15.3,672.1,1.06,1,44.7,3.47
R05,BUS021,8,3,18,0,1,13.1,1423.3,3.95,0,91.5,8.85
R02,BUS003,1,1,19,0,1,11.7,1245.3,5.32,1,54.2,8.51
R01,BUS004,4,6,19,1,0,22.5,999.7,2.09,0,40.1,3.91
R02,BUS008,1,6,5,1,0,32.9,2292.2,1.2,1,11.2,6.19
R03,BUS013,8,2,21,0,0,24.4,844.1,1.04,0,5.0,3.35
R03,BUS006,12,3,11,0,0,13.4,776.5,1.59,0,52.5,3.56
R01,BUS017,10,4,18,0,1,10.5,1845.5,5.68,0,52.5,13.01
R06,BUS002,11,0,20,0,1,8.5,2504.4,4.76,0,76.7,19.98
R02,BUS014,2,4,7,0,0,29.0,1247.9,0.58,0,40.1,2.68
R02,BUS022,9,4,9,0,1,9.8,2534.0,5.47,0,79.8,18.52
R05,BUS006,11,1,19,0,1,13.0,3454.8,4.6,0,72.2,18.62
R05,BUS011,10,0,7,0,0,16.9,1045.3,1.82,0,48.8,5.18
R04,BUS018,3,3,13,0,0,19.7,2501.6,1.5,1,36.2,9.68
R06,BUS021,3,4,22,0,0,22.4,1872.1,1.88,1,29.7,7.81
R02,BUS008,1,1,21,0,0,26.6,1162.2,1.67,1,35.0,3.64
R01,BUS014,5,2,12,0,0,19.1,1682.7,1.25,1,78.3,6.87
R06,BUS002,8,0,16,0,0,17.7,556.9,1.51,2,5.0,4.75
R02,BUS018,1,6,16,1,0,23.6,2656.3,2.16,1,42.1,8.31
R05,BUS019,2,4,7,0,0,23.7,1478.1,3.5,0,33.6,5.02
R02,BUS013,10,4,17,0,1,12.3,503.3,5.84,0,58.9,4.6
R01,BUS019,8,6,13,1,0,27.9,1976.0,2.67,0,41.6,4.71
R05,BUS005,11,6,15,1,0,24.9,1630.9,2.23,0,45.0,6.18
R02,BUS007,12,1,16,0,0,25.5,1107.2,2.77,0,43.2,3.43
R02,BUS001,6,2,8,0,1,9.1,3050.0,4.57,1,45.1,22.51
R05,BUS006,12,1,8,0,1,20.1,266.9,5.92,0,48.0,2.4
R03,BUS011,2,2,7,0,0,23.6,3189.4,0.17,0,52.7,7.98
R02,BUS018,3,4,6,0,0,23.2,1367.9,0.6,0,28.4,3.03
R06,BUS011,3,0,8,0,1,16.8,2642.5,4.93,0,99.6,10.57
R06,BUS009,5,3,12,0,0,23.0,3190.1,0.66,0,21.2,8.91
R01,BUS009,7,6,19,1,0,29.0,1908.9,2.24,1,40.9,7.43
R03,BUS015,10,2,7,0,0,24.4,2430.4,1.23,0,52.0,6.41
R06,BUS020,10,4,19,0,1,14.6,3154.8,4.69,0,63.2,15.57
R01,BUS006,7,2,16,0,0,26.2,1100.6,2.02,1,13.4,4.46
R04,BUS012,11,5,14,1,0,29.0,2495.6,1.83,0,13.9,4.87
R01,BUS018,1,4,22,0,0,16.2,636.1,3.25,0,24.5,2.84
R01,BUS007,1,3,10,0,1,14.6,2578.2,4.66,0,61.4,12.16
R02,BUS017,5,3,16,0,0,21.7,1415.3,1.38,0,11.5,4.08
R06,BUS013,11,6,16,1,0,29.6,714.5,0.0,0,16.1,0.3
R03,BUS002,3,3,12,0,0,26.4,2472.5,2.22,0,37.8,5.63
R04,BUS014,8,4,8,0,1,15.3,1099.4,5.38,0,57.5,6.64
R03,BUS011,3,3,14,0,0,8.2,3162.6,2.8,1,33.5,25.35
R04,BUS013,8,3,20,0,1,20.4,2687.6,4.68,0,86.5,8.95
R05,BUS011,5,5,13,1,0,33.8,1517.2,1.36,1,20.2,3.27
R06,BUS006,6,6,6,1,0,22.0,1044.8,2.64,1,19.6,4.87
R01,BUS012,3,5,11,1,0,30.5,2880.6,0.93,0,44.4,5.23
R05,BUS011,2,4,8,0,1,10.7,2417.9,4.08,1,53.8,16.63
R06,BUS014,1,4,20,0,1,21.3,2265.6,4.01,0,76.1,6.83
R02,BUS020,11,5,20,1,0,36.8,2319.0,2.19,2,39.0,6.27
R06,BUS023,9,1,16,0,0,22.8,1360.4,1.02,0,59.1,4.27
R05,BUS018,8,6,22,1,0,35.5,949.6,0.25,1,24.4,2.89
R04,BUS016,6,4,16,0,0,20.3,2544.3,1.6,1,28.7,7.97
R05,BUS018,8,5,7,1,0,35.1,416.6,1.08,1,11.0,0.81
R05,BUS008,3,5,19,1,0,33.0,1499.8,0.47,1,27.9,3.7
R05,BUS011,6,1,7,0,0,35.2,263.8,1.55,0,17.9,1.49
R06,BUS011,5,4,18,0,1,21.0,3012.3,5.34,1,60.7,11.9
R06,BUS021,1,0,12,0,0,17.3,1106.3,0.64,0,60.2,3.82
R04,BUS013,5,5,20,1,0,23.1,1072.8,1.63,0,19.0,2.85
R04,BUS003,7,5,22,1,0,24.3,1066.2,0.0,0,9.3,3.13
R05,BUS011,2,6,17,1,0,22.6,237.0,1.4,0,30.0,0.34
R04,BUS002,8,1,18,0,1,12.5,368.7,5.14,0,17.9,4.3
R02,BUS008,9,1,7,0,0,11.5,2186.9,0.98,1,56.2,13.66
R05,BUS005,9,0,6,0,0,17.1,1235.3,1.38,1,23.7,5.95
R02,BUS008,2,2,22,0,0,13.8,3035.3,0.26,0,49.3,13.12
R04,BUS019,1,2,7,0,0,23.6,1645.2,2.4,0,60.6,4.5
R04,BUS023,11,6,11,1,0,35.1,2678.8,1.88,0,25.1,6.13
R03,BUS015,6,0,18,0,1,16.5,3438.5,4.82,1,76.0,14.8
R02,BUS012,4,0,18,0,1,7.8,2656.2,4.85,0,87.9,22.11
R02,BUS022,3,1,5,0,0,21.9,1788.7,1.58,0,42.1,4.92
R05,BUS022,7,3,19,0,1,12.5,2619.0,3.65,1,64.0,15.04
R01,BUS006,11,3,19,0,1,15.4,2147.8,3.96,0,50.8,9.8
R04,BUS006,8,5,13,1,0,29.3,2429.0,1.03,0,10.9,5.82
R03,BUS015,5,1,5,0,0,28.4,3308.3,1.59,0,39.4,7.22
R04,BUS005,12,3,13,0,0,28.7,3432.1,1.38,0,46.6,7.72
R04,BUS022,5,2,9,0,1,10.8,938.9,2.74,1,62.1,7.6
R03,BUS015,2,4,14,0,0,21.6,2252.2,1.23,2,32.4,8.21
R06,BUS012,2,4,5,0,0,23.1,984.4,0.94,0,33.5,2.96
R05,BUS023,10,5,20,1,0,26.5,1525.4,1.74,1,12.4,5.03
R05,BUS017,7,3,10,0,1,13.2,2097.8,4.23,0,66.1,10.77
R04,BUS003,2,3,14,0,0,22.4,2092.8,1.63,0,29.3,5.72
R06,BUS019,1,1,18,0,1,14.7,1713.4,3.37,1,53.0,8.91
R06,BUS001,10,0,11,0,0,15.8,2250.0,0.18,0,53.1,8.33
R05,BUS023,5,0,8,0,1,19.6,2538.8,5.03,0,43.3,9.08
R03,BUS024,8,6,20,1,0,33.3,2476.9,1.24,1,73.7,5.81
R02,BUS004,7,1,19,0,1,17.5,1725.4,3.77,0,90.8,7.75
R01,BUS013,4,5,20,1,0,33.5,2202.8,1.66,1,12.2,5.04
R02,BUS022,6,3,15,0,0,22.0,1069.2,1.36,0,22.6,4.02
R01,BUS024,3,6,7,1,0,19.2,3184.3,2.02,0,28.4,10.76
R05,BUS003,2,6,18,1,0,31.4,347.0,2.35,0,30.7,2.03
R01,BUS005,4,3,15,0,0,20.4,1899.4,1.17,0,51.6,5.83
R03,BUS002,11,4,8,0,1,9.9,2802.7,4.63,0,77.1,18.7
R02,BUS005,9,2,11,0,0,22.8,1260.5,0.61,0,33.7,4.53
R04,BUS016,2,1,20,0,1,12.6,2561.7,5.58,0,88.1,15.28
R05,BUS017,1,5,12,1,0,23.3,1635.4,2.24,0,18.2,4.08
R04,BUS018,11,0,14,0,0,25.2,1458.2,1.5,1,25.5,4.76
R01,BUS010,11,4,13,0,0,28.1,1186.1,1.93,1,49.5,2.92
R04,BUS017,3,2,18,0,1,12.4,1311.1,4.56,1,79.1,8.0
R02,BUS008,9,4,6,0,0,25.2,3127.1,0.89,0,32.3,7.89
R04,BUS009,7,5,16,1,0,25.3,2622.2,0.84,1,12.1,8.79
R06,BUS010,7,6,6,1,0,24.5,1461.0,1.62,0,70.8,5.09
R03,BUS013,1,0,6,0,0,17.8,2494.8,0.62,0,34.7,9.33
R02,BUS020,2,4,14,0,0,22.0,1072.8,0.62,0,43.7,3.34
R03,BUS004,2,3,17,0,1,11.4,1165.6,3.51,0,66.3,6.93
R05,BUS004,5,0,5,0,0,28.9,1517.7,1.53,1,35.3,5.05
R05,BUS023,6,2,17,0,1,10.9,3066.1,6.65,0,74.1,19.73
R04,BUS017,11,4,20,0,1,11.0,564.2,4.43,2,53.9,6.62
R05,BUS022,12,6,17,1,0,33.0,2053.3,2.25,0,10.2,5.75
R04,BUS009,1,0,8,0,1,13.5,3473.6,3.93,1,63.1,16.84
R02,BUS004,1,0,12,0,0,23.7,1432.4,1.04,0,28.3,3.8
R02,BUS013,8,0,20,0,1,14.9,1221.5,5.49,0,73.6,7.43
R05,BUS015,10,6,18,1,0,27.7,743.6,1.04,1,35.5,2.79
R06,BUS007,7,4,5,0,0,19.8,2984.1,1.29,0,6.4,8.54
R01,BUS016,8,2,19,0,1,16.4,2886.4,4.73,1,70.7,14.13
R05,BUS024,8,5,15,1,0,29.5,2814.3,1.65,0,29.1,6.57
R04,BUS024,7,4,6,0,0,20.1,2514.9,2.91,0,27.3,8.65
R04,BUS001,1,6,21,1,0,29.8,656.9,0.95,0,19.5,1.66
R01,BUS023,1,0,8,0,1,18.6,1658.5,6.35,0,54.3,7.84
R01,BUS017,5,3,17,0,1,15.3,421.2,5.52,0,53.1,4.91
R03,BUS019,3,3,19,0,1,8.9,1618.6,5.36,1,74.6,13.52
R05,BUS006,7,4,8,0,1,12.6,537.9,6.33,0,69.2,5.73
R02,BUS003,9,0,11,0,0,28.6,1652.0,1.03,0,44.4,4.08
R02,BUS022,12,2,5,0,0,18.5,1062.2,2.57,0,30.7,4.07
R05,BUS022,2,4,15,0,0,26.4,362.7,1.91,1,39.4,2.41
R02,BUS012,11,4,9,0,1,17.5,652.8,5.16,1,31.4,5.86
R01,BUS021,10,0,21,0,0,20.4,2441.4,2.24,1,5.6,8.01
R01,BUS005,4,4,13,0,0,12.5,2389.7,2.63,0,30.6,12.49
R05,BUS011,2,4,20,0,1,11.0,302.7,5.07,0,69.8,4.1
R01,BUS015,10,2,12,0,0,27.2,3262.3,1.34,0,46.3,7.53
R02,BUS016,9,0,15,0,0,24.0,877.6,1.31,1,53.2,2.86
R05,BUS012,11,5,7,1,0,27.6,2403.3,1.27,0,49.3,5.32
R06,BUS023,2,6,6,1,0,35.2,2320.5,1.34,0,57.2,4.92
R01,BUS016,3,0,14,0,0,17.4,727.8,0.53,0,47.1,3.22
R06,BUS011,12,0,8,0,1,16.4,608.8,5.07,1,92.7,5.6
R03,BUS017,2,2,16,0,0,32.0,1524.6,2.22,2,33.0,5.32
R03,BUS009,3,6,16,1,0,24.5,2589.1,3.05,0,36.2,7.3
R01,BUS023,2,1,7,0,0,27.1,1153.4,3.09,0,9.3,4.01
R06,BUS019,5,1,7,0,0,19.7,2234.4,1.14,1,47.1,8.75
R05,BUS018,12,1,5,0,0,31.0,572.5,0.97,0,31.9,2.19
R02,BUS001,4,5,19,1,0,31.0,3276.9,1.75,0,53.5,6.59
R02,BUS014,11,3,15,0,0,23.8,1697.7,1.56,0,32.2,5.11
R05,BUS019,5,5,6,1,0,22.6,2284.4,0.91,1,27.8,7.54
R04,BUS010,1,1,7,0,0,15.9,532.9,3.28,1,31.5,3.21
R01,BUS017,8,0,13,0,0,19.6,1030.5,0.0,0,49.0,4.16
R01,BUS015,2,6,19,1,0,26.1,1492.6,0.66,0,12.0,3.86
R05,BUS004,6,4,10,0,1,17.5,1395.6,4.75,0,62.6,6.72
R01,BUS008,4,4,9,0,1,18.0,439.9,5.84,0,23.0,4.06
R01,BUS006,1,5,21,1,0,27.6,3385.8,2.46,1,35.0,9.4
R05,BUS005,12,4,12,0,0,23.1,3078.1,1.76,0,46.0,7.85
R03,BUS019,8,0,14,0,0,32.0,1661.5,1.42,0,26.8,3.55
R01,BUS006,2,0,7,0,0,11.3,1451.4,0.0,0,29.0,8.29
R05,BUS019,4,4,15,0,0,23.6,3396.4,1.67,0,32.6,9.17
R01,BUS003,1,0,11,0,0,25.7,1436.7,0.05,2,15.3,5.78
R03,BUS023,4,3,16,0,0,24.3,426.1,1.08,0,16.7,1.64
R01,BUS021,4,6,15,1,0,28.4,457.5,1.59,0,37.4,1.89
R02,BUS015,3,3,11,0,0,28.8,905.9,1.88,0,48.1,2.48
R02,BUS021,10,1,7,0,0,21.8,3440.2,3.02,0,18.1,10.02
R03,BUS006,12,1,13,0,0,22.6,1595.5,1.58,1,24.9,4.29
R05,BUS003,7,4,14,0,0,21.7,227.4,1.86,2,38.9,2.73
R04,BUS019,7,1,5,0,0,18.2,3452.6,1.26,0,56.9,11.89
R05,BUS024,5,6,5,1,0,34.8,2384.3,1.39,0,43.4,4.01
R01,BUS019,6,0,14,0,0,9.6,3351.6,1.44,0,33.3,22.4
R02,BUS011,9,3,13,0,0,23.4,2208.7,1.26,0,46.6,5.87
R05,BUS005,3,4,8,0,1,14.8,1139.8,5.26,0,68.5,7.81
R02,BUS010,9,3,19,0,1,8.3,1815.6,4.83,1,73.5,15.77
R01,BUS019,11,0,14,0,0,19.7,3075.2,2.36,0,36.9,9.58
R02,BUS016,1,2,5,0,0,15.2,1202.7,1.64,0,61.5,5.84
R05,BUS020,12,2,19,0,1,8.0,1091.3,3.7,0,79.8,10.33
R05,BUS013,5,0,10,0,1,23.2,2946.3,4.19,0,41.2,9.54
R04,BUS008,8,1,10,0,1,14.1,1075.3,4.13,0,49.0,6.44
R04,BUS001,12,4,22,0,0,21.2,1721.5,2.66,0,39.3,6.78
R04,BUS001,2,5,7,1,0,34.0,3401.2,1.99,0,9.2,7.44
R04,BUS012,4,6,22,1,0,16.8,2436.6,2.33,0,34.0,9.23
R02,BUS007,6,1,20,0,1,12.3,251.9,4.97,0,83.6,3.23
R05,BUS005,2,2,6,0,0,25.6,510.1,1.67,0,52.0,2.13
R04,BUS011,11,5,11,1,0,34.2,1210.0,2.31,1,32.4,2.88
R06,BUS013,3,1,9,0,1,19.8,720.4,5.07,0,69.8,4.2
R04,BUS001,6,4,19,0,1,12.8,1732.9,5.42,1,48.2,10.59
R01,BUS004,5,0,17,0,1,10.6,377.2,4.64,0,83.8,4.54
R04,BUS020,7,2,9,0,1,8.2,2235.2,5.72,0,55.5,19.23
R05,BUS024,4,6,12,1,0,22.9,1578.4,1.55,2,49.5,5.9
R05,BUS009,11,2,6,0,0,30.6,1462.3,0.79,1,45.5,4.11
R06,BUS005,1,6,10,1,0,19.4,629.6,2.34,0,5.0,3.38
R05,BUS019,5,0,7,0,0,29.2,437.2,2.34,0,17.7,2.27
R03,BUS010,10,1,22,0,0,19.2,303.8,2.94,0,9.4,2.39
R03,BUS006,4,3,8,0,1,22.8,2908.2,4.17,1,51.7,9.49
R02,BUS017,8,5,5,1,0,30.0,646.7,0.67,0,25.5,0.97
R06,BUS009,6,0,9,0,1,13.7,2097.9,6.38,0,66.0,11.3
R04,BUS005,10,6,11,1,0,29.9,2558.5,1.54,0,46.7,5.09
R02,BUS018,8,1,16,0,0,20.1,793.5,0.08,0,46.6,1.88
R05,BUS010,4,1,7,0,0,28.0,2190.9,2.54,0,50.0,5.44
R01,BUS010,8,0,6,0,0,19.0,511.1,1.59,0,22.6,2.86
R06,BUS008,5,4,18,0,1,11.6,2605.1,6.17,0,77.3,15.97
R03,BUS022,11,5,19,1,0,35.7,1609.8,1.98,0,43.9,4.0
R01,BUS015,4,1,20,0,1,17.3,1054.3,5.76,0,62.9,6.06
R03,BUS014,6,6,18,1,0,23.7,2313.4,1.39,1,22.3,7.19
R04,BUS009,5,3,16,0,0,24.3,3193.5,1.67,1,38.9,10.04
R02,BUS024,11,2,6,0,0,22.6,3380.5,2.08,0,57.9,10.03
R01,BUS017,10,5,12,1,0,28.3,512.7,1.44,1,44.5,2.92
R04,BUS017,5,3,18,0,1,11.4,3086.1,4.14,0,46.5,19.01
R05,BUS020,8,2,16,0,0,17.6,1053.9,1.11,1,61.7,5.6
R06,BUS006,6,2,22,0,0,25.6,854.7,2.66,0,34.3,2.94
R01,BUS019,11,2,22,0,0,17.7,1385.5,1.06,1,33.5,6.2
R03,BUS022,1,4,15,0,0,15.3,1459.6,0.97,0,60.1,6.0
R02,BUS024,6,6,10,1,0,36.2,559.0,1.36,0,31.7,0.96
R05,BUS005,3,3,9,0,1,9.1,3442.0,4.6,0,45.6,24.84
R06,BUS020,12,0,19,0,1,10.6,845.8,4.78,0,58.5,6.03
R04,BUS020,3,3,7,0,0,21.7,2470.8,1.95,0,41.2,7.45
R04,BUS015,3,0,5,0,0,35.6,707.7,0.26,0,43.9,1.93
R01,BUS003,11,6,10,1,0,30.5,886.0,2.47,0,25.1,2.06
R05,BUS021,10,2,12,0,0,29.6,3015.3,0.97,0,30.8,7.24
R03,BUS009,9,0,5,0,0,21.6,448.7,1.94,0,43.3,3.21
R02,BUS016,4,1,18,0,1,9.9,2024.8,4.98,0,45.8,13.61
R06,BUS019,1,2,21,0,0,17.8,1908.2,1.29,0,56.8,8.08
R01,BUS008,6,3,20,0,1,14.0,3393.2,5.96,0,56.4,17.01
R05,BUS015,6,4,18,0,1,16.5,3229.8,3.87,0,75.4,12.18
R06,BUS023,12,1,9,0,1,11.9,386.8,4.34,0,52.7,4.22
R01,BUS019,5,1,17,0,1,13.6,3118.8,4.33,1,42.4,16.75
R03,BUS007,10,6,21,1,0,25.6,3147.4,1.91,0,28.7,7.24
R03,BUS014,7,6,21,1,0,26.4,1860.8,1.62,0,42.9,4.42
R02,BUS019,4,6,12,1,0,26.9,3007.0,0.99,1,29.7,7.42
R03,BUS010,11,5,18,1,0,31.0,563.9,1.37,0,29.9,2.2
R01,BUS007,2,2,14,0,0,24.4,840.0,1.23,1,22.3,3.73
R03,BUS004,12,4,13,0,0,22.7,2307.8,2.45,0,35.9,7.29
R02,BUS018,11,6,18,1,0,26.0,2283.6,0.27,0,17.8,5.89
R06,BUS007,1,0,11,0,0,10.2,2424.0,2.76,0,30.9,16.1
R04,BUS009,8,4,16,0,0,23.2,2327.6,0.48,2,46.8,8.23
R03,BUS003,6,5,16,1,0,21.0,2526.6,1.0,0,17.2,7.44
R05,BUS004,8,0,22,0,0,20.9,2751.4,0.9,0,38.3,7.22
R01,BUS024,10,3,22,0,0,27.8,3336.8,1.86,0,23.4,7.63
R04,BUS015,11,5,7,1,0,30.7,526.8,2.66,0,39.2,2.29
R05,BUS024,2,0,17,0,1,12.2,379.9,3.4,0,50.6,2.85
R01,BUS010,1,6,10,1,0,28.7,3199.8,0.28,0,64.7,5.88
R05,BUS004,9,5,8,1,0,30.3,2360.9,1.66,0,43.4,5.5
R01,BUS007,4,1,19,0,1,10.2,2064.0,5.52,0,71.3,13.64
R02,BUS005,1,5,8,1,0,24.0,3294.8,0.32,0,40.0,8.03
R02,BUS023,1,6,7,1,0,27.1,349.3,1.38,1,36.8,1.4
R03,BUS017,5,4,19,0,1,15.0,1505.7,3.94,0,27.6,8.33
R03,BUS024,9,5,9,1,0,30.7,2268.4,1.55,0,48.9,3.92
R02,BUS013,5,4,21,0,0,19.9,3286.0,2.34,0,60.5,12.04
R01,BUS016,4,6,6,1,0,24.1,705.2,2.54,0,30.5,2.4
R02,BUS015,7,2,15,0,0,24.1,689.4,2.19,0,34.4,2.29
R04,BUS009,3,5,6,1,0,22.8,2713.1,2.13,0,12.6,7.54
R03,BUS010,12,1,10,0,1,15.8,2190.5,4.44,0,94.0,9.56
R01,BUS004,2,3,21,0,0,27.3,975.3,2.26,0,20.2,2.75
R01,BUS022,11,6,12,1,0,21.7,1656.5,0.71,0,28.3,4.71
R06,BUS018,8,6,13,1,0,33.9,2664.3,0.52,0,42.9,4.98
R03,BUS011,10,3,18,0,1,12.0,3045.5,4.24,0,88.5,17.37
R03,BUS010,2,3,17,0,1,12.1,3174.9,4.15,0,86.4,17.25
R05,BUS014,8,4,19,0,1,14.8,1162.0,3.74,0,48.7,5.8
R01,BUS023,7,1,14,0,0,22.9,1905.4,0.32,1,58.1,6.67
R04,BUS002,11,5,8,1,0,33.7,665.2,2.16,0,30.6,1.93
R03,BUS002,9,6,17,1,0,22.3,2615.9,2.27,0,31.9,8.3
R02,BUS003,6,2,13,0,0,21.2,2350.2,2.51,0,30.1,7.72
R01,BUS013,10,4,20,0,1,7.5,1223.1,4.03,1,63.8,12.03
R04,BUS008,3,4,6,0,0,22.3,852.0,0.0,1,44.1,2.81
R04,BUS017,9,5,9,1,0,26.1,3491.4,2.07,0,12.0,8.1
R02,BUS020,4,4,20,0,1,13.6,2991.7,6.09,1,53.3,17.71
R01,BUS017,7,1,10,0,1,13.2,2293.7,5.1,0,57.8,13.44
R04,BUS017,11,4,20,0,1,19.1,2512.6,5.67,0,83.1,8.87
R04,BUS013,12,2,13,0,0,18.9,2010.8,1.48,0,27.7,5.64
R02,BUS012,9,1,19,0,1,12.9,2733.4,5.62,2,83.2,17.31
R01,BUS001,5,5,9,1,0,29.7,1716.1,1.9,1,43.4,4.7
R04,BUS018,5,1,17,0,1,16.6,671.3,4.19,0,65.2,4.1
R05,BUS021,6,5,5,1,0,18.6,1480.5,1.44,1,57.5,5.69
R05,BUS006,8,6,22,1,0,25.9,2101.6,1.86,1,48.4,6.49
R05,BUS015,2,6,10,1,0,25.6,263.5,0.61,1,49.0,2.7
R02,BUS012,4,0,6,0,0,23.6,1660.2,0.61,0,29.7,3.23
R05,BUS021,9,3,8,0,1,16.2,2088.5,4.53,0,50.9,9.66
R06,BUS014,3,5,13,1,0,25.4,3025.1,0.91,0,22.2,8.38
R04,BUS006,2,4,19,0,1,16.7,2539.5,4.06,0,66.4,11.2
R03,BUS022,7,3,10,0,1,7.5,1833.3,6.94,1,51.9,17.64
R03,BUS010,6,1,17,0,1,14.8,2042.3,5.17,0,52.5,10.4
R05,BUS004,9,3,14,0,0,23.5,3447.7,1.29,0,13.6,8.89
R02,BUS006,2,1,5,0,0,23.7,2383.7,1.98,0,23.1,6.64
R04,BUS018,1,6,13,1,0,29.4,373.8,0.66,0,33.6,0.78
R01,BUS021,6,4,16,0,0,14.7,1535.4,1.2,0,35.7,7.2
R04,BUS012,11,2,6,0,0,17.5,3396.6,1.86,0,44.6,11.96
R02,BUS002,1,3,6,0,0,26.6,3188.4,2.78,0,37.5,7.99
R01,BUS008,8,0,10,0,1,20.0,1822.3,4.2,0,88.0,5.91
R05,BUS019,11,1,16,0,0,19.6,1814.6,1.74,0,6.6,6.15
R04,BUS022,10,6,11,1,0,25.1,1546.2,1.5,1,53.8,5.8
R04,BUS016,10,2,9,0,1,13.6,2424.3,4.24,0,47.3,12.12
R06,BUS002,12,2,6,0,0,20.1,2426.4,2.03,0,67.1,9.11
R04,BUS016,7,2,15,0,0,22.5,926.3,0.32,0,32.0,2.53
R05,BUS008,5,5,11,1,0,26.7,285.7,1.1,2,5.0,3.65
R05,BUS014,9,2,6,0,0,23.0,3306.0,1.66,0,26.5,9.6
R05,BUS016,8,1,19,0,1,15.7,1818.6,4.14,0,63.5,8.74
R05,BUS015,4,2,9,0,1,21.5,3055.1,3.71,1,72.9,10.57
R06,BUS009,8,5,20,1,0,26.4,203.7,2.03,0,24.1,0.63
R03,BUS020,2,2,22,0,0,16.2,537.3,1.22,0,14.0,2.23
R06,BUS014,9,0,18,0,1,16.7,3356.5,5.71,0,59.3,14.22
R05,BUS013,1,6,11,1,0,23.7,1252.2,2.05,0,20.9,3.49
R01,BUS011,2,1,22,0,0,19.7,1282.7,1.87,0,34.8,4.46
R01,BUS002,1,0,14,0,0,22.9,1817.4,0.86,1,39.4,5.06
R04,BUS018,10,2,16,0,0,17.8,992.9,0.52,0,20.3,3.95
R03,BUS003,6,1,22,0,0,17.7,1127.4,0.92,0,38.0,3.98
R03,BUS017,10,6,16,1,0,21.8,3295.6,1.88,0,51.4,10.0
R06,BUS015,12,5,13,1,0,20.4,619.8,0.95,0,38.3,2.04
R03,BUS002,3,5,13,1,0,23.7,2143.8,0.8,0,22.5,5.95
R06,BUS004,9,3,20,0,1,8.3,1510.6,5.44,0,29.3,12.66
R01,BUS023,12,0,21,0,0,17.1,2416.8,1.36,0,23.2,9.45
R03,BUS012,3,6,21,1,0,29.1,1447.9,1.3,1,25.8,4.61
R01,BUS021,7,2,13,0,0,9.5,3069.2,2.03,0,19.2,19.54
R03,BUS023,8,4,9,0,1,16.9,247.1,3.54,0,70.7,3.57
R05,BUS021,4,0,15,0,0,23.7,1341.7,1.61,0,66.4,3.77
R05,BUS010,6,3,21,0,0,25.2,244.4,0.68,1,27.5,2.09
R04,BUS002,1,2,15,0,0,25.8,605.0,1.03,0,35.9,2.57
R03,BUS002,9,2,12,0,0,25.3,358.2,2.83,0,59.2,2.07
R01,BUS021,5,4,20,0,1,12.8,902.9,4.4,0,46.8,7.08
R05,BUS016,5,3,10,0,1,9.4,279.3,5.48,0,76.3,3.75
R03,BUS004,9,1,17,0,1,12.0,697.4,4.79,0,68.1,5.33
R02,BUS007,4,0,20,0,1,12.2,3492.4,5.18,0,45.0,20.03
R03,BUS001,4,0,12,0,0,14.6,2128.9,1.27,0,52.0,9.94
R02,BUS003,11,5,6,1,0,31.6,2655.7,2.49,0,28.0,6.1
R06,BUS010,3,4,20,0,1,21.5,2962.3,5.39,0,78.0,11.53
R05,BUS006,3,6,8,1,0,27.0,439.4,1.45,0,24.7,1.0
R06,BUS003,11,1,12,0,0,21.0,2808.4,2.1,0,40.8,8.86
R05,BUS013,10,0,10,0,1,14.7,1311.6,4.27,0,63.9,7.42
R02,BUS014,6,4,9,0,1,15.7,1357.3,3.89,0,84.1,6.55
R02,BUS016,1,5,13,1,0,31.3,1153.1,0.0,0,25.2,2.33
R06,BUS003,4,4,10,0,1,9.3,832.6,6.25,0,43.9,8.14
R05,BUS014,5,5,21,1,0,27.0,684.1,1.65,1,64.4,1.74
R05,BUS018,8,2,13,0,0,22.9,1671.0,0.2,0,39.4,5.06
R02,BUS017,4,3,13,0,0,25.4,598.4,0.0,0,26.0,1.08
R04,BUS006,4,4,21,0,0,12.5,788.0,1.93,0,77.6,3.48
R05,BUS008,1,0,6,0,0,17.5,2508.0,2.31,0,24.5,10.11
R05,BUS018,3,1,15,0,0,21.3,813.6,0.0,0,34.1,1.83
R06,BUS002,1,2,20,0,1,9.6,1694.2,5.04,2,60.8,13.61
R05,BUS013,4,5,21,1,0,23.1,1919.6,0.83,1,30.5,5.54
R06,BUS016,6,5,8,1,0,30.2,3126.3,2.83,0,82.2,8.27
R03,BUS011,5,6,13,1,0,29.2,3257.6,1.23,0,39.7,7.38
R02,BUS010,3,0,6,0,0,20.5,2453.3,2.07,1,28.0,8.54
R01,BUS021,8,6,8,1,0,26.3,1240.1,2.18,0,13.6,2.31
R04,BUS013,4,0,11,0,0,28.8,401.8,1.46,0,46.7,1.98
R05,BUS024,1,3,18,0,1,18.4,2321.0,4.9,1,60.7,10.85
R03,BUS006,3,2,15,0,0,26.3,1812.1,0.0,0,54.3,5.85
R02,BUS017,9,5,10,1,0,37.3,1259.3,2.69,0,53.5,2.68
R02,BUS004,10,2,12,0,0,14.7,3114.3,1.36,1,30.2,14.29
R04,BUS013,3,5,11,1,0,32.7,1893.6,1.36,0,44.0,4.05
R04,BUS020,6,3,14,0,0,21.3,700.5,0.86,1,54.3,3.01
R03,BUS023,11,2,11,0,0,20.5,400.6,2.0,0,16.7,1.8
R01,BUS001,4,6,18,1,0,35.2,817.3,1.46,0,39.2,2.46
R01,BUS009,8,1,6,0,0,18.4,2474.8,2.13,1,45.7,10.02
R05,BUS003,1,1,22,0,0,32.7,798.4,1.23,0,27.1,1.62
R01,BUS012,9,4,13,0,0,29.4,2357.5,1.24,0,52.7,6.41
R03,BUS017,8,5,22,1,0,26.5,636.5,1.14,0,36.3,2.2
R01,BUS020,6,1,19,0,1,12.7,1271.1,4.77,1,61.3,7.99
R05,BUS004,2,6,19,1,0,24.4,1096.6,1.29,0,48.6,3.46
R06,BUS015,9,2,7,0,0,24.8,2758.3,1.41,1,27.1,8.6
R05,BUS002,3,2,9,0,1,14.5,317.6,5.54,0,69.0,3.36
R01,BUS007,11,0,21,0,0,26.3,1150.1,2.09,1,31.9,4.23
R04,BUS013,3,3,12,0,0,21.6,304.3,1.09,0,37.2,2.16
R05,BUS011,2,0,11,0,0,30.8,2860.2,0.0,1,14.9,6.64
R05,BUS019,9,4,9,0,1,22.0,3398.5,5.36,0,84.9,11.06
R04,BUS019,6,3,17,0,1,11.8,1824.1,3.39,0,58.4,10.7
R03,BUS016,3,6,15,1,0,21.6,2362.3,0.58,0,38.6,6.64
R05,BUS022,5,2,20,0,1,14.0,2921.8,4.07,0,68.5,14.02
R04,BUS021,4,1,9,0,1,17.4,577.3,5.61,2,54.0,6.7
R05,BUS018,11,4,9,0,1,14.7,1229.5,5.68,0,72.9,5.86
R02,BUS002,5,6,21,1,0,27.8,2053.9,1.33,0,27.7,4.9
R01,BUS014,5,4,18,0,1,10.9,1373.0,4.36,0,82.3,8.59
R03,BUS004,7,1,5,0,0,21.8,1929.6,1.09,1,43.9,6.38
R03,BUS015,9,0,15,0,0,21.2,795.0,1.02,1,27.0,3.15
R05,BUS020,5,5,9,1,0,25.2,1220.4,0.0,0,74.5,3.19
R04,BUS022,11,2,11,0,0,28.2,670.1,2.01,0,13.6,2.51
R05,BUS009,5,6,11,1,0,24.8,805.8,0.19,0,71.6,2.39
R06,BUS008,8,2,8,0,1,14.3,3210.3,5.17,2,40.3,18.75
R06,BUS016,7,5,14,1,0,19.7,2703.5,2.39,0,54.9,8.52
R01,BUS008,9,5,5,1,0,28.3,806.7,2.06,1,15.8,2.55
R01,BUS013,11,1,22,0,0,21.8,1790.4,1.03,0,25.6,6.06
R06,BUS010,9,4,10,0,1,14.9,496.0,6.04,0,59.7,4.29
R01,BUS016,7,5,11,1,0,33.5,2538.7,1.22,0,40.1,6.16
R05,BUS015,11,1,16,0,0,20.5,420.0,2.02,0,22.4,2.29
R03,BUS002,1,5,13,1,0,23.9,1113.0,1.77,1,25.5,4.6
R05,BUS021,6,3,17,0,1,20.6,1101.6,4.4,0,88.4,5.08
R02,BUS019,6,1,12,0,0,33.2,2564.4,1.4,0,38.1,5.14
R01,BUS022,7,3,12,0,0,9.9,2586.4,3.53,0,33.8,16.03
R02,BUS010,11,0,20,0,1,12.7,3230.4,5.32,1,73.1,17.4
R02,BUS018,10,6,6,1,0,26.8,2773.0,0.75,0,17.7,7.17
R02,BUS014,7,6,15,1,0,33.4,360.5,2.03,2,29.8,2.8
R04,BUS003,5,5,8,1,0,30.8,1463.8,0.57,2,35.4,4.91
R06,BUS005,1,0,21,0,0,28.2,1517.1,1.98,0,24.2,3.96
R03,BUS002,8,6,9,1,0,26.7,2224.5,0.91,0,44.9,6.92
R02,BUS003,2,4,6,0,0,24.4,613.8,0.77,0,47.1,1.64
R05,BUS016,5,1,14,0,0,23.5,1017.5,2.4,0,51.3,3.54
R03,BUS015,4,5,20,1,0,19.1,2712.9,1.49,0,36.2,8.81
R06,BUS005,3,6,7,1,0,27.6,1713.8,2.38,0,42.6,5.11
R04,BUS002,1,2,8,0,1,14.4,3367.2,5.27,0,60.4,15.55
R04,BUS022,10,0,15,0,0,11.4,3256.1,0.95,0,18.9,17.9
R04,BUS021,11,0,11,0,0,21.3,1488.1,1.66,0,54.6,5.18
R04,BUS018,8,4,5,0,0,24.5,1158.0,2.28,2,33.5,4.74
R03,BUS023,2,3,12,0,0,20.6,1477.4,1.94,1,34.9,4.92
R01,BUS012,5,5,21,1,0,28.1,1498.4,0.62,0,52.7,3.75
R01,BUS002,2,4,11,0,0,19.1,1611.4,2.91,0,25.0,6.55
R03,BUS024,1,3,11,0,0,25.0,2112.0,2.0,0,35.4,5.95
R03,BUS019,2,4,13,0,0,33.1,3145.8,1.53,0,50.9,6.17
R01,BUS003,8,5,17,1,0,33.5,606.7,2.23,0,22.3,3.03
R03,BUS023,12,6,12,1,0,25.6,1937.5,1.25,1,42.8,5.5
R04,BUS010,12,0,8,0,1,14.0,443.2,5.56,0,59.0,4.52
R04,BUS009,8,3,16,0,0,15.9,2809.5,1.61,0,19.0,11.11
R05,BUS022,4,0,15,0,0,13.3,2350.9,1.78,0,41.5,11.19
R02,BUS020,1,4,21,0,0,22.5,1400.5,2.88,0,50.1,6.73
R05,BUS014,10,5,20,1,0,32.2,1967.5,1.63,0,38.2,4.67
R02,BUS022,4,4,20,0,1,8.3,2710.7,4.94,0,51.5,21.34
R01,BUS017,5,5,9,1,0,31.1,1691.9,0.1,0,25.2,3.97
R05,BUS006,8,6,10,1,0,28.4,2207.4,0.0,1,54.8,5.08
R03,BUS005,1,2,5,0,0,26.1,3131.6,2.23,0,39.4,8.59
R04,BUS005,6,0,19,0,1,21.1,1296.7,3.1,0,83.1,5.03
R01,BUS011,5,6,12,1,0,28.6,3020.8,2.03,0,56.4,6.81
R03,BUS006,3,1,16,0,0,16.5,2828.2,1.24,1,59.3,11.3
R03,BUS019,6,0,5,0,0,21.9,870.4,1.77,1,35.6,4.56
R03,BUS017,7,0,13,0,0,16.3,2503.3,1.13,1,36.5,9.85
R01,BUS015,10,5,8,1,0,35.1,1808.8,0.46,1,53.5,4.29
R01,BUS024,7,0,13,0,0,20.0,1569.0,1.52,0,55.4,5.85
R05,BUS007,2,0,11,0,0,27.5,1371.8,1.49,1,60.1,4.22
R03,BUS016,3,6,6,1,0,27.0,1646.7,1.26,0,19.9,4.36
R01,BUS007,4,3,16,0,0,22.2,292.4,2.11,0,26.0,1.5
R05,BUS009,9,5,12,1,0,26.4,1466.3,1.11,0,30.0,3.94
R02,BUS015,8,1,7,0,0,21.2,451.9,3.22,0,37.0,2.65
R06,BUS015,7,4,7,0,0,21.3,2049.7,0.93,0,41.4,5.81
R02,BUS017,3,3,18,0,1,13.4,1063.3,5.61,1,60.1,7.33
R05,BUS013,10,5,15,1,0,21.9,1894.6,1.85,0,27.6,7.24
R01,BUS008,7,0,12,0,0,21.5,3162.3,1.76,0,19.9,10.55
R03,BUS014,11,1,6,0,0,23.2,577.7,1.07,0,24.8,1.8
R01,BUS015,10,0,16,0,0,12.3,1817.1,0.34,0,51.9,8.46
R02,BUS013,2,2,17,0,1,17.8,2678.4,4.75,0,86.0,10.88
R02,BUS023,10,2,20,0,1,21.3,2733.6,6.54,0,67.6,9.23
R02,BUS009,1,1,20,0,1,8.0,1598.2,5.05,0,50.5,13.52
R05,BUS003,8,4,8,0,1,13.8,2200.0,4.8,0,70.4,10.84
R05,BUS019,3,0,16,0,0,27.7,3196.9,1.59,0,73.2,8.59
R02,BUS004,10,1,16,0,0,20.0,3298.3,0.74,1,45.8,11.07
R03,BUS008,4,1,7,0,0,14.1,1440.1,3.1,0,35.2,7.48
R03,BUS001,7,6,9,1,0,32.0,2866.4,0.98,0,35.3,5.45
R05,BUS001,5,5,6,1,0,30.9,2413.4,1.36,0,35.0,4.58
R04,BUS020,5,1,20,0,1,10.4,2300.9,4.54,0,63.1,15.04
R02,BUS020,3,5,19,1,0,31.7,3225.0,0.94,0,28.8,5.88
R01,BUS010,5,1,6,0,0,21.5,2998.5,2.15,0,48.0,9.87
R06,BUS023,9,0,5,0,0,26.3,2339.1,1.31,1,46.9,5.97
R04,BUS014,5,4,19,0,1,14.0,1494.0,5.23,0,88.2,7.78
R05,BUS004,2,1,20,0,1,16.1,1306.1,3.39,0,38.5,6.4
R04,BUS017,4,2,5,0,0,19.9,1457.1,0.0,0,16.4,4.06
R03,BUS018,1,5,11,1,0,21.7,2003.3,0.78,0,17.9,6.16
R01,BUS006,2,5,13,1,0,26.9,309.3,0.12,0,22.9,1.67
R04,BUS010,5,6,11,1,0,28.3,751.3,1.71,0,38.5,1.93
R02,BUS012,8,5,10,1,0,30.8,1955.5,0.49,0,8.7,5.6
R04,BUS001,8,2,18,0,1,10.5,1073.5,5.56,1,63.7,8.4
R06,BUS015,5,6,20,1,0,30.5,2365.2,2.11,1,38.2,6.15
R04,BUS016,9,2,10,0,1,11.0,2363.3,4.34,0,56.8,15.14
R02,BUS018,4,4,14,0,0,31.8,2847.3,1.75,0,38.1,5.95
R02,BUS007,7,3,5,0,0,20.6,1641.1,1.74,0,21.9,5.28
R02,BUS021,8,2,7,0,0,19.8,699.9,0.0,0,52.7,1.45
R02,BUS013,7,3,16,0,0,18.7,2065.2,1.64,1,47.0,7.14
R03,BUS006,7,4,13,0,0,14.0,3062.8,0.47,0,63.5,13.14
R06,BUS012,6,3,17,0,1,12.3,1709.9,3.34,0,35.2,9.15
R02,BUS008,1,1,5,0,0,27.5,840.7,1.44,0,42.7,3.56
R04,BUS008,1,6,16,1,0,30.3,1169.5,2.36,1,55.5,4.45
R05,BUS020,5,1,10,0,1,8.6,2354.0,5.09,1,47.9,18.26
R05,BUS009,12,1,12,0,0,29.4,898.2,2.11,0,40.2,2.86
R02,BUS008,3,2,13,0,0,28.4,2528.5,0.92,0,14.4,5.6
R05,BUS013,5,4,21,0,0,22.8,975.0,0.92,1,56.2,2.91
R04,BUS017,7,5,15,1,0,32.8,814.2,0.92,1,30.9,3.66
R06,BUS008,10,0,19,0,1,14.5,1730.6,5.95,0,74.7,10.09
R03,BUS022,6,6,11,1,0,30.3,2364.3,1.29,0,42.1,6.45
R06,BUS010,8,4,18,0,1,17.4,360.2,5.68,0,45.9,3.94
R02,BUS016,8,1,10,0,1,19.8,1501.3,4.69,0,80.5,5.89
R04,BUS013,5,3,10,0,1,10.1,1832.8,5.19,0,60.8,13.06
R05,BUS003,3,4,6,0,0,21.8,3367.0,0.75,0,9.9,9.57
R01,BUS006,1,4,14,0,0,20.3,2018.0,1.01,0,21.5,6.22
R04,BUS002,3,5,19,1,0,26.3,2379.3,0.99,0,42.2,6.22
R02,BUS019,10,2,14,0,0,22.2,479.0,1.02,0,40.1,1.16
R03,BUS007,12,4,22,0,0,10.9,2082.5,3.02,0,51.4,11.17
R04,BUS004,10,1,7,0,0,12.1,2612.6,1.17,0,32.4,12.86
R01,BUS022,5,2,9,0,1,12.3,841.4,5.48,0,60.1,5.6
R04,BUS016,4,0,22,0,0,33.7,1572.0,2.48,0,14.8,4.29
R01,BUS003,1,4,5,0,0,26.0,2754.8,0.77,0,38.1,6.64
R05,BUS001,8,4,5,0,0,10.2,561.8,1.34,0,37.8,4.63
R02,BUS017,10,6,14,1,0,23.0,2234.0,1.99,1,46.2,6.36
R02,BUS010,5,2,15,0,0,25.7,2707.0,2.04,1,30.5,7.63
R03,BUS006,9,0,7,0,0,15.5,1088.5,2.27,0,20.8,5.28
R06,BUS023,8,0,6,0,0,21.7,440.3,2.07,1,33.6,2.21
R05,BUS020,9,6,18,1,0,25.3,2166.4,1.51,0,52.1,6.36
R03,BUS014,11,0,11,0,0,18.4,1781.8,2.71,0,46.4,7.31
R03,BUS010,9,1,19,0,1,13.4,2084.2,5.35,0,92.5,11.69
R06,BUS021,9,3,7,0,0,21.7,515.7,1.07,1,20.7,1.68
R06,BUS009,3,3,8,0,1,15.3,1699.0,5.54,0,70.0,9.34
R04,BUS022,6,6,18,1,0,32.7,2285.5,3.22,0,23.3,5.33
R01,BUS024,7,0,7,0,0,20.5,3225.5,1.57,2,39.4,11.68
R02,BUS007,9,2,19,0,1,18.3,2581.0,4.48,0,73.1,10.05
R02,BUS020,10,2,7,0,0,24.0,2228.3,2.09,0,53.4,7.33
R01,BUS022,6,5,15,1,0,25.9,1635.4,1.27,0,57.9,4.76
R01,BUS001,6,6,22,1,0,26.8,1460.5,1.86,0,56.2,3.25
R04,BUS022,7,4,16,0,0,24.7,1101.9,0.08,0,37.5,2.53
R02,BUS020,1,4,12,0,0,23.4,2472.8,2.16,0,59.7,7.14
R03,BUS020,5,4,16,0,0,22.5,1406.6,1.07,0,26.9,4.43
R02,BUS013,1,1,6,0,0,21.1,721.2,1.73,0,32.9,3.44
R04,BUS019,9,1,14,0,0,19.0,1648.7,1.51,0,16.5,5.72
R06,BUS012,8,1,20,0,1,19.1,2452.2,3.83,1,57.6,10.73
R01,BUS020,1,4,6,0,0,25.8,1352.6,1.52,0,52.6,3.75
R05,BUS005,5,1,22,0,0,10.5,610.7,1.97,0,34.7,4.33
R02,BUS020,10,4,21,0,0,17.9,2265.0,0.86,2,27.8,9.91
R04,BUS006,12,2,10,0,1,19.0,1067.3,5.24,1,58.5,5.32
R05,BUS005,9,1,7,0,0,20.0,1287.0,1.41,0,28.7,4.37
R01,BUS021,4,0,13,0,0,26.3,2524.2,2.38,0,30.0,6.36
R02,BUS006,6,1,10,0,1,20.2,2441.1,4.96,1,60.0,9.52
R01,BUS003,2,1,12,0,0,18.5,1798.6,1.55,0,40.3,7.28
R06,BUS021,12,4,16,0,0,10.1,1998.1,1.3,0,35.3,12.84
R02,BUS005,8,5,9,1,0,26.2,2955.4,1.22,0,40.8,8.57
R06,BUS007,6,4,10,0,1,10.8,1921.9,5.03,0,69.1,12.2
R01,BUS003,9,4,11,0,0,19.6,3186.4,1.48,2,32.8,11.43
R03,BUS022,10,3,5,0,0,16.0,2207.4,2.3,0,13.2,8.91
R01,BUS017,6,6,6,1,0,27.3,2498.0,0.73,1,63.5,6.56
R06,BUS011,3,4,6,0,0,20.8,893.6,2.34,1,5.0,4.79
R02,BUS006,2,3,11,0,0,20.2,561.7,2.25,0,57.6,2.8
R06,BUS006,9,1,5,0,0,27.5,368.9,1.12,0,61.8,0.3
R02,BUS003,2,5,16,1,0,30.5,408.5,0.2,2,26.7,2.43
R06,BUS011,5,1,8,0,1,10.7,2037.1,4.36,2,74.7,15.46
R05,BUS018,6,4,22,0,0,25.4,3322.4,0.24,0,49.1,7.79
R03,BUS013,11,2,7,0,0,20.0,3014.0,1.6,0,30.0,8.47
R02,BUS019,8,2,8,0,1,14.7,2049.6,4.6,0,30.7,9.86
R05,BUS021,1,6,20,1,0,27.2,3378.0,1.69,0,59.5,9.54
R01,BUS013,10,1,14,0,0,17.1,2351.3,1.4,0,22.7,8.54
R01,BUS014,3,4,6,0,0,17.2,835.0,1.46,1,20.0,5.06
R06,BUS002,9,1,22,0,0,18.0,3258.5,1.88,0,33.5,11.22
R02,BUS024,9,5,8,1,0,20.3,2185.5,2.7,0,33.7,8.3
R03,BUS022,10,1,12,0,0,16.7,1977.7,0.77,0,39.7,8.15
R04,BUS017,9,3,16,0,0,23.7,2812.7,2.07,0,30.6,7.39
R01,BUS010,11,4,13,0,0,23.0,1105.1,1.72,0,28.9,3.0
R03,BUS007,2,6,12,1,0,27.2,3418.8,1.76,0,37.8,8.21
R01,BUS006,8,2,12,0,0,17.5,1275.9,1.78,0,29.5,5.65
R01,BUS024,6,4,21,0,0,21.1,3345.1,0.21,1,10.8,10.98
R04,BUS006,9,3,8,0,1,14.0,1692.6,6.39,0,50.6,9.43
R06,BUS022,6,3,19,0,1,13.1,2419.5,5.08,0,52.2,13.0
R05,BUS018,1,3,11,0,0,19.6,2630.6,2.87,1,37.6,10.39
R02,BUS022,3,5,12,1,0,25.6,3090.2,2.33,0,32.9,8.33
R06,BUS002,10,4,15,0,0,32.7,3117.1,2.26,1,49.8,8.03
R06,BUS002,8,4,21,0,0,25.3,3431.5,2.25,0,43.7,9.5
R04,BUS012,1,3,14,0,0,28.3,1036.9,2.44,0,22.2,4.1
R01,BUS012,3,6,20,1,0,35.0,2451.3,1.28,1,28.0,5.98
R06,BUS021,8,4,22,0,0,18.9,242.3,0.79,2,53.9,2.75
R03,BUS004,5,5,13,1,0,34.6,816.9,2.09,1,38.5,3.05
R02,BUS016,5,5,15,1,0,32.1,2614.8,2.17,0,5.0,5.97
R04,BUS020,10,6,5,1,0,28.1,464.1,1.97,2,36.8,3.4
R02,BUS022,6,6,21,1,0,34.5,309.9,0.91,1,49.1,1.47
R06,BUS003,4,0,12,0,0,20.6,1449.0,1.44,1,32.8,5.68
R02,BUS012,5,2,14,0,0,14.1,2624.3,1.76,0,52.2,12.93
R02,BUS022,5,5,5,1,0,30.4,735.8,1.29,0,57.9,1.45
R06,BUS020,12,2,19,0,1,11.1,3156.6,4.5,0,60.6,19.26
R05,BUS018,11,4,5,0,0,23.9,1869.1,1.6,1,57.3,5.74
R06,BUS017,4,1,8,0,1,16.6,2454.8,3.78,0,41.1,10.83
R02,BUS009,12,4,17,0,1,18.4,2381.8,5.84,0,42.0,9.16
R04,BUS010,10,1,17,0,1,9.1,425.9,4.85,0,58.7,5.45
R04,BUS005,11,1,21,0,0,17.9,2426.8,2.15,0,42.9,8.47
R06,BUS007,11,4,12,0,0,17.5,758.6,2.13,0,9.4,3.77
R06,BUS019,4,6,7,1,0,27.8,2108.2,2.29,1,54.9,5.7
R04,BUS020,10,1,20,0,1,14.1,2634.6,4.04,0,67.8,12.42
R02,BUS009,8,6,21,1,0,34.7,3346.9,2.43,0,5.0,6.68
R03,BUS006,4,4,18,0,1,14.4,407.4,5.72,1,54.1,4.81
R04,BUS001,6,3,22,0,0,33.0,1754.4,0.92,0,12.7,3.84
R01,BUS013,7,4,17,0,1,22.6,2958.3,6.43,0,92.9,10.05
R03,BUS016,11,1,8,0,1,10.4,2282.9,4.61,0,82.8,15.88
R02,BUS019,7,3,11,0,0,24.3,999.2,0.0,1,5.0,3.41
R06,BUS016,7,0,14,0,0,21.2,3380.2,1.83,0,55.1,10.38
R06,BUS002,3,4,15,0,0,24.4,544.3,0.95,1,33.3,2.18
R05,BUS016,6,0,18,0,1,11.8,741.5,4.65,0,53.4,5.94
R06,BUS016,6,6,11,1,0,25.7,2399.9,2.42,1,27.4,6.87
R06,BUS017,5,2,8,0,1,21.8,2355.3,4.35,0,71.8,7.54
R01,BUS021,10,0,10,0,1,22.7,2457.1,5.88,2,66.7,9.99
R06,BUS024,1,0,16,0,0,12.7,357.1,2.15,0,29.9,2.47
R04,BUS021,7,2,7,0,0,35.4,3180.9,1.02,0,42.0,6.78
R03,BUS012,9,1,21,0,0,28.8,1392.2,1.18,0,39.9,3.54
R03,BUS023,12,4,14,0,0,27.2,2246.4,1.72,0,26.8,5.21
R01,BUS023,8,2,6,0,0,24.6,2233.8,0.77,0,27.5,5.77
R03,BUS018,10,2,18,0,1,23.4,2670.8,5.36,0,62.6,9.86
R04,BUS011,1,1,18,0,1,19.5,2791.2,5.04,0,70.7,10.38
R04,BUS011,4,6,22,1,0,30.0,478.5,0.0,1,23.1,2.54
R01,BUS002,2,3,14,0,0,16.6,975.0,1.05,0,19.8,3.33
R01,BUS004,4,0,7,0,0,20.6,2103.4,1.63,1,36.1,7.73
R06,BUS015,11,3,6,0,0,17.7,3223.3,0.89,0,7.2,10.93
R02,BUS023,10,4,9,0,1,19.7,2850.0,4.91,0,87.3,10.09
R04,BUS013,11,5,21,1,0,43.5,3226.0,1.52,1,54.4,7.54
R03,BUS013,11,3,19,0,1,13.1,448.9,5.97,0,55.8,4.89
R03,BUS011,10,6,19,1,0,30.3,707.6,0.92,0,46.8,2.5
R05,BUS017,6,6,13,1,0,20.0,911.0,1.64,1,51.8,4.26
R04,BUS011,3,0,14,0,0,21.0,3402.8,0.79,2,9.8,11.3
R01,BUS007,10,2,22,0,0,13.1,1831.2,2.42,0,27.0,9.41
R05,BUS024,10,1,11,0,0,22.5,673.3,2.23,0,42.2,3.01
R04,BUS009,12,3,20,0,1,12.7,3336.1,5.13,0,74.1,17.98
R05,BUS012,9,0,21,0,0,25.8,1542.0,4.09,0,22.0,5.1
R04,BUS024,2,3,20,0,1,22.8,2138.3,5.96,0,82.8,8.17
R04,BUS009,9,2,9,0,1,18.4,867.5,4.31,0,54.4,4.43
R05,BUS016,8,5,21,1,0,28.8,1440.7,1.55,0,28.4,2.57
R06,BUS005,2,1,21,0,0,18.3,1881.9,1.58,0,55.0,6.98
R02,BUS003,3,3,19,0,1,14.1,950.1,3.65,1,73.5,7.16
R03,BUS016,5,3,6,0,0,27.6,2359.4,1.02,1,12.4,7.02
R04,BUS011,8,6,6,1,0,24.1,1394.8,1.11,0,55.6,3.26
R06,BUS013,3,6,11,1,0,28.1,2084.3,1.04,0,24.5,5.23
R03,BUS016,11,1,6,0,0,25.8,2599.1,1.39,0,32.3,6.54
R03,BUS006,2,2,21,0,0,21.2,1137.7,2.85,0,17.4,4.06
R02,BUS021,2,2,9,0,1,13.6,2606.5,4.72,0,62.2,13.29
R06,BUS009,5,6,19,1,0,29.9,2789.2,2.02,0,45.5,6.14
R03,BUS007,6,5,9,1,0,31.9,2206.0,2.19,0,42.9,5.58
R04,BUS022,12,6,7,1,0,29.9,2846.4,1.63,0,16.2,6.8
R06,BUS019,11,5,20,1,0,30.1,2810.6,1.39,1,19.2,6.32
R02,BUS015,1,4,11,0,0,23.8,3095.0,1.6,0,39.6,7.59
R03,BUS018,6,0,11,0,0,23.5,315.6,3.17,1,48.7,2.48
R06,BUS003,9,0,11,0,0,18.9,582.3,1.28,0,21.3,2.96
R01,BUS013,2,3,10,0,1,17.4,2804.8,4.65,1,46.0,12.98
R02,BUS007,12,5,15,1,0,36.8,2789.3,1.78,1,15.6,6.92
R06,BUS015,5,5,8,1,0,23.8,2494.9,0.72,0,27.7,8.34
R01,BUS002,1,4,14,0,0,25.5,2575.2,1.75,0,38.9,7.55
R03,BUS014,6,3,17,0,1,22.5,1368.2,5.8,0,42.4,6.21
R05,BUS012,3,3,9,0,1,22.4,3223.4,4.5,0,67.2,10.96
R05,BUS004,1,3,9,0,1,15.1,3369.6,4.52,2,76.5,16.94
R02,BUS009,3,1,6,0,0,17.1,655.5,0.82,0,26.8,2.6
R04,BUS016,2,5,14,1,0,32.4,2281.3,1.37,0,23.6,4.66
R02,BUS003,3,4,10,0,1,15.9,3481.2,4.57,0,47.6,14.23
R04,BUS016,5,5,11,1,0,36.9,1003.4,1.95,1,49.5,3.8
R03,BUS006,8,3,10,0,1,12.2,3275.2,4.39,0,66.4,18.21
R04,BUS015,3,1,12,0,0,26.9,2795.3,1.11,0,18.7,7.3
R02,BUS005,4,1,22,0,0,19.4,3220.1,2.11,0,26.6,11.8
R05,BUS019,2,0,10,0,1,11.7,3418.5,6.71,0,54.8,19.82
R01,BUS022,2,0,21,0,0,16.2,1363.2,1.39,0,36.2,5.03
R02,BUS018,2,4,22,0,0,18.0,1581.1,1.31,0,5.0,6.6
R04,BUS001,1,3,11,0,0,21.2,2680.1,2.34,0,21.9,8.04
R06,BUS015,2,5,9,1,0,34.8,650.3,1.75,0,37.5,1.32
R05,BUS011,1,6,5,1,0,22.4,2743.5,2.02,0,36.0,7.67
R01,BUS014,7,1,7,0,0,23.8,2200.1,0.52,0,46.3,4.62
R03,BUS021,3,0,12,0,0,20.2,2284.2,0.0,1,67.7,7.53
R02,BUS023,3,6,11,1,0,24.3,2019.4,0.07,0,36.1,5.71
R02,BUS002,7,6,18,1,0,32.9,1393.5,2.18,0,30.2,3.1
R04,BUS020,6,5,11,1,0,17.5,2571.7,2.98,1,42.1,10.57
R05,BUS020,5,3,14,0,0,20.0,2185.2,2.74,0,41.9,7.34
R03,BUS006,1,5,9,1,0,28.2,2165.0,2.73,0,34.8,6.77
R04,BUS007,3,5,7,1,0,29.5,678.6,1.17,1,37.4,2.86
R01,BUS008,11,1,14,0,0,28.5,828.2,0.77,0,48.4,1.55
R05,BUS001,3,1,18,0,1,18.0,2616.8,5.53,0,94.5,10.52
R04,BUS020,9,2,5,0,0,16.5,1827.9,1.89,0,8.4,6.04
R05,BUS006,10,4,20,0,1,17.7,2857.7,6.57,0,47.3,12.69
R04,BUS001,11,1,8,0,1,17.2,2449.6,4.53,0,72.9,10.34
R04,BUS023,6,5,14,1,0,24.2,679.4,2.06,1,44.1,2.75
R04,BUS009,11,5,6,1,0,25.8,3099.5,2.59,2,57.7,9.46
R04,BUS006,12,0,22,0,0,25.8,417.1,2.08,0,33.6,0.68
R04,BUS012,10,3,12,0,0,19.6,1352.0,1.02,0,35.9,5.04
R05,BUS014,12,3,22,0,0,21.0,789.7,1.46,0,40.7,2.72
R02,BUS017,10,5,15,1,0,31.1,1039.4,2.1,0,34.7,3.2
R01,BUS024,8,1,16,0,0,20.2,684.7,1.3,0,5.0,2.64
R01,BUS024,7,4,5,0,0,23.0,1577.7,2.64,1,49.5,5.1
R03,BUS016,9,3,20,0,1,8.7,1733.6,6.49,0,54.7,15.21
R06,BUS016,11,0,7,0,0,26.1,272.1,1.26,0,39.2,0.48
R01,BUS015,4,5,6,1,0,34.6,1292.9,1.26,0,23.7,2.62
R04,BUS004,3,6,10,1,0,37.0,2870.2,2.42,0,36.8,5.68
R02,BUS014,9,6,11,1,0,37.7,2449.7,1.54,0,24.2,4.41
R05,BUS020,5,1,22,0,0,25.7,2639.8,1.56,0,65.8,7.57
R06,BUS020,2,6,19,1,0,31.0,2813.8,0.85,2,35.7,7.82
R01,BUS017,1,0,20,0,1,21.8,1542.5,4.94,2,49.7,7.73
R04,BUS013,6,2,17,0,1,11.4,1818.9,5.15,0,47.6,10.76
R02,BUS006,2,6,17,1,0,24.3,3240.2,0.47,0,36.7,8.22
R01,BUS016,9,1,9,0,1,9.3,3310.7,5.12,1,74.5,24.33
R04,BUS009,1,0,7,0,0,17.5,458.9,1.41,0,36.0,2.41
R02,BUS003,2,0,20,0,1,9.4,2616.4,4.3,0,34.7,18.94
R06,BUS016,1,0,16,0,0,24.2,956.8,1.07,0,33.5,2.75
R06,BUS004,6,1,7,0,0,22.1,2372.1,0.65,0,24.5,6.59
R04,BUS011,3,2,12,0,0,20.1,2623.9,1.5,0,27.3,8.82
R03,BUS010,4,1,17,0,1,3.0,2206.3,3.84,0,95.8,46.17
R05,BUS016,6,4,13,0,0,12.0,2310.7,0.0,0,34.3,10.77
R02,BUS019,6,4,20,0,1,10.1,1066.3,4.7,0,79.7,7.64
R06,BUS018,1,0,18,0,1,12.0,442.4,4.91,0,61.0,4.35
R01,BUS021,4,0,15,0,0,20.3,1897.7,1.54,0,25.6,6.43
R04,BUS021,11,2,6,0,0,22.3,2267.5,0.05,1,25.0,7.09
R02,BUS015,4,3,11,0,0,21.1,1881.7,1.37,0,39.3,6.69
R06,BUS017,5,6,12,1,0,26.7,2790.0,0.8,1,41.0,7.3
R06,BUS021,1,4,22,0,0,25.2,663.7,1.83,0,20.9,1.51
R03,BUS005,9,6,15,1,0,26.5,1061.7,2.62,0,37.8,2.18
R06,BUS024,1,4,15,0,0,34.4,2227.6,1.1,0,66.8,4.16
R04,BUS022,8,5,8,1,0,34.2,2847.9,1.94,0,49.1,6.34
R04,BUS016,12,3,9,0,1,10.1,2096.5,4.83,0,76.1,15.28
R01,BUS016,4,1,17,0,1,18.3,2884.3,3.63,0,57.2,11.75
R03,BUS013,5,4,13,0,0,15.3,1649.0,1.96,0,25.8,7.71
R03,BUS018,5,4,5,0,0,22.1,1356.4,1.58,1,45.7,5.34
R03,BUS020,1,4,20,0,1,4.7,3164.2,4.43,0,97.3,41.56
R02,BUS011,10,6,14,1,0,27.9,2282.8,0.65,0,18.8,5.31
R05,BUS001,10,5,16,1,0,19.4,3196.6,0.75,0,65.4,9.78
R01,BUS009,1,2,17,0,1,7.2,2384.6,5.31,1,63.0,23.02
R03,BUS008,10,5,15,1,0,27.5,971.8,1.0,1,45.7,3.53
R02,BUS014,2,5,6,1,0,35.9,3034.8,2.6,1,15.7,7.23
R02,BUS022,7,1,8,0,1,9.1,981.8,5.11,0,79.6,8.75
R03,BUS013,12,2,6,0,0,22.7,469.4,0.0,0,43.2,2.2
R02,BUS009,4,4,7,0,0,26.5,1583.5,1.01,0,18.8,4.31
R04,BUS006,12,2,14,0,0,23.1,1269.6,0.89,0,45.4,3.68
R02,BUS022,2,1,19,0,1,13.4,1471.0,4.55,1,64.7,8.91
R03,BUS013,6,0,5,0,0,25.6,1727.7,1.65,0,26.7,3.97
R04,BUS011,4,2,19,0,1,21.8,3305.2,5.59,0,56.6,11.62
R01,BUS010,8,1,6,0,0,24.2,628.6,1.92,0,43.0,2.3
R05,BUS003,1,4,14,0,0,12.5,2239.5,2.58,0,57.4,10.66
R03,BUS001,2,1,8,0,1,16.1,2184.0,5.87,0,49.5,11.19
R04,BUS021,2,2,19,0,1,6.2,230.0,4.27,0,72.1,4.18
R02,BUS021,10,2,19,0,1,15.1,412.6,6.36,0,45.1,4.28
R01,BUS008,2,1,11,0,0,16.0,647.2,1.48,0,31.9,2.55
R01,BUS016,3,2,15,0,0,25.8,1999.3,2.65,1,49.1,7.12
R02,BUS012,8,4,5,0,0,24.8,1098.3,1.34,0,42.8,2.58
R06,BUS003,5,3,21,0,0,20.4,1225.3,2.0,0,22.5,3.85
R05,BUS011,7,2,11,0,0,30.9,2955.5,2.14,0,16.8,7.11
R02,BUS011,12,3,11,0,0,26.2,2513.5,2.48,0,33.0,7.36
R05,BUS008,11,5,8,1,0,29.7,657.2,1.2,1,24.4,2.8
R05,BUS006,3,4,12,0,0,17.9,1564.6,1.41,1,57.6,6.87
R06,BUS021,11,3,5,0,0,18.4,3428.8,2.85,0,40.2,12.2
R02,BUS013,1,0,22,0,0,25.7,1133.2,1.5,0,47.4,3.15
R01,BUS020,11,4,9,0,1,9.9,3404.6,5.16,0,90.3,24.14
R05,BUS021,5,0,13,0,0,25.2,1825.2,0.77,0,36.0,3.43
R01,BUS019,7,1,21,0,0,13.8,1870.0,1.6,0,47.1,8.68
R06,BUS009,8,5,13,1,0,27.7,202.8,1.74,0,41.7,0.39
R05,BUS018,10,0,19,0,1,12.5,2612.7,3.78,0,60.9,13.65
R06,BUS004,5,4,17,0,1,19.7,374.8,4.35,0,87.0,3.59
R05,BUS005,7,5,10,1,0,36.5,1252.5,1.07,0,50.9,2.07
R06,BUS021,7,4,18,0,1,15.3,2451.2,4.97,0,55.3,11.04
R01,BUS017,4,5,10,1,0,31.3,2899.8,2.17,0,32.9,6.05
R03,BUS016,5,0,7,0,0,16.8,2066.1,1.36,0,42.7,7.47
R03,BUS014,9,6,17,1,0,27.5,656.9,0.71,0,18.2,1.4
R05,BUS009,12,2,21,0,0,17.8,2794.2,1.03,0,61.6,10.24
R05,BUS006,6,6,10,1,0,18.7,680.8,2.52,0,15.2,2.92
R05,BUS018,7,0,9,0,1,13.2,940.4,4.91,0,60.2,6.74
R03,BUS009,7,4,6,0,0,18.4,1158.7,1.73,0,31.1,4.26
R01,BUS004,7,0,15,0,0,19.8,1729.2,0.85,1,23.2,5.33
R01,BUS024,9,6,9,1,0,31.1,2010.2,2.41,0,38.7,4.42
R05,BUS015,6,4,7,0,0,17.5,2460.6,1.85,0,34.2,8.65
R06,BUS001,3,3,17,0,1,8.3,2908.7,5.32,0,48.8,23.25
R05,BUS024,10,6,21,1,0,30.2,3360.1,0.99,0,28.2,6.81
R06,BUS010,9,1,14,0,0,30.6,3131.5,1.58,0,6.2,6.43
R02,BUS008,12,3,16,0,0,17.7,2828.8,1.89,0,50.4,10.77
R05,BUS017,8,2,19,0,1,18.3,2173.5,5.55,0,50.4,8.18
R03,BUS017,11,6,11,1,0,29.5,870.0,1.13,0,26.9,2.87
R01,BUS024,9,4,18,0,1,16.5,1191.9,5.85,0,57.5,5.46
R03,BUS006,12,2,17,0,1,10.8,1862.9,4.77,0,47.8,11.51
R01,BUS007,8,0,8,0,1,13.7,2297.9,4.11,0,67.0,12.75
R04,BUS020,9,5,7,1,0,34.7,1963.4,1.0,0,23.8,4.1
R05,BUS021,12,3,20,0,1,18.2,1439.0,4.62,0,69.9,7.41
R01,BUS012,11,2,7,0,0,18.5,1213.9,1.33,1,23.3,5.32
R01,BUS004,12,0,5,0,0,25.3,241.6,0.92,0,48.4,1.1
R04,BUS015,3,4,21,0,0,28.6,639.2,0.21,0,29.2,2.29
R01,BUS002,12,0,15,0,0,12.0,3171.4,1.55,1,54.5,17.49
R06,BUS021,12,2,12,0,0,21.7,2382.5,0.0,0,42.0,7.32
R03,BUS021,11,4,22,0,0,18.5,3399.9,1.17,1,37.4,12.66
R01,BUS016,4,1,11,0,0,13.9,2101.4,1.86,0,6.8,10.64
R03,BUS013,11,1,7,0,0,19.0,291.1,2.24,0,40.0,1.38
R05,BUS018,4,6,14,1,0,22.8,3134.4,2.68,0,60.8,8.56
R01,BUS017,4,5,18,1,0,33.8,491.2,0.0,0,28.4,1.55
R06,BUS013,6,3,17,0,1,13.2,1331.6,4.57,0,63.6,8.02
R03,BUS019,5,1,5,0,0,20.5,1912.7,1.59,0,5.2,5.92
R04,BUS023,6,3,20,0,1,10.1,3454.9,4.09,1,69.2,21.98
R01,BUS002,12,0,11,0,0,19.0,2396.8,0.92,0,31.3,7.52
R01,BUS001,3,3,6,0,0,23.7,3358.3,1.32,0,47.8,9.5
R04,BUS009,11,6,17,1,0,32.5,1389.6,1.31,0,39.9,3.66
R06,BUS013,6,3,13,0,0,29.1,2138.1,2.18,0,28.0,5.76
R04,BUS021,4,5,22,1,0,20.3,1084.5,0.5,0,37.8,3.4
R05,BUS007,3,6,16,1,0,31.3,495.7,0.96,0,28.7,0.8
R02,BUS014,4,0,19,0,1,13.1,1843.9,4.98,0,87.9,11.58
R03,BUS002,5,1,20,0,1,14.2,509.6,5.51,0,62.1,4.41
R03,BUS007,9,0,16,0,0,20.9,2617.9,1.27,2,41.2,10.16
R01,BUS006,10,2,17,0,1,14.5,2666.1,6.34,0,57.7,13.58
R06,BUS008,11,1,22,0,0,13.8,2943.5,1.45,0,41.5,12.9
R06,BUS013,3,4,7,0,0,27.4,2797.3,1.81,1,42.1,7.66
R03,BUS020,2,1,15,0,0,25.9,2198.2,0.04,0,42.3,5.33
R01,BUS002,12,2,21,0,0,23.6,2717.1,1.13,0,41.6,7.75
R01,BUS019,3,6,19,1,0,29.4,3391.1,1.63,0,41.3,7.91
R05,BUS004,12,6,6,1,0,37.5,2660.5,1.04,1,5.0,5.69
R03,BUS007,12,0,13,0,0,21.2,435.7,1.08,2,29.0,3.09
R05,BUS007,8,5,12,1,0,27.4,3439.9,1.35,0,45.0,8.18
R06,BUS004,12,5,20,1,0,27.2,2315.1,2.71,1,36.9,7.08
R04,BUS021,9,2,7,0,0,20.1,1682.0,3.07,0,22.3,6.39
R01,BUS006,12,1,19,0,1,14.7,618.3,5.67,0,73.8,4.26
R01,BUS017,11,0,11,0,0,21.1,2821.9,2.51,1,28.1,9.21
R03,BUS010,11,0,16,0,0,31.9,3464.0,0.39,1,38.0,6.85
R01,BUS018,2,4,6,0,0,26.3,1042.3,0.44,0,39.8,3.11
R03,BUS024,6,5,7,1,0,30.2,2891.3,1.59,0,34.8,5.91
R01,BUS004,11,5,13,1,0,32.6,550.3,1.4,0,57.5,2.09
R02,BUS017,10,0,13,0,0,13.2,3137.0,1.72,1,48.4,15.75
R01,BUS013,7,1,19,0,1,12.0,1008.5,4.1,0,70.3,7.6
R05,BUS021,4,3,12,0,0,16.3,2613.1,2.12,0,20.5,10.98
R04,BUS013,4,4,16,0,0,25.3,1531.3,0.12,0,5.0,4.37
R01,BUS006,12,2,8,0,1,15.5,1222.9,4.11,0,48.3,6.78
R06,BUS018,7,1,12,0,0,28.5,2564.8,0.84,1,30.8,6.14
R06,BUS009,10,6,21,1,0,33.9,1192.1,2.59,0,34.1,2.54
R04,BUS019,2,6,5,1,0,34.4,246.1,1.3,1,10.1,1.75
R02,BUS022,1,5,15,1,0,27.6,2325.8,3.05,0,34.7,7.1
R03,BUS019,7,1,16,0,0,24.4,2096.0,2.76,0,56.9,6.58
R02,BUS023,3,0,9,0,1,4.2,214.1,5.37,0,69.6,5.33
R06,BUS018,3,3,6,0,0,21.4,3211.7,0.7,0,47.2,9.29
R01,BUS004,7,3,15,0,0,24.5,2117.4,1.5,0,39.7,6.17
R06,BUS002,4,0,19,0,1,17.7,1906.9,4.68,0,53.7,8.98
R05,BUS013,11,3,16,0,0,13.7,1789.2,1.51,0,20.7,9.26
R06,BUS008,8,2,10,0,1,14.8,202.0,5.19,0,87.4,2.2
R01,BUS013,2,6,17,1,0,23.7,611.2,1.47,0,46.5,2.38
R04,BUS005,4,2,18,0,1,14.4,1475.6,4.86,0,78.9,8.78
R03,BUS005,12,0,14,0,0,22.8,2325.1,0.99,0,25.1,6.22
R05,BUS004,1,5,16,1,0,44.2,840.1,2.83,0,41.5,2.37
R03,BUS004,6,6,12,1,0,21.8,1760.7,1.0,1,45.5,5.69
R05,BUS017,12,4,18,0,1,17.7,3340.8,4.17,2,66.2,14.68
R05,BUS017,3,1,11,0,0,27.2,3223.2,1.82,1,25.8,8.55
R04,BUS011,1,1,10,0,1,19.6,2371.7,4.24,0,28.1,8.78
R02,BUS012,1,4,16,0,0,29.9,3014.3,1.53,0,22.9,6.83
R02,BUS014,4,3,5,0,0,20.1,321.2,1.76,0,11.1,1.98
R04,BUS008,12,2,19,0,1,19.7,1287.2,4.61,0,65.1,6.24
R06,BUS020,2,4,18,0,1,11.9,962.9,6.18,1,36.3,8.37
R02,BUS021,10,6,10,1,0,30.7,349.0,2.27,1,43.2,2.52
R04,BUS007,11,5,14,1,0,30.2,1182.3,1.69,0,35.4,3.45
R04,BUS005,10,0,17,0,1,16.4,3114.6,6.49,0,56.0,13.46
R05,BUS011,4,6,20,1,0,26.4,2561.4,1.07,2,21.4,7.62
R05,BUS011,2,6,13,1,0,22.8,1702.7,1.62,1,25.3,5.77
R02,BUS001,4,1,18,0,1,17.7,1060.9,5.79,0,56.8,7.02
R06,BUS008,7,2,15,0,0,23.5,1096.9,2.54,0,52.7,4.41
R03,BUS014,10,6,17,1,0,18.0,2332.7,2.31,0,34.3,9.04
R03,BUS015,4,6,8,1,0,31.1,3021.5,2.04,0,24.9,6.67
R04,BUS015,3,5,10,1,0,21.6,2661.5,2.09,0,54.6,7.35
R02,BUS013,11,0,14,0,0,24.2,1402.3,1.97,0,15.4,4.04
R04,BUS002,12,6,20,1,0,25.2,1393.9,0.68,0,32.9,4.65
R04,BUS012,5,5,20,1,0,39.0,3264.8,2.01,2,53.7,8.11
R06,BUS001,12,1,10,0,1,12.7,1624.9,5.55,0,85.1,10.55
R01,BUS015,8,6,8,1,0,21.9,345.0,1.05,0,24.7,1.01
R01,BUS022,3,4,18,0,1,8.0,1583.1,3.33,0,47.0,12.62
R04,BUS006,11,6,21,1,0,32.8,2297.6,2.11,0,42.3,4.84
R06,BUS015,9,5,6,1,0,36.9,757.9,1.5,0,49.5,2.05
R01,BUS001,5,5,12,1,0,32.1,1566.6,0.35,0,34.5,2.9
R01,BUS014,10,2,9,0,1,14.0,218.6,5.13,2,59.9,4.94
R02,BUS007,1,4,13,0,0,19.6,449.5,1.3,1,47.8,2.76
R01,BUS007,6,4,21,0,0,19.2,2307.7,3.64,1,52.2,9.75
R06,BUS007,5,6,6,1,0,23.4,1962.9,0.94,0,43.3,5.01
R02,BUS015,9,3,9,0,1,15.8,1265.4,5.56,0,47.8,6.11
R01,BUS012,5,2,7,0,0,28.1,2650.5,0.76,0,57.7,6.08
R05,BUS021,1,4,10,0,1,18.3,2144.2,5.11,1,71.1,8.06
R02,BUS017,3,3,20,0,1,14.3,3179.4,5.07,1,58.6,16.16
R04,BUS002,12,2,18,0,1,25.2,2589.5,5.0,0,54.1,8.7
R01,BUS008,3,2,14,0,0,18.3,3060.4,1.07,0,34.8,10.81
R04,BUS018,3,4,18,0,1,16.2,3023.9,5.37,0,30.5,12.2
R01,BUS013,1,6,19,1,0,24.2,655.3,0.43,1,27.6,2.2
R04,BUS008,6,1,12,0,0,19.2,1477.8,0.99,1,34.7,6.35
R02,BUS009,6,6,5,1,0,34.7,334.9,0.62,0,36.4,0.72
R02,BUS019,7,6,8,1,0,31.1,3014.7,1.77,0,53.2,5.62
R01,BUS002,11,3,8,0,1,19.6,1671.4,5.16,0,79.5,6.35
R05,BUS018,4,3,7,0,0,23.5,831.4,0.6,0,51.5,2.7
R02,BUS016,1,3,6,0,0,31.1,999.6,0.75,0,64.8,1.64
R06,BUS024,1,1,18,0,1,10.0,1366.3,5.91,0,55.6,9.48
R06,BUS002,7,0,20,0,1,9.2,2281.8,5.35,1,59.5,17.73
R04,BUS003,12,6,12,1,0,36.0,2238.4,1.59,1,55.2,5.66
R06,BUS009,7,2,9,0,1,14.5,922.9,5.6,0,71.7,5.32
R02,BUS018,12,6,15,1,0,31.7,2169.9,1.42,0,28.5,4.79
R03,BUS004,2,6,21,1,0,26.4,591.6,1.22,0,30.8,2.33
R03,BUS023,10,5,9,1,0,23.1,874.0,2.31,0,16.6,3.73
R02,BUS018,9,3,14,0,0,30.3,2572.4,1.45,0,38.3,5.44
R04,BUS006,5,3,6,0,0,20.5,714.0,0.0,2,59.8,3.79
R03,BUS011,7,6,16,1,0,31.9,2001.8,1.28,0,47.7,5.26
R03,BUS021,2,5,12,1,0,20.3,770.1,2.12,1,44.3,4.28
R06,BUS024,6,2,7,0,0,17.6,814.1,1.03,0,51.3,3.98
R06,BUS009,7,2,15,0,0,30.0,1875.5,0.15,0,31.1,3.2
R02,BUS014,8,4,6,0,0,23.3,1795.4,1.59,0,39.5,5.97
R01,BUS011,3,1,11,0,0,15.2,2220.8,0.91,0,21.6,10.0
R04,BUS023,10,4,10,0,1,9.7,2276.4,4.95,0,82.7,16.81
R06,BUS015,6,0,10,0,1,12.1,1972.9,5.55,0,18.3,12.13
R03,BUS003,8,2,8,0,1,20.4,410.1,4.47,0,85.4,3.63
R06,BUS018,8,2,11,0,0,21.7,2243.2,1.79,0,23.0,6.88
R05,BUS022,12,2,16,0,0,23.0,1738.6,0.35,0,5.0,4.5
R05,BUS020,10,0,15,0,0,25.6,375.1,2.42,0,31.0,0.3
R06,BUS023,3,4,21,0,0,17.8,2483.3,2.67,0,44.6,8.11
R05,BUS008,8,3,6,0,0,23.8,3165.6,1.58,0,36.6,8.25
R01,BUS014,1,3,16,0,0,18.3,1416.3,0.06,0,17.1,5.28
R02,BUS018,7,6,6,1,0,28.9,1405.6,2.98,0,5.0,4.24
R02,BUS003,1,0,19,0,1,10.2,866.9,5.46,0,76.3,7.45
R03,BUS007,12,0,16,0,0,22.7,1840.9,1.01,1,23.4,6.41
R03,BUS005,5,3,5,0,0,14.7,1804.5,1.95,1,33.3,8.91
R01,BUS005,4,6,9,1,0,25.1,445.2,2.94,0,23.2,2.46
R06,BUS018,6,5,9,1,0,31.1,1844.7,1.38,0,65.2,3.88
R03,BUS002,5,5,8,1,0,25.3,2439.1,2.12,0,35.6,5.89
R03,BUS007,8,6,7,1,0,35.4,1354.4,1.39,0,41.5,2.02
R01,BUS014,3,4,10,0,1,11.5,2706.5,5.09,0,58.7,15.95
R01,BUS011,5,1,19,0,1,17.9,3350.7,5.73,1,76.2,14.81
R02,BUS001,5,2,15,0,0,19.6,2247.1,1.69,0,10.8,7.29
R02,BUS004,3,5,22,1,0,25.2,3334.9,1.74,0,47.1,8.64
R03,BUS015,1,1,22,0,0,21.1,2100.0,1.65,0,25.7,6.81
R01,BUS012,9,6,16,1,0,19.1,610.8,1.52,0,17.5,2.55
R01,BUS004,7,1,22,0,0,25.5,1258.9,1.82,1,20.8,4.48
R03,BUS009,11,2,21,0,0,7.7,504.9,1.81,0,41.5,3.99
R01,BUS011,7,1,12,0,0,20.8,2150.5,2.24,1,47.6,7.48
R04,BUS022,10,0,18,0,1,7.3,1925.9,5.45,2,48.4,19.63
R04,BUS020,4,3,11,0,0,21.1,2739.5,0.63,0,39.1,7.43
R03,BUS001,1,3,17,0,1,28.1,1567.2,5.27,0,74.2,5.63
R05,BUS010,3,2,11,0,0,29.4,1101.6,2.25,0,38.1,3.94
R05,BUS017,3,3,20,0,1,13.4,3174.0,4.78,0,89.6,16.26
R04,BUS002,9,5,8,1,0,18.7,3329.2,0.79,0,27.1,11.31
R03,BUS023,1,4,21,0,0,21.6,3094.2,1.34,0,43.1,8.67
R04,BUS013,7,2,21,0,0,28.6,2304.7,2.04,0,18.8,6.62
R03,BUS023,8,6,13,1,0,23.7,3156.6,1.01,0,37.1,8.6
R02,BUS014,1,1,13,0,0,20.5,273.1,1.33,1,40.0,1.74
R01,BUS009,3,0,6,0,0,24.5,2549.7,0.44,0,33.3,6.28
R06,BUS002,6,5,5,1,0,22.7,3002.8,0.8,1,50.4,8.21
R04,BUS012,10,2,21,0,0,18.5,2655.5,3.02,0,47.4,10.27
R02,BUS014,8,4,12,0,0,30.7,2310.9,0.25,0,33.4,3.9
R03,BUS024,5,2,12,0,0,15.9,921.6,2.27,0,29.9,3.15
R02,BUS014,7,1,19,0,1,14.7,2062.4,4.47,0,52.5,10.4
R03,BUS001,8,1,7,0,0,34.6,2298.5,1.41,0,39.4,4.8
R04,BUS018,7,2,15,0,0,31.5,2941.5,1.49,0,8.9,6.74
R03,BUS007,8,2,14,0,0,32.6,2496.2,2.38,0,28.4,5.67
R04,BUS019,9,1,9,0,1,11.1,1224.1,4.56,1,80.3,8.83
R01,BUS001,6,1,16,0,0,23.1,2988.9,0.95,0,15.7,8.56
R03,BUS021,3,5,15,1,0,27.1,1057.6,0.41,0,22.6,1.88
R06,BUS019,1,4,6,0,0,14.8,1507.9,1.36,0,28.8,7.57
R06,BUS010,2,2,11,0,0,22.5,2125.9,2.22,0,49.1,6.43
R05,BUS002,10,2,13,0,0,23.3,1954.0,1.27,0,28.2,5.56
R06,BUS005,8,6,6,1,0,28.7,1961.0,1.36,2,32.7,6.28
R06,BUS012,3,6,7,1,0,30.3,2672.2,1.24,0,23.1,5.91
R02,BUS007,3,6,14,1,0,34.6,2949.4,0.95,0,43.2,5.26
R02,BUS022,6,6,12,1,0,22.6,1517.4,1.92,1,28.8,4.84
R05,BUS017,7,1,15,0,0,25.3,3099.1,1.65,0,30.2,7.8
R02,BUS021,7,4,10,0,1,13.0,211.4,5.41,0,77.0,3.41
R01,BUS005,6,2,16,0,0,28.2,2092.9,1.52,1,46.8,5.84
R06,BUS024,2,2,18,0,1,6.0,1368.4,4.67,0,70.3,16.28
R02,BUS010,4,6,15,1,0,29.4,1308.5,1.35,0,24.4,2.8
R04,BUS009,5,5,15,1,0,26.7,1910.7,1.99,0,40.1,6.18
R04,BUS014,11,6,13,1,0,29.3,2890.3,2.16,0,34.6,6.92
R01,BUS012,4,1,22,0,0,25.5,1033.1,2.3,0,35.5,3.44
R04,BUS016,10,5,16,1,0,24.7,1005.1,1.2,1,60.1,4.55
R03,BUS023,3,6,6,1,0,25.2,1381.0,2.4,1,35.8,4.7
R01,BUS018,8,1,10,0,1,12.6,682.0,5.15,0,60.3,5.14
R03,BUS019,10,3,10,0,1,10.9,2177.9,4.3,1,68.6,13.91
R06,BUS013,4,5,12,1,0,29.9,1202.8,1.07,1,32.9,3.59
R03,BUS023,6,2,5,0,0,33.0,1098.1,0.26,0,34.3,1.67
R06,BUS002,12,3,8,0,1,16.0,530.4,4.15,1,75.9,3.35
R03,BUS022,4,5,18,1,0,31.6,3114.1,0.92,0,23.8,6.68
R06,BUS010,4,4,20,0,1,8.9,1392.7,5.96,0,77.3,11.21
R06,BUS024,3,2,12,0,0,17.6,2820.0,0.15,1,51.8,11.76
R03,BUS006,8,2,5,0,0,21.1,338.7,2.14,0,40.1,2.47
R02,BUS020,10,3,16,0,0,22.6,1217.5,3.42,0,44.5,4.19
R02,BUS004,8,0,5,0,0,22.1,500.7,0.56,1,55.0,3.02
R01,BUS010,5,0,9,0,1,18.4,1474.0,2.86,0,56.6,5.84
R04,BUS008,11,4,21,0,0,16.4,3141.3,1.46,0,32.0,11.92
R06,BUS004,2,4,18,0,1,12.0,2116.3,5.62,1,80.5,13.18
R04,BUS015,4,5,20,1,0,29.9,563.9,1.72,1,38.7,2.73
R05,BUS014,11,0,11,0,0,22.4,1536.3,1.23,0,27.8,2.94
R02,BUS019,1,1,22,0,0,20.3,2344.9,1.93,0,5.0,8.86
R04,BUS010,9,1,15,0,0,28.2,2219.3,1.58,0,44.5,5.51
R06,BUS004,2,5,22,1,0,23.9,2542.9,0.0,0,44.4,6.58
R05,BUS019,6,0,21,0,0,28.4,204.7,1.76,0,22.1,2.14
R02,BUS012,2,1,11,0,0,17.7,814.6,2.56,2,22.0,6.63
R04,BUS024,10,2,16,0,0,16.3,2097.4,2.52,0,52.1,8.13
R01,BUS013,3,3,13,0,0,21.8,2783.6,3.15,0,27.2,9.29
R02,BUS009,6,2,14,0,0,21.8,2719.8,0.88,0,43.8,7.44
R02,BUS010,9,4,20,0,1,13.4,789.5,2.95,2,66.0,6.7
R01,BUS002,11,6,7,1,0,24.9,702.5,0.35,0,26.6,2.53
R06,BUS018,3,1,21,0,0,13.0,1171.8,2.1,0,53.0,6.49
R04,BUS010,9,3,8,0,1,16.9,2834.6,4.83,0,56.6,12.17
R03,BUS011,9,2,22,0,0,23.8,643.4,1.43,0,17.0,1.39
R05,BUS022,9,1,10,0,1,13.6,469.0,4.79,0,26.5,4.39
R05,BUS020,2,0,7,0,0,21.8,2876.7,0.59,0,42.9,7.71
R04,BUS016,10,5,12,1,0,30.2,809.8,1.52,0,65.5,2.38
R02,BUS016,11,5,5,1,0,34.3,764.9,2.87,0,24.6,1.6
R05,BUS007,9,1,13,0,0,13.3,1777.9,1.77,0,5.0,8.79
R01,BUS018,4,3,12,0,0,26.0,2620.1,1.7,0,46.9,6.8
R01,BUS003,7,6,5,1,0,28.9,2814.4,0.88,0,42.3,6.15
R03,BUS006,9,2,17,0,1,16.8,1042.8,2.8,0,57.7,5.03
R05,BUS007,7,3,14,0,0,16.5,2232.4,3.22,0,15.6,9.51
R05,BUS007,10,3,8,0,1,15.8,3293.4,3.13,0,78.9,14.37
R03,BUS009,6,6,18,1,0,24.3,814.7,0.0,1,8.6,3.07
R01,BUS005,8,1,8,0,1,12.5,1292.5,4.9,0,76.0,7.92
R02,BUS020,10,6,7,1,0,20.3,598.2,3.63,0,29.6,3.14
R04,BUS020,10,4,12,0,0,13.7,1941.4,2.07,1,15.0,9.82
R05,BUS009,9,2,15,0,0,24.1,2776.7,1.24,0,43.0,8.19
R03,BUS016,9,3,10,0,1,19.8,3281.9,4.18,0,79.8,11.66
R03,BUS015,2,5,17,1,0,10.6,615.2,0.5,0,32.3,3.76
R01,BUS004,4,5,6,1,0,18.5,2476.0,1.34,0,70.7,8.7
R04,BUS022,2,4,13,0,0,13.9,2989.7,2.39,0,47.7,14.13
R06,BUS021,5,5,6,1,0,25.2,2128.1,2.0,0,24.0,5.36
R01,BUS020,3,4,22,0,0,23.5,3231.6,0.0,0,40.3,8.68
R02,BUS024,12,3,13,0,0,21.7,2436.0,0.74,1,46.3,7.38
R01,BUS015,5,3,22,0,0,21.1,429.2,1.53,0,32.2,2.08
R05,BUS016,12,0,20,0,1,15.5,1619.5,4.91,0,60.9,8.74
R06,BUS012,12,3,11,0,0,25.6,1010.2,1.04,0,35.3,1.86
R06,BUS007,9,6,20,1,0,29.5,1167.4,1.69,0,58.3,2.39
R03,BUS014,3,2,9,0,1,14.0,2631.3,4.71,0,81.7,13.74
R03,BUS020,2,4,10,0,1,22.5,541.5,4.58,0,49.5,2.3
R01,BUS015,4,5,12,1,0,37.1,2276.1,2.41,0,19.9,4.4
R05,BUS003,7,4,7,0,0,29.2,1907.4,0.13,0,34.9,4.1
R03,BUS001,10,0,16,0,0,15.8,487.1,2.15,0,30.4,2.08
R06,BUS012,7,3,8,0,1,17.2,3321.6,5.01,0,62.8,14.68
R06,BUS012,8,2,13,0,0,16.6,302.7,1.31,0,61.0,1.93
R05,BUS005,9,4,13,0,0,22.9,2738.8,2.53,0,63.9,8.15
R01,BUS022,2,3,8,0,1,12.9,1420.2,4.25,0,81.1,8.47
R06,BUS010,7,3,9,0,1,16.6,832.3,5.06,0,47.0,6.04
R02,BUS016,1,3,10,0,1,18.1,1789.0,4.43,1,60.7,7.97
R03,BUS009,5,6,8,1,0,28.2,917.4,0.39,0,23.4,2.58
R01,BUS010,11,0,19,0,1,15.5,3499.7,5.42,0,65.5,15.46
R06,BUS016,7,6,6,1,0,19.4,3070.1,3.01,2,23.7,12.18
R01,BUS013,4,3,14,0,0,31.2,2175.1,2.37,0,49.3,4.19
R05,BUS016,8,4,20,0,1,16.4,2389.8,6.02,0,83.2,11.46
R03,BUS024,9,0,14,0,0,22.8,2960.9,2.18,0,18.5,8.81
R06,BUS011,3,0,16,0,0,33.2,389.8,1.22,0,33.2,0.81
R02,BUS019,10,3,9,0,1,9.0,2390.0,5.06,0,55.7,18.08
R01,BUS004,5,4,8,0,1,10.0,1135.8,5.26,0,74.7,9.46
R02,BUS007,3,3,14,0,0,14.4,1111.4,0.95,0,41.1,4.95
R03,BUS001,3,2,8,0,1,12.7,1785.0,5.89,1,59.2,11.28
R06,BUS019,9,3,19,0,1,12.2,1297.2,5.1,0,84.5,8.24
R03,BUS002,2,0,13,0,0,19.0,311.0,1.83,0,27.8,0.54
R02,BUS009,2,1,22,0,0,20.0,2759.6,1.21,0,45.4,8.68
R06,BUS020,2,4,8,0,1,15.0,1213.8,4.8,0,49.8,6.12
R03,BUS008,12,2,17,0,1,13.2,1193.2,5.34,0,104.0,6.88
R04,BUS003,7,5,19,1,0,24.7,658.8,1.58,0,27.9,2.04
R05,BUS002,3,0,5,0,0,29.9,2581.8,0.1,0,41.5,5.95
R06,BUS009,3,5,8,1,0,33.3,3076.5,0.84,1,17.9,7.12
R01,BUS009,5,0,20,0,1,17.2,511.8,5.51,0,74.5,3.39
R03,BUS002,4,6,6,1,0,27.9,2956.3,0.0,1,28.7,6.87
R06,BUS004,6,2,12,0,0,24.7,1899.5,0.94,1,69.7,5.61
R03,BUS005,9,6,15,1,0,27.4,489.9,4.07,0,52.9,3.76
R05,BUS001,5,5,15,1,0,32.8,887.5,0.69,0,27.9,2.38
R02,BUS009,8,3,20,0,1,9.6,514.4,4.02,0,55.7,5.33
R06,BUS019,9,2,22,0,0,23.8,1148.8,1.07,0,30.0,3.4
R06,BUS007,10,2,6,0,0,26.7,2855.0,2.02,1,35.0,7.1
R06,BUS004,3,5,18,1,0,30.5,1383.5,1.53,1,48.7,4.1
R04,BUS004,10,4,10,0,1,9.2,244.8,5.14,0,49.7,3.23
R03,BUS005,7,3,5,0,0,23.0,2311.5,2.47,0,41.4,7.12
R01,BUS008,12,6,20,1,0,23.5,780.7,0.97,2,35.5,4.3
R04,BUS023,10,3,13,0,0,19.1,2411.5,0.23,1,41.8,8.28
R06,BUS009,1,6,8,1,0,29.2,3069.2,1.22,0,41.4,7.22
R06,BUS013,2,2,17,0,1,13.4,1768.2,4.34,0,65.5,10.02
R05,BUS004,3,1,17,0,1,18.1,1212.9,4.85,2,69.1,8.03
R01,BUS019,2,3,17,0,1,12.8,1344.6,5.54,0,86.6,8.65
R05,BUS017,5,2,10,0,1,15.4,3339.4,4.77,0,69.0,15.52
R03,BUS022,2,5,20,1,0,29.6,1274.2,0.14,1,20.5,3.04
R01,BUS013,5,5,5,1,0,30.9,1838.0,1.27,0,30.3,4.64
R05,BUS002,3,2,21,0,0,17.5,612.0,2.6,0,23.5,3.15
R01,BUS007,7,4,6,0,0,19.8,1842.1,2.0,0,29.0,6.68
R04,BUS018,4,4,13,0,0,22.4,3195.2,1.48,1,36.4,9.56
R04,BUS016,1,0,19,0,1,15.8,2395.2,3.77,2,78.3,13.27
R03,BUS015,2,3,17,0,1,17.8,968.4,4.86,0,41.4,4.86
R05,BUS017,1,1,5,0,0,27.4,3119.6,2.5,0,28.6,7.17
R01,BUS010,5,6,16,1,0,30.1,2331.5,1.05,0,47.1,6.36
R02,BUS015,6,2,21,0,0,16.4,2839.6,1.22,0,37.0,11.53
R03,BUS015,1,2,22,0,0,26.4,1813.0,1.96,0,44.8,6.03
R04,BUS016,5,5,22,1,0,23.2,3405.0,2.07,0,20.2,9.95
R01,BUS008,7,6,21,1,0,27.0,1765.6,1.69,0,28.1,4.69
R03,BUS007,5,3,19,0,1,10.6,1619.0,5.12,1,47.7,12.24
R02,BUS008,12,2,10,0,1,16.7,3074.0,4.49,0,71.5,13.55
R02,BUS022,1,1,20,0,1,16.7,2365.6,4.69,0,80.9,8.92
R02,BUS011,7,1,9,0,1,13.8,361.9,6.0,1,51.7,3.75
R05,BUS021,7,0,9,0,1,11.4,3042.9,5.82,0,51.3,18.31
R01,BUS022,10,0,16,0,0,24.3,2291.0,1.16,1,48.1,6.9
R02,BUS024,3,4,10,0,1,20.1,2126.9,6.04,2,71.6,10.08
R06,BUS024,6,1,19,0,1,7.9,983.0,4.99,2,65.5,11.5
R02,BUS022,2,3,16,0,0,26.4,2125.5,1.27,0,25.5,4.72
R04,BUS024,5,0,15,0,0,16.7,394.4,2.03,0,71.4,1.91
R04,BUS020,1,6,5,1,0,35.6,468.6,1.35,0,48.2,1.67
R04,BUS001,9,1,5,0,0,22.5,971.2,1.75,0,36.8,3.42
R04,BUS016,12,4,19,0,1,11.6,1055.3,6.07,1,52.7,8.47
R02,BUS004,9,3,8,0,1,13.7,2712.3,3.8,0,54.8,14.33
R01,BUS014,9,4,19,0,1,16.3,3107.8,4.34,1,94.2,13.66
R01,BUS007,5,4,13,0,0,23.3,2327.5,1.92,0,42.4,6.74
R03,BUS016,4,6,11,1,0,26.3,2369.9,1.31,0,23.2,4.99
R05,BUS015,6,0,13,0,0,17.4,1162.8,1.39,0,36.2,4.2
R03,BUS005,9,5,22,1,0,24.1,794.1,0.64,0,37.6,2.38
R01,BUS005,7,3,12,0,0,17.1,1769.3,1.99,2,15.4,9.85
R01,BUS003,5,3,17,0,1,14.1,1917.6,5.28,0,64.7,10.24
R05,BUS004,6,2,21,0,0,32.4,2607.1,2.57,0,25.1,6.86
R06,BUS001,11,3,5,0,0,26.6,1751.0,2.9,0,22.4,4.63
R05,BUS002,1,0,6,0,0,28.6,3133.1,0.78,0,59.5,7.59
R04,BUS011,12,5,6,1,0,25.3,2163.5,1.35,0,38.9,4.47
R01,BUS017,4,3,13,0,0,21.4,3090.9,1.3,0,25.2,9.29
R02,BUS020,4,2,13,0,0,24.8,933.2,1.03,0,44.5,3.06
R05,BUS020,7,3,8,0,1,14.3,348.4,4.72,0,71.9,3.52
R03,BUS020,2,5,17,1,0,30.6,272.3,0.41,1,21.7,0.32
R05,BUS001,12,2,14,0,0,25.4,2505.4,1.94,0,45.0,7.46
R01,BUS017,7,3,21,0,0,25.9,1957.0,1.6,0,32.0,4.5
R05,BUS009,11,2,11,0,0,19.4,816.1,1.51,0,9.1,3.82
R05,BUS021,10,3,22,0,0,6.2,3353.0,1.9,0,44.3,33.16
R02,BUS012,9,2,8,0,1,7.9,2829.0,5.43,1,66.9,24.24
R03,BUS001,12,1,21,0,0,28.0,2979.4,1.64,2,32.5,9.11
R03,BUS007,9,3,15,0,0,25.5,757.9,1.31,0,31.5,2.66
R05,BUS019,8,4,9,0,1,16.2,557.0,5.52,0,66.3,4.72
R06,BUS008,9,0,17,0,1,17.8,1579.4,6.37,0,80.1,8.74
R06,BUS024,5,0,18,0,1,8.0,448.1,4.67,0,86.9,5.09
R01,BUS018,9,0,17,0,1,13.3,3400.8,5.18,0,60.0,16.63
R06,BUS012,1,2,9,0,1,13.2,3238.0,5.61,0,80.2,17.72
R03,BUS007,4,3,7,0,0,24.0,2967.2,0.54,0,5.0,6.61
R05,BUS005,9,3,6,0,0,22.0,3311.5,0.0,2,39.0,9.15
R01,BUS003,5,3,19,0,1,19.5,1435.8,5.24,0,57.3,7.44
R02,BUS006,7,2,18,0,1,5.4,1121.4,5.64,0,63.7,15.46
R05,BUS017,1,5,19,1,0,36.0,1467.8,1.98,0,26.6,4.25
R01,BUS012,12,1,12,0,0,21.2,1416.9,3.21,0,23.1,5.82
R04,BUS007,12,5,14,1,0,37.3,3237.5,0.25,0,15.5,4.97
R04,BUS021,2,1,11,0,0,25.9,3020.0,1.16,0,22.1,6.41
R06,BUS015,3,1,13,0,0,21.7,3356.1,1.24,0,19.9,9.51
R01,BUS011,1,6,5,1,0,25.2,1763.1,0.26,1,41.9,5.27
R02,BUS020,4,3,20,0,1,12.3,625.4,5.18,0,65.6,4.68
R01,BUS005,10,4,16,0,0,20.9,3446.1,0.42,1,34.9,11.33
R06,BUS012,1,5,21,1,0,31.5,2962.7,2.09,0,5.0,6.49
R02,BUS022,9,5,10,1,0,23.0,1354.5,0.97,0,45.0,4.05
R03,BUS008,2,2,15,0,0,30.2,1426.4,2.08,0,9.4,3.92
R04,BUS024,7,4,5,0,0,17.4,1974.0,0.7,0,30.4,7.0
R06,BUS002,7,0,16,0,0,16.5,1421.4,0.73,0,37.1,5.96
R03,BUS008,6,4,21,0,0,31.4,851.4,1.47,0,51.3,1.83
R02,BUS015,6,0,5,0,0,20.5,2647.8,2.22,0,46.7,8.56
R02,BUS009,12,4,17,0,1,8.6,1485.5,4.55,0,42.1,11.16
R01,BUS015,9,2,9,0,1,20.4,267.4,5.09,0,44.1,1.5
R05,BUS022,5,3,9,0,1,16.2,654.7,5.28,1,77.7,4.77
R04,BUS015,6,2,16,0,0,16.9,1403.9,1.56,0,18.3,5.32
R06,BUS005,5,6,8,1,0,24.7,872.5,2.18,1,58.3,3.88
R02,BUS009,5,5,17,1,0,29.4,2123.1,1.69,0,58.1,5.56
R05,BUS005,7,3,6,0,0,23.3,1469.4,1.18,1,17.6,5.18
R03,BUS017,9,0,20,0,1,9.0,3099.4,5.95,1,70.3,24.17
R04,BUS014,9,0,18,0,1,14.6,1034.7,5.0,1,59.7,8.02
R01,BUS022,5,2,18,0,1,16.2,1809.6,5.3,0,68.8,9.16
R03,BUS019,12,2,22,0,0,21.6,788.6,1.71,0,23.8,2.73
R06,BUS011,7,2,5,0,0,17.6,3416.6,3.04,0,35.6,12.23
R03,BUS020,10,4,17,0,1,9.7,2870.2,4.02,0,79.9,18.77
R04,BUS001,4,5,9,1,0,26.1,2229.9,1.5,1,29.0,6.72
R05,BUS010,1,4,10,0,1,9.3,1090.0,3.38,0,63.3,8.1
R05,BUS014,5,5,6,1,0,27.1,2365.4,0.61,0,29.2,5.64
R05,BUS010,1,0,21,0,0,21.1,2241.5,0.99,0,44.3,8.23
R01,BUS018,11,0,20,0,1,4.5,446.0,2.95,0,62.4,7.33
R05,BUS018,12,2,8,0,1,4.9,1015.3,3.73,0,73.3,13.28
R01,BUS003,12,0,21,0,0,15.7,1866.1,1.46,0,48.8,7.59
R02,BUS010,3,4,10,0,1,17.5,871.3,4.53,1,50.0,5.4
R05,BUS019,5,4,6,0,0,22.9,1937.5,2.25,2,48.6,9.14
R05,BUS019,2,3,13,0,0,30.8,3470.5,2.04,0,30.2,8.84
R02,BUS010,9,5,16,1,0,29.4,375.5,1.91,2,45.6,3.31
R02,BUS001,12,4,5,0,0,22.8,2832.4,0.74,0,15.5,8.07
R03,BUS020,10,6,14,1,0,21.5,3043.1,0.25,0,37.8,7.94
R01,BUS023,3,3,10,0,1,14.8,794.8,5.43,0,66.6,5.07
R05,BUS020,11,4,13,0,0,21.7,3414.6,2.46,0,39.8,11.2
R05,BUS005,7,4,10,0,1,18.8,2559.0,5.41,0,74.4,10.19
R06,BUS021,12,1,16,0,0,25.5,1600.6,1.82,2,33.1,6.69
R02,BUS007,7,0,17,0,1,11.3,2649.0,6.18,0,49.9,16.18
R03,BUS016,8,5,19,1,0,31.1,2136.7,0.79,0,27.6,4.19
R06,BUS020,1,4,18,0,1,17.9,2983.5,3.04,2,102.2,13.86
R04,BUS009,3,4,15,0,0,31.0,2295.3,1.37,1,49.0,5.41
R05,BUS009,4,4,16,0,0,17.6,1488.6,0.0,0,55.5,5.08
R02,BUS003,2,4,16,0,0,23.0,1706.9,2.55,1,41.6,7.28
R05,BUS021,12,5,8,1,0,38.1,1644.0,1.92,0,17.7,2.61
R03,BUS015,7,2,19,0,1,13.0,2153.6,5.13,1,93.4,13.17
R02,BUS003,11,5,19,1,0,26.6,2019.8,0.48,1,24.7,5.7
R02,BUS008,12,1,9,0,1,10.3,1279.9,3.78,0,70.5,7.99
R02,BUS010,5,2,5,0,0,21.4,1510.9,2.36,0,56.8,5.77
R05,BUS008,6,5,7,1,0,25.2,2153.7,0.98,0,34.7,6.83
R04,BUS011,7,1,20,0,1,9.6,251.9,5.82,0,31.2,4.0
R05,BUS013,10,4,9,0,1,10.9,3302.0,3.98,0,47.3,19.45
R05,BUS020,3,3,7,0,0,20.0,2453.7,1.9,1,38.0,8.83
R03,BUS017,7,5,10,1,0,24.1,2113.7,2.22,0,49.3,5.02
R01,BUS008,3,4,9,0,1,17.6,1040.8,4.87,0,58.2,5.25
R05,BUS006,10,0,15,0,0,23.8,2798.4,1.93,1,45.9,8.47
R01,BUS009,11,4,10,0,1,20.4,2114.0,6.36,0,61.0,8.54
R06,BUS016,7,2,11,0,0,22.3,2827.5,0.3,0,28.3,7.26
R06,BUS018,6,4,6,0,0,30.8,2143.2,1.68,1,37.4,5.1
R02,BUS008,8,6,17,1,0,25.9,2825.5,2.63,0,32.9,7.17
R01,BUS009,12,3,7,0,0,22.1,3330.2,0.58,0,44.4,9.24
R01,BUS023,11,3,17,0,1,13.2,3116.7,5.01,0,31.4,17.1
R04,BUS024,8,5,9,1,0,35.7,276.5,1.5,0,41.0,1.18
R03,BUS019,9,4,14,0,0,13.3,1758.5,0.62,0,24.4,9.3
R06,BUS017,1,5,22,1,0,19.3,2602.0,0.82,1,33.4,9.7
R04,BUS011,4,1,20,0,1,16.3,1907.5,5.2,0,37.0,9.12
R04,BUS015,5,3,11,0,0,26.4,3284.8,1.7,0,28.8,8.2
R03,BUS019,2,3,14,0,0,29.4,2476.2,1.95,0,37.4,6.18
R01,BUS023,6,0,8,0,1,11.7,2292.0,4.75,0,44.1,13.56
R03,BUS021,9,2,20,0,1,18.6,3065.7,5.36,1,75.0,12.51
R02,BUS009,6,5,9,1,0,25.4,541.6,0.65,1,77.0,2.75
R03,BUS015,2,5,15,1,0,28.5,1241.6,1.25,2,13.9,5.93
R03,BUS021,1,5,17,1,0,21.7,2252.2,1.98,0,32.8,5.83
R01,BUS018,2,5,7,1,0,22.9,703.0,1.47,0,20.0,2.91
R05,BUS024,11,2,19,0,1,10.6,229.7,5.23,0,75.4,3.04
R04,BUS012,4,6,17,1,0,25.8,2592.9,2.13,0,44.2,7.03
R06,BUS006,9,3,17,0,1,20.6,3294.7,4.57,1,49.0,11.47
R04,BUS015,5,0,14,0,0,22.8,2397.1,1.98,1,39.4,7.63
R05,BUS024,4,1,12,0,0,14.8,3100.1,1.03,0,28.2,13.48
R03,BUS018,10,4,19,0,1,13.0,1007.7,5.32,1,60.5,7.42
R01,BUS019,2,0,19,0,1,16.6,497.5,4.44,2,76.3,5.23
R04,BUS002,5,3,16,0,0,23.6,2131.5,1.36,0,51.8,5.76
R02,BUS015,8,6,8,1,0,22.7,2972.0,1.34,0,61.2,7.74
R01,BUS013,9,1,17,0,1,16.6,301.1,5.39,0,58.6,3.42
R03,BUS015,2,5,16,1,0,25.8,1902.8,1.7,0,33.1,5.56
R05,BUS003,9,1,13,0,0,24.0,2039.2,1.57,1,44.6,6.07
R03,BUS015,6,5,10,1,0,25.4,2170.8,0.57,0,41.8,5.26
R01,BUS005,4,1,22,0,0,20.6,1097.5,0.63,0,46.8,3.86
R05,BUS007,7,4,12,0,0,25.2,3386.6,0.75,1,5.5,9.38
R05,BUS005,5,6,5,1,0,24.3,3148.1,1.17,0,33.4,8.83
R06,BUS020,3,2,13,0,0,18.9,1303.6,1.65,0,24.4,4.84
R03,BUS019,10,3,18,0,1,15.9,637.9,4.34,1,74.1,5.01
R06,BUS012,1,6,9,1,0,23.5,1205.3,1.42,0,16.3,4.0
R02,BUS002,6,3,12,0,0,19.8,2793.0,1.61,1,23.9,9.34
R03,BUS021,8,1,9,0,1,15.3,1345.7,4.74,1,41.0,8.08
R06,BUS015,8,2,17,0,1,10.5,2581.6,4.74,0,96.7,16.96
R05,BUS002,3,4,22,0,0,18.5,792.1,1.29,0,47.3,3.25
R04,BUS019,9,5,17,1,0,28.2,837.1,1.87,0,29.9,3.2
R03,BUS018,2,6,14,1,0,22.8,420.7,1.46,0,26.8,1.76
R06,BUS023,12,4,20,0,1,15.7,1388.4,4.87,0,63.5,8.2
R02,BUS006,5,3,10,0,1,17.7,2842.3,5.54,1,77.2,12.75
R06,BUS008,12,0,19,0,1,8.6,712.2,4.62,0,63.2,7.29
R02,BUS012,12,3,15,0,0,22.0,1610.1,1.82,1,31.2,7.11
R03,BUS018,10,4,13,0,0,17.5,720.4,0.89,0,25.3,2.1
R01,BUS010,9,3,6,0,0,19.7,374.4,1.39,0,38.8,1.01
R05,BUS014,3,6,22,1,0,26.2,2607.4,1.12,0,46.4,6.03
R01,BUS013,5,2,13,0,0,21.3,1327.6,1.34,0,33.4,4.7
R02,BUS012,9,3,5,0,0,22.0,2143.3,0.41,0,26.0,6.62
R02,BUS004,3,2,12,0,0,20.2,391.4,1.14,0,6.4,1.63
R05,BUS011,5,4,6,0,0,21.5,3426.8,0.71,0,27.1,10.05
R06,BUS001,12,4,19,0,1,11.2,3081.5,5.01,0,59.5,18.69
R04,BUS015,1,6,14,1,0,24.0,1984.0,0.55,2,40.3,7.04
R04,BUS019,2,5,18,1,0,31.1,2385.4,2.69,0,62.6,5.95
R06,BUS016,8,1,18,0,1,16.9,2206.8,4.16,1,80.7,10.17
R04,BUS001,8,5,7,1,0,28.5,2335.3,1.35,0,33.0,5.37
R04,BUS006,11,0,12,0,0,37.2,420.4,0.94,0,16.1,1.15
R01,BUS003,11,3,11,0,0,12.9,2282.3,0.36,0,36.1,11.79
R04,BUS011,3,6,17,1,0,24.6,1992.8,1.51,0,37.6,5.61
R03,BUS023,1,3,17,0,1,6.6,1242.5,5.87,0,39.0,13.34
R06,BUS016,6,4,8,0,1,15.6,873.1,4.26,0,59.6,5.29
R05,BUS004,5,6,21,1,0,23.9,1102.7,0.0,0,5.0,2.57
R02,BUS009,5,0,14,0,0,18.0,2730.4,1.63,1,47.1,10.56
R02,BUS020,6,2,14,0,0,25.0,2981.7,1.41,2,32.9,10.13
R02,BUS010,7,5,8,1,0,26.7,1525.3,0.0,0,45.1,1.64
R02,BUS013,1,5,6,1,0,33.5,961.6,1.98,0,20.6,2.75
R01,BUS014,8,1,22,0,0,28.2,2910.8,0.7,0,34.8,6.6
R01,BUS022,5,1,11,0,0,19.6,2973.9,1.99,0,50.7,10.43
R02,BUS007,11,1,14,0,0,17.9,1575.5,1.81,0,37.8,5.68
R01,BUS020,10,4,13,0,0,17.8,1500.8,1.3,1,44.4,7.1
R05,BUS010,9,2,7,0,0,18.7,1632.1,0.54,0,31.2,5.97
R05,BUS006,10,6,8,1,0,25.0,338.4,1.03,0,23.5,2.09
R04,BUS023,8,5,22,1,0,28.3,2308.8,2.34,0,29.0,6.3
R06,BUS001,12,2,14,0,0,25.5,2133.4,1.62,0,28.1,4.64
R04,BUS015,1,3,18,0,1,14.8,1649.3,4.44,0,43.4,7.51
R01,BUS019,10,4,16,0,0,33.9,375.5,3.05,0,43.8,2.3
R06,BUS016,10,4,18,0,1,12.2,2052.8,4.9,0,42.8,12.05
R04,BUS019,5,4,20,0,1,17.5,991.7,5.15,0,102.7,5.05
R04,BUS022,10,0,22,0,0,22.8,3394.6,1.42,0,23.4,9.04
R01,BUS022,2,5,19,1,0,30.0,2418.5,1.4,1,63.4,5.12
R02,BUS002,4,2,13,0,0,24.3,425.7,1.58,0,52.5,2.09
R02,BUS023,9,0,14,0,0,20.3,1529.6,2.33,1,54.3,5.48
R02,BUS021,7,5,7,1,0,31.3,1248.6,1.6,0,65.9,2.71
R03,BUS003,2,5,10,1,0,28.9,3121.0,0.91,1,14.6,7.16
R06,BUS015,6,0,11,0,0,24.0,3158.8,0.0,0,27.3,7.78
R06,BUS006,4,6,21,1,0,25.0,515.4,0.58,0,19.4,0.9
R04,BUS001,9,3,9,0,1,11.9,2262.5,6.35,0,84.4,14.81
R06,BUS023,8,5,9,1,0,17.5,876.8,0.0,1,43.1,4.16
R06,BUS014,7,3,15,0,0,33.1,786.4,2.49,0,26.5,2.35
R05,BUS007,1,2,15,0,0,23.8,2169.7,1.79,1,51.3,7.05
R05,BUS011,1,6,9,1,0,25.6,2411.4,1.76,0,43.7,6.17
R06,BUS008,3,2,21,0,0,19.0,2939.8,0.44,1,5.0,10.63
R03,BUS015,12,0,21,0,0,23.0,2533.2,0.71,1,29.5,8.44
R05,BUS003,10,1,5,0,0,22.5,2674.1,0.24,0,20.0,7.48
R04,BUS023,4,1,17,0,1,9.5,2172.8,4.45,0,64.5,15.12
R05,BUS010,2,4,19,0,1,18.6,1843.1,3.81,1,65.4,7.66
R01,BUS022,9,3,7,0,0,24.2,1755.8,0.91,0,34.0,5.03
R05,BUS003,7,4,19,0,1,9.5,2237.0,4.81,0,66.5,14.85
R05,BUS012,3,2,9,0,1,6.0,1278.3,6.04,0,47.4,14.15
R04,BUS020,9,1,7,0,0,22.7,621.1,1.79,0,66.9,2.18
R06,BUS024,3,4,16,0,0,22.7,3131.9,2.06,1,23.6,9.86
R05,BUS005,7,5,8,1,0,41.5,1758.9,0.98,1,56.6,3.3
R02,BUS014,2,5,18,1,0,28.6,404.1,1.28,0,59.8,0.3
R03,BUS019,11,2,20,0,1,19.1,2920.6,4.46,1,72.5,12.35
R03,BUS013,6,4,7,0,0,17.0,725.1,0.98,0,43.8,2.94
R05,BUS005,3,1,15,0,0,27.6,3493.5,0.0,0,29.2,7.8
R02,BUS003,6,6,14,1,0,35.7,1320.2,1.98,1,28.9,3.65
R04,BUS023,9,6,12,1,0,30.6,808.8,2.63,0,20.3,2.84
R03,BUS013,12,6,15,1,0,31.5,353.2,0.18,0,49.2,1.07
R01,BUS014,12,6,7,1,0,22.1,2934.3,0.66,0,41.7,8.48
R02,BUS018,9,6,19,1,0,28.5,816.4,0.42,0,37.1,1.43
R01,BUS011,7,2,5,0,0,24.5,2325.5,1.05,0,31.6,5.48
R03,BUS008,12,2,8,0,1,6.4,2591.1,5.65,0,79.8,27.47
R05,BUS007,4,3,7,0,0,17.8,3068.0,1.22,0,52.4,10.56
R01,BUS010,3,0,6,0,0,20.5,3464.3,1.94,1,51.4,12.38
R03,BUS009,4,4,12,0,0,22.4,1226.3,0.6,0,58.4,3.81
R05,BUS015,11,2,19,0,1,11.7,3386.0,4.56,0,127.2,18.69
R06,BUS017,9,6,19,1,0,21.7,1917.1,0.88,0,31.2,5.35
R01,BUS016,7,5,11,1,0,27.1,2100.6,3.02,0,27.2,5.73
R01,BUS007,3,5,7,1,0,35.3,2705.4,1.72,0,33.1,6.17
R02,BUS006,1,5,8,1,0,35.0,1611.7,2.1,1,22.8,5.53
R02,BUS005,11,6,8,1,0,22.6,336.0,2.03,2,7.7,3.88
R02,BUS013,9,2,12,0,0,22.1,1217.2,1.55,1,31.9,4.32
R01,BUS014,1,1,5,0,0,26.9,2207.7,1.22,0,43.8,5.87
R02,BUS007,5,1,6,0,0,26.3,2361.8,1.62,1,41.6,5.57
R01,BUS012,11,5,8,1,0,22.4,238.8,2.43,0,24.7,1.23
R01,BUS008,2,4,10,0,1,16.4,1539.7,5.04,0,61.3,6.99
R02,BUS008,3,3,13,0,0,25.0,391.5,1.48,0,5.0,1.88
R01,BUS015,11,1,8,0,1,11.0,1648.2,4.6,0,54.4,10.84
R05,BUS002,11,0,15,0,0,20.1,409.4,1.63,0,46.4,2.63
R05,BUS007,11,6,14,1,0,28.7,1822.6,2.95,0,38.1,4.76
R02,BUS020,5,3,13,0,0,26.3,2279.7,0.83,0,33.5,5.28
R01,BUS001,12,4,10,0,1,18.5,2678.8,4.22,0,39.5,10.2
R05,BUS013,11,2,5,0,0,29.1,3250.3,2.79,1,66.1,9.33
R05,BUS003,7,2,5,0,0,23.1,2666.6,2.58,0,54.8,8.39
R01,BUS023,4,2,19,0,1,15.2,936.4,3.86,1,41.5,6.51
R06,BUS005,10,2,9,0,1,10.0,726.1,6.55,0,69.1,6.99
R02,BUS016,6,5,19,1,0,26.3,2617.1,1.04,0,56.0,6.67
R06,BUS006,2,2,9,0,1,20.3,733.9,4.41,0,42.7,4.23
R06,BUS021,5,1,5,0,0,17.6,1296.1,1.64,1,35.5,5.6
R06,BUS024,11,0,21,0,0,25.0,2763.3,0.83,0,41.1,7.23
R06,BUS011,11,2,8,0,1,16.1,1554.4,4.96,1,71.7,8.23
R01,BUS017,11,6,8,1,0,32.5,2975.9,3.03,0,22.2,6.62
R05,BUS018,11,0,6,0,0,19.7,1953.3,1.81,2,32.0,9.7
R02,BUS016,12,5,7,1,0,32.7,2243.8,2.35,0,30.5,4.7
R02,BUS003,6,1,22,0,0,25.9,3272.2,1.16,0,42.2,7.47
R04,BUS022,4,6,22,1,0,25.8,1519.3,1.13,0,39.7,3.91
R06,BUS009,7,4,18,0,1,11.7,1555.5,3.91,0,88.9,9.64
R01,BUS024,3,1,8,0,1,19.6,1471.4,6.0,0,36.7,7.33
R01,BUS013,2,5,14,1,0,26.0,2156.3,1.16,0,34.6,5.05
R06,BUS005,11,5,15,1,0,34.3,2858.5,1.46,0,32.6,4.89
R02,BUS007,2,0,5,0,0,18.3,2716.4,0.18,0,54.3,8.62
R06,BUS024,5,4,17,0,1,18.3,1775.3,5.47,2,78.7,10.2
R06,BUS010,11,1,17,0,1,16.6,2128.6,4.67,0,84.6,8.6
R06,BUS024,4,4,6,0,0,24.9,2332.4,3.11,0,30.7,6.19
R02,BUS009,7,1,22,0,0,16.2,397.7,2.11,0,43.9,1.92
R03,BUS022,1,3,12,0,0,29.0,1667.3,2.6,1,49.4,4.79
R02,BUS004,4,4,19,0,1,16.1,3330.4,4.21,0,58.0,14.34
R02,BUS005,9,2,14,0,0,12.4,2825.2,1.05,1,44.8,15.43
R03,BUS013,6,2,10,0,1,18.7,280.6,5.22,0,67.6,3.2
R04,BUS017,4,6,22,1,0,27.5,962.4,2.41,0,46.8,3.49
R03,BUS004,2,6,21,1,0,28.9,1324.9,2.3,0,30.3,2.8
R01,BUS016,6,6,12,1,0,22.9,3297.5,0.02,0,27.7,8.87
R03,BUS016,9,0,18,0,1,10.5,2348.9,5.5,1,68.4,16.0
R01,BUS003,11,2,19,0,1,16.5,3291.1,5.66,1,43.7,15.33
R04,BUS009,2,2,21,0,0,17.1,903.6,3.21,0,8.2,4.61
R02,BUS006,11,6,8,1,0,27.0,2939.0,0.1,0,31.3,6.13
R02,BUS009,6,1,7,0,0,16.8,2833.5,1.17,0,28.1,10.62
R04,BUS016,12,6,10,1,0,20.7,2550.9,2.46,0,58.0,7.86
R02,BUS008,9,3,19,0,1,7.4,1109.4,6.66,0,79.9,11.46
R05,BUS010,6,5,17,1,0,15.4,2886.5,1.6,1,23.6,12.13
R04,BUS018,6,6,21,1,0,41.4,2445.8,1.55,1,36.2,5.28
R02,BUS022,1,0,7,0,0,23.0,1366.0,1.14,0,47.3,3.37
R03,BUS004,10,3,22,0,0,23.5,2181.7,1.23,0,36.9,6.31
R02,BUS023,7,3,12,0,0,22.7,1370.7,1.77,0,34.4,4.64
R06,BUS014,10,5,14,1,0,26.0,279.7,0.24,0,42.8,0.36
R01,BUS016,5,0,16,0,0,20.6,2599.3,2.63,0,60.8,8.15
R03,BUS012,2,6,15,1,0,30.7,1639.4,0.96,1,37.2,4.74
R02,BUS010,12,6,16,1,0,29.5,3319.6,1.87,0,10.7,6.49
R02,BUS014,5,2,12,0,0,24.9,2385.6,2.44,1,16.6,7.73
R05,BUS018,11,4,19,0,1,13.0,1495.2,5.31,0,62.6,8.98
R04,BUS010,6,6,15,1,0,28.6,2237.1,1.64,0,35.2,6.4
R01,BUS016,5,2,17,0,1,11.4,1292.8,3.24,0,62.4,7.51
R01,BUS004,3,0,22,0,0,25.3,977.4,1.09,0,35.7,3.45
R02,BUS003,7,1,20,0,1,13.4,1860.7,5.63,1,91.1,11.65
R02,BUS011,6,2,9,0,1,9.8,1237.9,4.11,0,66.7,8.85
R06,BUS016,9,2,21,0,0,25.3,731.0,0.25,0,42.3,2.3
R03,BUS011,9,1,7,0,0,24.0,787.0,0.59,0,21.9,2.1
R06,BUS002,4,1,18,0,1,6.0,3331.8,3.6,0,50.6,35.62
R06,BUS008,8,5,12,1,0,27.5,571.1,2.48,2,13.7,4.33
R03,BUS015,9,6,10,1,0,26.6,3358.2,2.61,0,59.3,9.25
R01,BUS013,6,4,16,0,0,24.1,2457.9,0.79,0,29.9,6.61
R06,BUS007,3,5,20,1,0,27.1,3106.5,2.75,0,37.4,8.71
R06,BUS017,7,4,21,0,0,21.2,1074.6,1.47,0,37.8,4.45
R03,BUS020,5,1,9,0,1,17.4,1535.5,5.36,2,66.9,8.65
R02,BUS012,2,5,22,1,0,28.2,2965.1,0.69,0,35.8,6.68
R01,BUS021,10,3,9,0,1,14.8,2779.8,4.99,0,37.0,13.06
R02,BUS012,12,6,10,1,0,22.3,1203.0,1.17,0,21.1,4.09
R03,BUS023,3,0,8,0,1,18.8,1994.7,5.38,0,72.9,8.54
R04,BUS021,7,4,9,0,1,14.0,1186.4,4.81,0,66.0,6.92
R02,BUS024,2,4,19,0,1,20.8,2278.3,5.79,0,58.5,7.89
R04,BUS001,3,4,15,0,0,25.5,1029.8,0.81,0,25.0,3.74
R03,BUS007,6,1,14,0,0,26.5,515.0,2.2,0,5.0,1.96
R06,BUS017,1,0,13,0,0,20.7,2130.3,0.08,0,37.9,6.78
R04,BUS019,6,6,20,1,0,34.5,2416.9,1.37,1,34.1,5.2
R05,BUS005,5,2,9,0,1,8.9,2909.0,3.98,0,57.2,21.34
R06,BUS017,8,6,14,1,0,30.6,1114.1,1.2,0,76.8,3.25
R02,BUS024,8,0,7,0,0,17.0,491.4,2.77,1,28.8,3.16
R06,BUS012,6,1,17,0,1,17.3,3453.5,5.44,0,60.3,14.07
R06,BUS019,3,5,5,1,0,26.4,955.5,1.19,0,32.2,2.53
R04,BUS011,12,6,21,1,0,28.4,227.9,1.84,0,21.0,1.46
R03,BUS013,8,2,10,0,1,16.6,2044.3,5.69,0,63.8,8.66
R03,BUS010,7,6,22,1,0,18.4,3334.0,3.18,0,27.8,12.85
R06,BUS022,7,6,8,1,0,31.3,1208.0,1.19,1,29.3,3.56
R01,BUS004,7,0,6,0,0,26.4,239.5,1.87,0,42.4,1.64
R06,BUS006,6,6,11,1,0,33.7,3040.9,1.96,0,27.0,5.46
R03,BUS016,12,3,20,0,1,4.5,1199.0,4.86,0,66.1,18.12
R03,BUS016,4,0,15,0,0,21.9,2122.1,2.72,0,37.8,7.57
R02,BUS023,4,6,21,1,0,8.7,2057.9,2.36,0,49.4,14.38
R06,BUS018,1,5,9,1,0,33.4,2601.5,1.24,1,12.9,6.03
R06,BUS014,8,6,16,1,0,29.1,2599.0,2.02,2,41.3,8.22
R03,BUS023,9,3,9,0,1,10.3,1552.8,5.71,0,45.5,10.72
R05,BUS012,1,0,22,0,0,27.3,3128.1,1.56,1,24.4,9.43
R02,BUS010,11,4,17,0,1,11.2,1290.9,5.76,0,59.9,9.37
R03,BUS011,5,6,22,1,0,27.7,587.2,1.99,0,64.8,2.21
R05,BUS006,10,6,8,1,0,19.6,380.7,0.68,0,70.4,1.96
R03,BUS013,7,3,19,0,1,14.4,534.6,6.18,0,76.5,4.4
R04,BUS024,10,3,13,0,0,14.0,1482.4,1.58,0,27.6,7.68
R05,BUS013,7,6,20,1,0,33.0,2303.6,2.16,0,43.6,5.3
R06,BUS003,11,4,7,0,0,19.1,367.1,2.16,2,37.8,4.22
R05,BUS020,8,0,13,0,0,22.3,1223.7,1.34,1,37.1,4.78
R01,BUS015,6,1,11,0,0,11.3,3221.1,1.22,0,5.0,17.64
R02,BUS005,5,4,17,0,1,12.3,3083.0,5.54,0,71.5,16.73
R06,BUS001,11,5,13,1,0,32.4,3339.2,1.24,0,56.2,7.67
R06,BUS023,11,3,17,0,1,14.2,925.0,4.57,0,76.4,5.78
R04,BUS015,10,2,13,0,0,30.6,2402.6,0.84,0,40.1,4.69
R06,BUS011,12,5,21,1,0,31.5,720.7,2.56,1,19.4,3.27
R02,BUS008,3,2,8,0,1,13.5,2588.2,5.97,1,29.0,14.42
R04,BUS008,6,5,13,1,0,32.2,1377.2,1.62,2,25.1,4.86
R01,BUS010,4,3,13,0,0,21.9,2862.3,2.65,0,13.8,9.14
R01,BUS001,3,0,10,0,1,18.5,1309.0,6.13,0,55.5,6.82
R06,BUS018,12,0,11,0,0,27.6,1020.1,0.85,0,21.9,3.17
R02,BUS016,2,5,13,1,0,24.7,1841.5,2.15,0,44.6,5.27
R03,BUS018,6,6,14,1,0,31.4,2625.0,2.39,0,32.4,6.03
R04,BUS004,6,1,9,0,1,17.3,3100.3,3.84,0,72.0,12.2
R06,BUS008,12,6,13,1,0,25.9,1453.0,0.7,0,43.8,3.07
R01,BUS015,11,1,8,0,1,8.4,1142.8,5.84,0,59.4,10.77
R06,BUS006,1,5,13,1,0,24.2,2510.2,2.25,0,42.6,7.93
R04,BUS009,7,1,17,0,1,18.5,2679.8,5.63,0,82.3,11.07
R01,BUS013,12,2,9,0,1,10.7,2260.3,4.61,1,49.1,15.76
R03,BUS019,9,6,19,1,0,25.6,618.9,1.27,0,18.0,0.39
R05,BUS024,4,0,17,0,1,14.3,299.8,4.33,0,75.0,2.94
R06,BUS005,12,2,11,0,0,33.5,2300.9,2.16,0,26.9,4.45
R06,BUS003,5,0,18,0,1,10.6,448.5,5.03,0,72.3,3.92
R05,BUS015,12,5,20,1,0,29.0,1674.5,0.05,0,46.2,3.01
R04,BUS002,2,3,10,0,1,12.1,759.4,5.75,0,73.3,6.46
R01,BUS004,3,3,19,0,1,8.0,814.0,4.48,0,92.5,7.32
R04,BUS003,3,3,6,0,0,27.1,1044.3,2.14,0,37.4,2.64
R03,BUS020,10,5,18,1,0,39.1,3151.7,1.66,0,51.3,6.12
R02,BUS010,9,6,19,1,0,27.1,1231.3,1.36,0,26.5,3.61
R05,BUS020,1,0,22,0,0,21.2,2069.3,1.12,0,29.8,6.26
R04,BUS009,5,4,21,0,0,26.4,3018.5,1.33,0,22.8,7.2
R06,BUS006,11,5,7,1,0,27.4,3446.8,3.77,0,37.7,9.1
R03,BUS011,6,4,15,0,0,25.5,2958.9,2.16,0,9.0,6.78
R01,BUS001,4,1,21,0,0,19.6,2713.8,1.81,0,28.6,9.53
R03,BUS002,4,0,8,0,1,13.0,204.8,4.87,0,49.8,3.3
R03,BUS024,9,3,5,0,0,19.7,1633.1,2.99,0,32.2,6.77
R05,BUS015,9,3,21,0,0,25.0,1109.4,2.35,0,42.5,3.55
R04,BUS020,1,4,13,0,0,18.7,406.8,2.62,0,27.0,2.59
R06,BUS007,3,0,21,0,0,14.0,1671.2,1.43,0,21.2,6.94
R06,BUS010,7,5,11,1,0,31.8,2449.9,1.23,0,57.5,4.71
R06,BUS011,5,6,8,1,0,21.1,806.4,2.47,0,8.5,4.14
R04,BUS018,8,2,13,0,0,14.2,3085.5,0.97,0,36.2,12.18
R01,BUS015,6,2,11,0,0,14.9,2416.4,1.97,1,39.9,11.09
R06,BUS001,12,5,5,1,0,31.3,1413.7,2.69,0,25.3,3.14
R02,BUS016,4,1,9,0,1,13.7,2188.7,5.06,0,76.2,11.77
R05,BUS001,11,5,11,1,0,35.5,1568.0,2.14,0,28.3,3.6
R05,BUS023,5,3,5,0,0,23.4,269.0,1.4,0,33.8,1.54
R02,BUS014,5,3,16,0,0,18.7,849.4,2.07,0,55.4,3.5
R05,BUS004,7,0,5,0,0,17.8,2644.3,1.34,0,40.9,9.36
R03,BUS020,3,6,18,1,0,18.3,1318.0,1.6,1,8.7,5.4
R05,BUS019,4,2,10,0,1,17.2,1321.3,5.92,2,111.7,9.41
R04,BUS010,6,0,10,0,1,15.6,2474.6,3.47,0,51.2,12.18
R02,BUS013,6,4,5,0,0,29.2,1862.9,1.37,1,47.6,4.79
R06,BUS016,8,3,9,0,1,14.6,3013.1,4.98,0,90.7,14.21
R02,BUS008,3,2,22,0,0,22.0,1431.8,2.43,2,8.1,6.89
R04,BUS011,3,2,7,0,0,26.1,254.0,2.64,0,26.6,1.69
R02,BUS019,12,4,18,0,1,9.2,1577.5,3.93,0,60.7,11.69
R04,BUS018,11,4,18,0,1,11.7,1228.3,4.51,2,48.7,10.23
R05,BUS013,3,0,9,0,1,23.2,2830.7,4.94,0,40.5,9.51
R04,BUS003,2,2,11,0,0,25.0,2211.0,1.93,0,50.4,6.66
R03,BUS012,1,4,7,0,0,15.9,1023.4,0.79,1,32.2,3.99
R05,BUS019,10,0,22,0,0,17.9,2190.7,0.0,1,25.1,7.94
R02,BUS024,1,1,14,0,0,21.1,874.5,1.71,0,30.1,3.89
R05,BUS004,9,2,5,0,0,20.0,272.4,1.81,0,27.5,1.87
R01,BUS023,11,2,9,0,1,9.0,2386.0,3.96,0,50.2,17.11
R04,BUS020,5,1,13,0,0,22.5,1938.0,3.05,0,49.0,6.52
R03,BUS001,7,0,6,0,0,20.4,1097.6,2.35,0,41.6,3.81
R03,BUS020,6,2,6,0,0,27.3,2805.6,0.89,1,26.3,6.94
R03,BUS017,8,1,21,0,0,19.5,1492.7,0.5,0,36.6,5.49
R06,BUS014,7,3,6,0,0,16.8,2180.5,0.83,0,58.3,8.27
R01,BUS009,10,6,20,1,0,17.9,1809.4,1.31,1,32.6,6.94
R02,BUS007,1,2,18,0,1,15.7,2112.4,4.99,1,52.7,11.18
R06,BUS014,4,1,9,0,1,20.0,2210.2,5.58,0,63.9,8.41
R06,BUS011,7,5,11,1,0,24.1,1168.2,0.59,1,8.4,3.48
R04,BUS018,1,0,11,0,0,20.4,2020.8,1.03,2,10.7,8.79
R03,BUS019,5,3,19,0,1,17.3,2978.7,4.6,0,72.5,11.85
R04,BUS014,5,3,20,0,1,14.1,483.2,4.82,0,53.2,3.95
R01,BUS003,8,5,11,1,0,22.3,516.3,0.0,0,20.7,1.2
R05,BUS009,5,4,16,0,0,24.4,1194.1,2.29,1,53.6,4.37
R03,BUS016,3,6,7,1,0,37.5,643.7,0.4,0,11.5,1.48
R01,BUS015,12,3,19,0,1,15.8,1899.0,5.52,1,61.9,10.75
R06,BUS013,4,3,6,0,0,25.9,1557.3,1.59,1,7.9,5.77
R01,BUS015,1,5,9,1,0,29.1,254.9,2.26,0,42.9,0.56
R02,BUS017,11,3,17,0,1,16.7,3372.0,5.35,0,91.9,14.05
R03,BUS008,12,2,8,0,1,25.4,2105.7,3.84,0,74.6,6.46
R02,BUS013,4,3,5,0,0,21.3,1556.0,0.97,1,37.6,4.84
R01,BUS022,2,4,9,0,1,22.0,3220.0,5.06,0,48.4,10.23
R06,BUS018,11,6,8,1,0,29.3,1426.7,2.2,1,21.7,4.59
R01,BUS010,12,0,10,0,1,7.8,1287.1,4.29,0,77.3,10.94
R02,BUS019,4,3,10,0,1,12.3,1020.2,5.02,0,45.9,7.16
R05,BUS010,10,4,12,0,0,22.2,1678.6,1.49,0,5.0,5.51
R02,BUS020,4,0,10,0,1,8.0,2055.2,4.51,1,62.9,18.39
R01,BUS019,10,1,15,0,0,19.2,270.3,1.75,0,43.0,1.86
R02,BUS015,11,3,22,0,0,21.9,1933.9,1.98,0,45.4,6.1
R03,BUS008,2,2,10,0,1,20.5,2228.8,4.25,0,94.6,8.94
R04,BUS006,9,2,22,0,0,26.8,2984.0,1.62,0,51.6,7.63
R06,BUS012,7,2,17,0,1,17.2,1017.9,5.12,0,65.7,5.64
R04,BUS019,1,3,7,0,0,20.0,2893.4,1.27,0,52.2,10.2
R05,BUS014,3,2,15,0,0,20.1,2705.1,2.03,0,28.3,8.72
R06,BUS012,8,0,22,0,0,19.1,1517.9,1.12,0,44.0,4.79
R04,BUS023,7,3,7,0,0,18.2,422.1,1.37,1,37.4,3.17
R03,BUS017,3,3,11,0,0,28.9,2489.0,1.14,0,39.1,4.82
R05,BUS007,3,3,21,0,0,22.0,2640.7,1.5,0,12.1,8.06
R05,BUS011,11,0,13,0,0,13.5,1452.1,1.0,0,48.9,6.8
R02,BUS006,12,6,14,1,0,24.4,2937.1,1.87,0,23.3,8.04
R05,BUS020,10,2,5,0,0,18.6,1280.3,1.35,0,42.1,4.37
R02,BUS010,11,5,16,1,0,33.8,2100.6,2.51,0,15.5,4.04
R02,BUS007,8,0,7,0,0,19.7,2998.0,2.09,0,31.8,9.41
R03,BUS015,3,6,12,1,0,27.8,1034.4,2.11,0,22.0,4.02
R04,BUS005,2,1,14,0,0,28.4,1900.1,1.58,0,41.7,4.25
R04,BUS017,3,1,16,0,0,21.8,3339.9,2.45,0,31.0,10.92
R01,BUS022,10,4,15,0,0,26.2,3153.6,0.06,0,44.4,7.65
R03,BUS009,9,4,9,0,1,10.4,1004.0,3.74,0,64.0,8.36
R03,BUS006,7,4,18,0,1,17.5,1029.3,4.01,0,67.9,5.16
R04,BUS005,4,4,22,0,0,29.6,829.0,1.97,0,22.5,3.1
R02,BUS005,11,4,8,0,1,6.7,3040.7,4.29,0,54.6,28.51
R05,BUS009,5,5,16,1,0,29.8,1918.6,1.75,0,50.9,4.74
R04,BUS009,4,3,19,0,1,11.0,886.8,4.55,0,66.8,6.31
R04,BUS023,6,2,7,0,0,30.6,597.2,1.74,0,47.1,2.2
R03,BUS013,8,4,9,0,1,12.3,2928.7,5.45,0,56.4,15.31
R06,BUS011,10,3,6,0,0,22.5,661.9,3.41,0,39.8,2.81
R03,BUS016,3,0,15,0,0,15.7,1125.6,1.28,2,31.1,7.51
R01,BUS015,1,6,22,1,0,35.1,1979.5,3.09,0,32.7,4.98
R05,BUS002,3,0,20,0,1,15.8,2213.0,4.92,0,72.6,10.6
R06,BUS015,2,5,13,1,0,20.8,2049.7,1.07,0,23.4,5.8
R05,BUS007,11,5,17,1,0,26.7,1679.6,2.64,2,36.7,6.76
R06,BUS014,8,2,7,0,0,22.9,2665.0,1.04,0,52.1,8.25
R04,BUS024,11,4,22,0,0,22.8,2369.6,0.19,0,56.2,5.6
R04,BUS023,10,4,5,0,0,22.3,1256.2,2.97,0,35.7,3.97
R02,BUS008,5,3,18,0,1,9.1,2690.5,4.21,0,45.7,18.61
R04,BUS020,10,0,6,0,0,25.2,952.1,1.67,0,25.4,3.12
R01,BUS018,1,2,10,0,1,9.9,3359.9,3.17,0,29.9,21.92
R06,BUS002,11,5,16,1,0,29.0,1458.9,1.31,1,57.2,3.86
R04,BUS001,9,0,9,0,1,8.1,475.3,5.13,0,61.9,5.61
R04,BUS013,4,1,20,0,1,9.7,1457.1,5.83,0,70.0,10.79
R03,BUS017,6,2,10,0,1,14.9,290.5,4.21,1,57.9,3.53
R02,BUS010,10,6,14,1,0,32.1,1854.9,1.5,0,53.0,3.29
R05,BUS015,2,1,11,0,0,22.8,2097.9,2.38,0,61.9,6.68
R06,BUS020,10,2,15,0,0,16.7,398.3,2.68,1,20.3,3.61
R03,BUS005,9,0,14,0,0,20.3,1274.4,2.23,0,41.9,3.53
R04,BUS024,7,2,19,0,1,18.5,3437.9,4.4,0,54.5,13.2
R04,BUS003,2,5,7,1,0,31.2,2491.8,0.85,0,5.0,4.97
R03,BUS003,12,4,8,0,1,11.3,1161.1,5.9,0,57.6,9.7
R04,BUS020,4,3,19,0,1,17.0,846.8,4.62,0,68.8,4.8
R01,BUS005,10,6,18,1,0,21.5,919.6,1.17,1,40.4,3.19
R01,BUS001,7,1,16,0,0,25.4,2304.9,2.12,0,68.0,6.31
R02,BUS008,12,2,21,0,0,26.4,1108.7,2.45,0,38.4,3.4
R06,BUS003,9,2,12,0,0,25.6,1564.9,1.2,0,62.2,4.68
R04,BUS001,6,4,15,0,0,31.3,3452.1,0.83,0,5.0,6.54
R05,BUS004,10,1,13,0,0,28.4,2376.6,2.29,2,24.5,6.56
R03,BUS004,7,6,21,1,0,20.0,2982.2,1.2,0,17.4,9.83
R02,BUS018,5,1,16,0,0,31.7,1251.4,1.0,0,35.4,3.21
R03,BUS008,7,4,14,0,0,31.1,1820.7,0.77,1,46.7,4.21
R06,BUS007,4,0,8,0,1,17.1,2435.8,5.1,0,62.2,10.53
R06,BUS024,11,1,17,0,1,14.8,1418.9,5.05,0,91.9,7.47
R01,BUS005,1,1,21,0,0,21.3,1166.5,0.81,0,16.4,3.17
R06,BUS014,8,2,11,0,0,14.1,1438.5,3.21,1,29.9,8.65
R03,BUS021,2,4,11,0,0,21.4,202.8,1.92,2,31.2,3.26
R04,BUS005,10,2,10,0,1,9.8,443.7,5.41,1,75.9,5.35
R02,BUS003,4,4,16,0,0,20.6,333.4,1.7,0,49.4,1.61
R04,BUS008,8,3,13,0,0,17.1,1032.5,1.42,2,42.1,5.85
R06,BUS022,2,1,16,0,0,24.1,200.1,1.54,0,56.6,1.43
R02,BUS011,2,6,18,1,0,33.2,1730.2,0.63,0,29.7,3.62
R04,BUS015,10,0,11,0,0,29.7,1886.9,0.41,1,18.3,4.51
R01,BUS022,8,5,19,1,0,26.6,960.8,1.95,0,6.6,2.84
R02,BUS014,12,6,21,1,0,33.9,2324.4,0.5,1,13.2,5.37
R02,BUS004,11,4,13,0,0,28.1,925.1,1.87,0,59.6,3.23
R01,BUS022,11,0,10,0,1,8.1,1914.6,4.76,0,61.0,15.37
R04,BUS018,2,1,8,0,1,17.3,989.3,6.89,0,78.2,6.14
R06,BUS022,8,1,5,0,0,29.1,1679.2,2.37,0,63.2,4.08
R02,BUS001,7,5,20,1,0,33.1,1314.9,1.26,1,38.1,3.75
R01,BUS007,5,2,13,0,0,20.1,1275.1,2.48,0,46.5,5.06
R05,BUS001,11,2,13,0,0,19.9,1905.1,2.52,0,56.8,6.21
R05,BUS019,6,3,12,0,0,25.8,2144.2,0.86,0,51.9,6.09
R03,BUS018,7,2,18,0,1,11.6,1677.6,4.17,1,64.6,11.53
R04,BUS023,5,1,18,0,1,10.0,2891.0,4.67,1,84.5,20.04
R02,BUS020,1,2,20,0,1,19.0,857.2,4.44,0,89.7,4.94
R04,BUS018,5,3,9,0,1,17.1,1926.1,6.26,0,65.3,9.69
R02,BUS018,12,4,20,0,1,15.6,2558.8,5.7,0,71.5,12.52
R03,BUS021,3,4,7,0,0,23.9,1946.0,0.0,1,5.3,5.91
R03,BUS009,2,4,7,0,0,23.1,2674.5,1.91,0,33.0,6.54
R04,BUS016,8,4,20,0,1,16.9,1522.5,3.73,1,68.2,7.92
R03,BUS024,4,6,5,1,0,33.3,2884.4,1.75,0,58.9,5.27
R01,BUS008,9,1,21,0,0,22.9,1190.9,0.32,0,49.0,3.74
R05,BUS005,8,6,8,1,0,26.3,1122.8,1.42,1,28.1,4.27
R05,BUS019,5,5,5,1,0,28.0,1156.5,0.88,0,34.6,2.15
R05,BUS003,2,1,14,0,0,24.0,265.7,0.13,0,29.2,0.37
R04,BUS013,8,2,14,0,0,16.5,458.2,1.65,0,46.4,2.89
R03,BUS017,12,2,11,0,0,22.2,2673.7,0.66,0,48.4,7.19
R01,BUS002,9,0,22,0,0,26.1,3128.7,3.08,0,53.7,8.87
R03,BUS011,10,6,12,1,0,30.5,3484.6,1.66,0,18.0,7.33
R05,BUS018,10,5,10,1,0,23.0,3192.5,2.29,0,47.7,8.37
R06,BUS017,9,4,17,0,1,19.0,1022.7,3.87,0,53.4,4.2
R02,BUS017,10,5,21,1,0,28.6,2294.5,1.79,1,66.0,6.83
R04,BUS017,9,2,21,0,0,27.1,2836.1,1.59,2,30.2,8.28
R04,BUS015,9,2,15,0,0,15.7,2818.9,1.56,2,27.4,12.47
R04,BUS002,7,0,17,0,1,14.9,1436.4,4.7,0,97.3,7.25
R05,BUS017,2,2,16,0,0,23.6,2015.9,1.66,0,24.9,5.38
R06,BUS011,3,5,15,1,0,24.9,2506.5,1.39,0,30.5,6.6
R05,BUS021,9,4,13,0,0,20.5,2149.2,1.63,0,56.7,6.84
R05,BUS013,12,5,20,1,0,30.7,1296.2,1.51,0,70.4,3.13
R03,BUS010,11,1,12,0,0,27.8,1194.8,1.53,1,23.6,4.05
R03,BUS004,7,1,9,0,1,13.1,1837.7,4.14,1,63.5,10.73
R06,BUS021,11,6,13,1,0,23.2,1945.0,0.0,0,19.3,4.95
R03,BUS010,9,2,17,0,1,13.3,1230.9,4.67,0,57.3,8.23
R01,BUS016,9,3,16,0,0,20.3,215.7,0.0,0,10.2,0.63
R04,BUS023,5,0,15,0,0,23.4,488.4,0.85,2,43.4,3.57
R04,BUS012,2,3,20,0,1,9.0,2493.4,5.88,1,47.7,19.7
R05,BUS006,7,5,7,1,0,27.0,3474.7,0.78,0,37.0,8.3
R06,BUS016,4,0,14,0,0,18.9,347.8,0.49,0,47.9,0.35
R03,BUS001,10,2,19,0,1,11.0,1117.3,3.96,0,72.8,7.6
R05,BUS001,6,5,15,1,0,29.1,1466.2,2.9,1,56.8,5.39
R06,BUS014,12,3,16,0,0,23.8,2672.9,1.69,0,22.8,7.21
R01,BUS021,6,0,7,0,0,22.7,3243.1,1.24,0,11.8,8.86
R03,BUS004,1,1,21,0,0,26.9,813.2,1.61,0,44.9,2.62
R04,BUS020,5,0,6,0,0,22.0,2068.4,0.45,1,10.8,6.8
R04,BUS024,11,1,17,0,1,20.0,2212.3,5.1,0,66.7,9.58
R03,BUS022,12,3,9,0,1,10.2,2966.8,5.18,0,95.1,19.36
R02,BUS022,4,2,15,0,0,27.7,2820.2,1.94,0,37.1,6.78
R01,BUS016,10,1,8,0,1,7.9,1913.9,6.36,1,62.5,17.75
R05,BUS005,4,0,13,0,0,40.1,2803.1,2.46,0,28.9,5.66
R06,BUS020,10,1,14,0,0,19.9,2499.5,1.84,0,18.7,8.47
R05,BUS004,2,2,20,0,1,11.4,878.6,6.31,0,76.0,7.51
R05,BUS019,11,5,12,1,0,29.1,2265.8,2.64,0,37.0,6.58
R05,BUS010,5,5,11,1,0,29.7,1694.0,0.81,0,11.9,3.1
R02,BUS023,6,3,20,0,1,12.7,669.6,5.58,0,68.1,3.92
R01,BUS017,1,6,17,1,0,32.0,2175.6,1.94,0,40.8,3.93
R06,BUS002,2,2,22,0,0,17.4,911.1,1.79,2,61.0,6.62
R04,BUS015,7,4,6,0,0,22.8,747.6,1.22,0,37.7,2.21
R05,BUS013,6,1,15,0,0,19.3,402.6,1.98,0,47.4,2.03
R02,BUS006,6,4,10,0,1,17.0,2566.2,4.41,0,56.7,11.0
R01,BUS018,4,1,10,0,1,9.8,2311.1,6.26,0,54.8,15.73
R02,BUS008,5,3,17,0,1,22.8,2245.1,5.02,0,67.8,6.47
R04,BUS011,5,5,10,1,0,25.2,3228.0,0.76,0,38.8,9.02
R04,BUS009,3,5,16,1,0,31.9,1538.2,0.68,1,36.7,3.38
R06,BUS002,12,3,7,0,0,26.8,2490.4,1.53,1,26.5,7.5
R02,BUS019,2,6,14,1,0,27.0,2338.1,1.19,0,23.1,4.62
R05,BUS015,4,3,5,0,0,24.5,669.8,0.0,0,37.9,1.75
R02,BUS010,7,6,8,1,0,34.2,780.3,0.0,0,35.7,2.13
R01,BUS008,4,4,19,0,1,9.3,2539.4,4.6,1,40.1,19.35
R02,BUS012,12,2,19,0,1,8.1,3163.3,4.57,0,49.0,25.93
R06,BUS024,2,1,19,0,1,17.4,2289.1,3.9,0,46.2,8.87
R06,BUS018,5,4,13,0,0,16.8,343.1,2.32,0,52.7,1.6
R01,BUS007,12,3,18,0,1,14.7,610.2,5.47,0,55.4,5.86
R02,BUS018,2,4,17,0,1,14.5,2935.1,6.65,2,73.5,17.37
R04,BUS006,6,3,14,0,0,22.4,539.4,0.68,0,11.1,1.28
R06,BUS017,7,1,7,0,0,12.0,1377.4,1.93,0,21.0,7.21
R02,BUS013,9,5,6,1,0,26.1,1955.4,2.74,0,26.3,6.72
R02,BUS013,7,1,15,0,0,21.6,1942.3,1.48,1,68.6,6.66
R01,BUS011,4,0,17,0,1,13.9,2192.3,6.09,0,64.0,12.03
R05,BUS014,7,0,18,0,1,10.6,969.2,5.33,1,80.9,8.53
R03,BUS017,6,3,10,0,1,4.6,2505.8,3.86,0,78.5,33.75
R02,BUS010,8,5,17,1,0,28.4,1770.1,1.24,0,40.6,5.04
R02,BUS002,3,1,9,0,1,11.8,791.9,3.88,0,50.9,5.27
R05,BUS021,2,6,9,1,0,27.5,1016.5,1.59,1,43.2,4.41
R02,BUS005,6,1,9,0,1,14.7,2233.2,4.86,0,73.8,11.45
R06,BUS017,1,2,10,0,1,19.1,1716.5,4.1,0,85.2,6.46
R06,BUS009,11,1,10,0,1,18.1,697.5,5.81,0,95.4,4.48
R05,BUS009,9,4,15,0,0,25.3,2822.0,2.9,0,40.7,7.61
R04,BUS010,6,4,10,0,1,12.5,573.4,4.66,0,68.4,4.43
R05,BUS001,2,2,9,0,1,16.5,2034.4,4.0,1,54.6,10.27
R02,BUS017,11,4,17,0,1,21.5,505.7,5.0,1,62.4,3.87
R01,BUS007,10,5,18,1,0,27.4,2293.8,2.31,0,29.6,5.7
R04,BUS014,4,6,16,1,0,25.5,3460.4,2.5,0,52.0,9.4
R04,BUS022,8,1,10,0,1,14.8,261.5,4.24,1,76.8,4.02
R06,BUS022,8,0,15,0,0,20.8,3270.0,0.05,0,52.3,9.49
R01,BUS008,5,3,6,0,0,24.9,397.0,0.65,1,62.9,2.08
R02,BUS022,5,1,11,0,0,17.4,3198.7,2.25,0,34.5,11.87
R06,BUS002,2,3,19,0,1,16.1,1289.9,5.23,0,91.8,7.04
R06,BUS001,7,0,18,0,1,11.8,2866.6,7.21,0,25.2,17.14
R04,BUS010,11,5,14,1,0,32.3,3143.9,1.18,1,53.2,7.46
R06,BUS006,10,0,14,0,0,15.3,1534.1,1.98,1,42.0,6.72
R02,BUS011,5,1,12,0,0,20.1,1472.0,1.88,1,39.6,5.61
R02,BUS018,10,6,19,1,0,30.9,1767.2,1.4,0,27.8,3.32
R05,BUS006,8,4,17,0,1,13.0,2666.0,5.5,0,60.9,14.96
R01,BUS006,8,2,16,0,0,16.3,1003.3,0.42,1,30.8,4.61
R03,BUS009,7,4,14,0,0,23.0,1411.9,1.36,1,38.0,4.99
R06,BUS003,8,5,20,1,0,34.6,3166.5,1.31,0,34.2,6.9
R01,BUS006,10,6,8,1,0,29.4,2922.0,1.08,0,36.9,5.77
R02,BUS015,2,2,10,0,1,10.0,2173.7,4.56,1,65.4,16.16
R04,BUS021,3,4,10,0,1,13.2,1932.0,4.6,0,44.2,11.15
R03,BUS011,7,3,16,0,0,26.0,572.4,1.61,0,22.8,1.86
R01,BUS010,3,0,20,0,1,14.7,2472.8,5.75,0,64.9,12.54
R03,BUS008,1,4,17,0,1,12.2,1540.0,5.72,0,66.4,10.24
R02,BUS005,9,6,22,1,0,23.9,2450.9,2.97,1,19.9,8.68
R01,BUS006,6,6,20,1,0,22.5,383.9,1.12,0,38.8,1.58
R04,BUS017,10,3,16,0,0,12.8,548.3,0.11,0,28.8,2.8
R02,BUS003,8,1,12,0,0,19.2,1046.1,1.77,0,43.4,4.22
R04,BUS024,11,0,18,0,1,13.4,1419.5,5.14,0,50.0,7.95
R04,BUS004,5,1,21,0,0,26.7,975.5,1.87,0,48.1,2.82
R02,BUS006,10,4,10,0,1,17.2,2337.4,5.3,2,69.2,11.78
R01,BUS019,6,0,11,0,0,12.6,491.9,1.64,0,62.0,4.03
R04,BUS020,9,1,5,0,0,17.0,2036.3,1.56,0,59.3,7.64
R05,BUS020,4,5,14,1,0,37.0,2848.7,0.45,0,44.9,4.54
R04,BUS015,1,0,18,0,1,15.8,234.3,4.68,0,100.5,2.28
R06,BUS010,9,2,7,0,0,22.2,1910.3,1.33,1,27.6,6.86
R02,BUS005,4,5,15,1,0,28.4,908.8,0.1,0,16.3,1.86
R05,BUS005,12,3,14,0,0,12.8,1353.5,1.32,0,27.8,7.34
R04,BUS019,12,1,6,0,0,27.5,2259.8,0.47,0,23.2,4.94
R01,BUS007,2,1,6,0,0,17.2,2057.5,1.23,0,43.9,7.38
R01,BUS008,6,5,16,1,0,28.3,2272.8,2.02,0,56.5,6.16
R05,BUS018,9,0,12,0,0,16.2,2941.8,0.92,1,31.8,12.56
R06,BUS024,10,2,20,0,1,18.1,1218.5,6.25,0,74.8,6.79
R01,BUS005,7,3,15,0,0,24.7,3460.3,1.62,0,21.9,8.83
R01,BUS012,5,5,22,1,0,29.1,2065.4,0.35,1,24.5,5.91
R01,BUS013,10,5,7,1,0,36.2,375.0,1.2,1,47.3,0.93
R06,BUS020,8,3,11,0,0,18.3,1547.7,2.12,2,7.7,7.97
R04,BUS019,12,3,10,0,1,14.3,2760.6,4.65,1,48.9,13.01
R06,BUS005,4,2,15,0,0,18.6,1106.1,0.6,0,36.8,4.23
R04,BUS002,8,5,19,1,0,28.6,1669.1,1.88,0,19.9,4.64
R04,BUS021,7,6,20,1,0,26.2,215.4,2.04,0,36.7,0.8
R01,BUS014,3,2,17,0,1,14.9,3290.2,5.44,0,40.9,15.47
R02,BUS003,7,3,22,0,0,16.5,3413.4,2.24,0,23.1,13.03
R03,BUS018,10,3,12,0,0,11.3,2964.3,1.43,1,9.7,17.02
R05,BUS018,7,1,14,0,0,16.9,3006.5,2.25,0,28.1,11.02
R05,BUS010,10,6,14,1,0,27.1,986.8,1.81,0,58.9,3.93
R01,BUS004,7,4,16,0,0,30.5,1633.6,2.24,0,41.9,4.24
R01,BUS004,8,5,18,1,0,26.1,485.8,0.36,2,61.4,3.3
R01,BUS006,12,0,19,0,1,22.5,780.5,4.6,0,79.9,3.46
R04,BUS008,11,3,13,0,0,31.3,2845.4,0.45,0,24.4,5.68
R05,BUS024,12,3,9,0,1,9.5,941.9,5.23,0,95.3,8.2
R03,BUS004,1,2,17,0,1,7.3,2995.4,6.25,0,82.2,28.6
R02,BUS016,1,6,11,1,0,25.3,1529.2,1.44,1,39.1,5.31
R01,BUS013,4,6,6,1,0,42.2,2695.3,1.82,0,5.0,4.27
R04,BUS023,6,6,16,1,0,29.1,409.3,1.33,0,44.5,1.72
R05,BUS002,5,6,7,1,0,18.5,689.2,2.34,0,72.8,3.15
R05,BUS014,5,1,20,0,1,11.7,3106.6,5.51,0,57.0,18.49
R05,BUS012,8,2,20,0,1,16.2,231.7,4.62,0,45.9,3.09
R05,BUS009,9,1,7,0,0,19.6,1738.9,3.21,0,48.0,6.31
R01,BUS016,8,3,17,0,1,11.2,1021.3,5.19,1,55.6,8.66
R02,BUS003,4,0,10,0,1,10.4,508.0,4.7,0,47.3,3.38
R06,BUS015,11,5,20,1,0,24.1,1400.2,2.61,0,34.4,5.13
R03,BUS006,3,3,19,0,1,13.8,454.0,5.42,1,67.5,6.01
R02,BUS001,1,4,9,0,1,16.0,643.0,5.54,0,79.3,4.82
R01,BUS024,11,1,19,0,1,8.4,393.6,4.42,0,65.6,4.53
R04,BUS023,6,4,6,0,0,23.9,2253.3,1.85,0,22.7,5.4
R02,BUS017,1,6,6,1,0,34.8,2350.2,0.67,0,53.3,5.06
R04,BUS014,12,5,16,1,0,34.0,780.6,0.69,2,39.3,2.38
R02,BUS007,9,0,8,0,1,21.2,1789.3,5.53,0,34.1,8.26
R04,BUS019,8,6,6,1,0,30.7,310.0,2.98,1,37.5,3.05
R05,BUS014,7,5,15,1,0,34.1,3340.7,1.03,0,36.6,5.81
R02,BUS009,3,6,22,1,0,31.7,3286.8,2.36,1,45.4,7.64
R02,BUS015,4,2,18,0,1,11.6,674.5,4.06,0,79.7,5.42
R06,BUS023,5,4,8,0,1,8.6,3148.9,6.29,0,67.3,23.89
R03,BUS013,7,0,17,0,1,8.7,900.5,5.54,0,22.3,7.79
R04,BUS009,6,4,14,0,0,27.0,3171.2,1.32,0,29.9,7.99
R02,BUS017,3,2,11,0,0,19.1,525.6,1.24,0,40.6,2.81
R03,BUS008,1,3,22,0,0,23.8,2687.0,2.34,0,15.7,7.36
R03,BUS014,12,0,11,0,0,23.8,1620.8,1.38,0,48.0,4.42
R06,BUS009,4,5,5,1,0,31.5,1388.1,2.15,1,53.6,3.04
R02,BUS022,7,0,19,0,1,13.1,1507.7,5.61,0,34.9,8.76
R05,BUS011,2,4,16,0,0,29.0,2106.1,0.54,0,45.5,4.13
R04,BUS017,11,2,11,0,0,19.3,2981.0,2.81,0,43.6,10.61
R05,BUS015,3,6,16,1,0,28.7,2541.3,0.94,0,27.7,5.55
R06,BUS003,12,0,5,0,0,27.1,1514.1,0.68,0,5.0,2.9
R03,BUS009,5,2,8,0,1,16.1,1085.1,3.46,1,73.8,6.1
R06,BUS002,5,2,11,0,0,17.0,1636.4,2.23,0,39.0,6.91
R06,BUS015,12,3,8,0,1,20.2,1928.7,4.42,1,71.6,8.56
R04,BUS016,7,6,15,1,0,31.2,687.6,1.21,0,42.7,0.65
R03,BUS018,7,3,20,0,1,15.2,2556.6,5.34,1,70.8,13.47
R01,BUS015,2,6,15,1,0,33.4,3311.8,2.01,0,26.6,6.72
R04,BUS021,12,6,14,1,0,28.8,1104.6,1.01,0,49.7,4.03
R04,BUS009,6,4,21,0,0,24.8,1847.5,1.35,0,31.1,4.33
R05,BUS018,6,1,21,0,0,23.9,683.6,0.94,0,19.1,1.77
R03,BUS001,8,5,9,1,0,36.1,1213.2,2.15,0,42.4,3.77
R05,BUS017,6,3,11,0,0,22.1,1664.4,1.48,0,66.1,5.75
R04,BUS006,6,6,7,1,0,30.2,3355.9,1.04,0,60.2,7.99
R02,BUS005,9,5,17,1,0,33.4,975.4,1.37,0,23.9,1.09
R03,BUS010,10,4,8,0,1,14.7,1861.2,5.94,0,69.4,9.93
R03,BUS007,8,5,16,1,0,28.6,1320.4,0.41,0,66.9,2.86
R03,BUS016,3,5,21,1,0,29.8,2443.4,1.91,0,49.8,5.57
R04,BUS012,8,2,16,0,0,17.0,1834.3,0.2,0,43.7,7.47
R01,BUS019,12,3,11,0,0,26.7,1980.3,3.27,0,48.0,4.3
R05,BUS002,10,0,20,0,1,18.4,2298.7,3.48,0,56.9,8.37
R01,BUS003,9,4,16,0,0,17.7,1751.3,1.16,0,53.3,6.92
R04,BUS004,11,6,14,1,0,23.8,1839.7,1.25,0,46.1,3.83
R04,BUS005,4,0,9,0,1,17.9,3343.4,4.81,1,56.7,14.25
R03,BUS009,6,6,21,1,0,23.9,3093.3,0.62,0,47.2,7.68
R02,BUS016,5,4,16,0,0,29.0,1883.1,1.97,0,31.8,4.32
R05,BUS011,6,0,12,0,0,17.7,306.0,2.2,0,47.5,2.21
R02,BUS021,8,1,10,0,1,10.4,3297.4,4.43,0,67.3,20.89
R03,BUS017,6,2,21,0,0,26.4,1480.1,1.77,0,33.6,4.81
R03,BUS001,8,0,16,0,0,26.3,1923.8,1.76,0,47.6,3.58
R04,BUS020,1,1,18,0,1,19.0,360.8,4.89,0,63.6,2.4
R01,BUS020,2,1,22,0,0,13.8,2467.3,0.98,0,11.3,10.92
R05,BUS008,5,0,19,0,1,18.5,1074.0,4.59,0,49.3,5.25
R04,BUS002,11,5,11,1,0,34.5,2431.8,1.53,0,27.0,5.31
R03,BUS017,8,6,15,1,0,17.4,1299.9,1.83,1,30.6,6.37
R03,BUS010,3,2,6,0,0,21.5,201.1,0.96,2,26.6,2.88
R05,BUS010,4,2,13,0,0,21.8,1189.9,0.95,0,32.3,3.16
R04,BUS003,6,0,14,0,0,28.9,1851.2,0.33,0,58.0,4.44
R01,BUS014,4,6,17,1,0,22.0,850.4,1.5,0,23.8,3.02
R05,BUS002,12,5,13,1,0,30.5,2655.3,0.78,0,34.0,6.0
R03,BUS009,3,2,13,0,0,14.8,2335.4,1.6,0,47.5,9.29
R01,BUS001,9,4,15,0,0,8.2,1493.7,0.73,0,58.8,11.67
R03,BUS022,10,5,13,1,0,31.2,1080.9,1.17,0,41.2,1.83
R05,BUS001,9,3,11,0,0,22.9,2038.6,1.01,1,20.8,7.56
R03,BUS018,12,1,14,0,0,16.0,1944.1,0.71,0,47.6,7.33
R03,BUS021,1,0,10,0,1,14.0,249.9,4.43,1,76.3,4.45
R05,BUS007,7,5,22,1,0,30.8,1081.6,1.62,0,29.0,3.72
R04,BUS011,3,1,15,0,0,18.3,1659.2,0.0,0,45.7,5.15
R04,BUS008,5,5,18,1,0,26.9,2879.5,1.19,1,35.1,8.66
R02,BUS009,10,5,9,1,0,28.9,966.8,1.11,0,43.3,1.44
R01,BUS009,12,3,20,0,1,10.5,345.6,4.87,0,60.9,4.2
R01,BUS014,11,4,22,0,0,23.5,583.2,1.97,2,67.9,5.16
R01,BUS018,7,3,12,0,0,16.4,987.5,0.58,1,33.5,4.04
R01,BUS024,5,4,7,0,0,26.4,2885.7,1.54,0,27.9,6.52
R03,BUS010,8,5,5,1,0,26.2,3490.5,0.12,0,26.2,7.92
R06,BUS002,5,6,15,1,0,22.7,2971.4,1.84,0,26.9,8.88
R02,BUS015,5,0,8,0,1,8.9,366.7,4.76,0,53.1,4.57
R02,BUS007,2,6,18,1,0,26.6,3144.2,0.51,0,56.9,7.46
R05,BUS017,12,1,14,0,0,27.7,471.2,1.93,0,30.4,1.77
R06,BUS011,3,2,6,0,0,18.5,1396.5,1.77,0,21.1,4.98
R04,BUS004,2,3,10,0,1,13.7,281.2,3.28,1,72.6,3.75
R06,BUS008,2,6,19,1,0,30.3,2440.2,1.79,0,52.4,5.4
R05,BUS005,4,5,11,1,0,27.8,1291.6,0.72,1,48.9,4.41
R05,BUS022,1,2,12,0,0,16.8,695.9,1.32,0,53.4,2.39
R03,BUS004,9,5,7,1,0,35.1,3305.6,1.28,0,17.4,6.1
R01,BUS019,1,4,13,0,0,16.0,2030.1,2.56,0,21.3,9.8
R05,BUS012,9,2,6,0,0,20.6,2387.1,1.85,1,52.6,8.17
R04,BUS009,7,4,19,0,1,11.8,686.5,5.51,0,84.5,5.58
R05,BUS002,1,0,12,0,0,24.6,1193.3,0.07,0,35.3,3.36
R06,BUS017,7,2,17,0,1,18.2,3294.8,2.81,2,75.0,13.99
R04,BUS001,4,6,11,1,0,21.8,1178.1,0.36,2,22.8,5.21
R06,BUS020,5,3,10,0,1,17.7,3389.4,4.66,2,51.9,15.14
R01,BUS002,10,5,7,1,0,26.7,1373.7,2.35,0,54.4,4.47
R02,BUS022,2,0,8,0,1,9.2,1344.1,4.29,0,74.2,9.2
R05,BUS013,7,4,9,0,1,6.4,2088.3,5.99,0,55.4,22.5
R03,BUS002,9,6,20,1,0,32.7,2308.6,0.75,0,57.8,4.19
R05,BUS017,6,1,21,0,0,17.1,1483.4,3.03,0,23.7,6.42
R03,BUS006,10,4,19,0,1,9.3,2838.0,4.94,0,66.6,20.68
R02,BUS022,8,6,18,1,0,34.1,3237.7,1.01,1,46.0,6.53
R03,BUS011,5,5,13,1,0,26.2,1942.6,1.07,0,59.8,5.95
R06,BUS011,12,0,14,0,0,18.3,2478.3,1.82,0,20.1,8.55
R06,BUS022,2,0,10,0,1,13.3,2806.2,4.82,0,69.2,14.57
R03,BUS019,9,5,9,1,0,28.7,2631.2,1.39,0,41.7,7.54
R05,BUS012,3,0,14,0,0,23.2,361.4,1.72,1,37.3,2.38
R03,BUS008,3,0,20,0,1,11.0,2425.3,5.22,0,63.8,16.57
R01,BUS006,12,5,18,1,0,22.2,2233.2,1.19,1,56.1,7.54
R04,BUS015,7,4,17,0,1,21.8,1072.3,4.61,0,70.4,5.29
R03,BUS004,7,3,11,0,0,16.7,2866.2,1.92,0,58.2,12.15
R04,BUS012,11,5,19,1,0,29.9,926.3,1.58,0,25.1,2.5
R01,BUS022,3,3,18,0,1,16.0,1711.1,4.34,0,72.0,7.09
R02,BUS008,11,0,12,0,0,22.1,2636.9,2.86,0,22.1,7.61
R03,BUS003,1,6,12,1,0,25.9,2611.5,1.34,0,33.8,6.71
R02,BUS012,3,6,11,1,0,22.2,3091.8,2.26,0,8.3,9.39
R06,BUS013,5,0,11,0,0,18.8,3298.9,0.3,0,23.6,10.23
R01,BUS021,9,5,15,1,0,30.8,2447.3,0.0,0,31.7,4.44
R02,BUS022,1,6,10,1,0,30.6,1308.9,0.92,1,25.2,4.68
R03,BUS006,9,1,8,0,1,10.8,1474.0,4.7,0,43.8,10.47
R06,BUS017,12,6,8,1,0,24.9,2978.1,1.15,0,10.1,7.07
R06,BUS008,4,6,8,1,0,28.2,1515.9,1.59,1,16.3,4.61
R02,BUS001,9,4,12,0,0,19.0,3474.9,0.49,0,51.5,11.75
R03,BUS020,1,5,12,1,0,22.8,1304.5,1.92,0,23.0,4.32
R03,BUS015,6,3,11,0,0,22.6,2010.0,1.62,1,31.8,8.18
R04,BUS024,1,0,20,0,1,12.5,549.0,4.24,0,75.9,3.61
R01,BUS002,3,5,21,1,0,38.8,761.5,1.64,0,21.3,0.51
R04,BUS005,10,6,13,1,0,33.7,2957.2,1.7,1,34.4,7.14
R03,BUS010,3,5,15,1,0,27.2,1133.7,0.42,0,55.4,2.06
R05,BUS023,7,6,20,1,0,21.7,3259.0,2.35,0,31.0,10.71
R04,BUS022,6,0,9,0,1,16.8,2532.3,4.88,0,72.0,11.53
R01,BUS007,7,0,15,0,0,15.3,2916.3,2.59,0,52.1,12.71
R05,BUS005,3,4,9,0,1,13.1,1278.7,4.42,0,75.5,7.85
R03,BUS013,11,5,5,1,0,30.2,3382.8,0.39,0,29.9,7.6
R03,BUS020,2,0,19,0,1,18.6,3155.6,4.64,0,69.4,11.6
R01,BUS009,7,0,21,0,0,21.3,2437.7,2.76,0,24.3,8.62
R06,BUS022,3,3,11,0,0,22.6,3405.5,1.47,0,22.4,9.59
R06,BUS013,11,1,9,0,1,15.9,2297.5,4.51,0,61.6,10.89
R01,BUS011,10,2,21,0,0,26.0,289.3,1.97,0,54.9,1.66
R06,BUS005,6,2,16,0,0,27.4,1222.2,0.86,0,37.0,2.61
R04,BUS002,6,5,13,1,0,31.2,1741.9,0.01,0,9.9,2.76
R04,BUS002,5,5,8,1,0,32.2,2664.7,1.66,0,46.7,6.29
R02,BUS021,11,3,13,0,0,23.8,3230.8,2.18,0,32.7,8.94
R05,BUS020,8,1,14,0,0,25.4,3411.1,1.19,0,60.0,9.22
R01,BUS017,11,1,22,0,0,19.1,1417.7,0.21,0,50.7,4.76
R05,BUS004,8,6,15,1,0,41.5,2830.3,0.44,0,46.1,4.46
R06,BUS005,5,4,14,0,0,24.3,3228.1,1.3,1,34.9,9.73
R06,BUS009,7,4,9,0,1,10.1,1582.3,5.86,1,65.7,12.02
R04,BUS006,4,2,20,0,1,16.1,2968.5,4.58,1,41.2,13.64
R01,BUS018,5,1,22,0,0,24.6,710.5,1.56,1,39.5,3.3
R06,BUS002,6,2,12,0,0,14.4,916.9,2.64,0,51.1,4.15
R01,BUS015,12,3,7,0,0,15.2,2829.7,2.82,0,53.5,11.91
R04,BUS002,6,4,16,0,0,21.4,1363.9,2.32,0,21.3,5.54
R06,BUS015,10,0,15,0,0,26.7,329.9,1.84,0,50.2,1.78
R06,BUS018,2,5,5,1,0,23.6,329.3,0.84,0,57.4,1.42
R03,BUS011,4,6,9,1,0,29.2,2281.9,0.28,2,34.8,6.15
R02,BUS007,5,3,10,0,1,13.1,1948.7,5.0,0,101.6,11.2
R05,BUS010,10,3,7,0,0,18.1,3153.0,1.13,0,20.9,10.89
R06,BUS006,8,1,15,0,0,31.3,2337.2,0.84,0,32.9,4.97
R03,BUS019,12,2,19,0,1,13.0,2960.0,4.88,0,41.1,16.15
R01,BUS005,5,3,11,0,0,24.2,757.5,1.05,0,56.3,1.84
R02,BUS011,4,4,20,0,1,14.5,2027.6,4.55,0,76.2,9.93
R05,BUS018,5,3,11,0,0,22.9,1163.2,0.54,0,44.7,3.22
R02,BUS010,3,0,21,0,0,13.6,317.9,1.65,0,46.8,2.03
R01,BUS006,7,4,10,0,1,18.5,2766.6,5.54,0,69.4,11.11
R06,BUS024,9,6,20,1,0,25.4,2319.6,1.31,0,69.1,5.01
R03,BUS017,4,4,16,0,0,18.1,368.4,2.38,0,59.3,0.3
R02,BUS014,8,0,18,0,1,9.2,1958.6,5.34,1,49.7,15.63
R06,BUS015,5,1,13,0,0,11.8,383.2,1.88,1,58.2,3.66
R05,BUS020,7,5,6,1,0,16.0,3062.9,3.19,0,44.7,12.38
R01,BUS002,1,4,21,0,0,15.2,744.2,0.75,0,27.5,3.57
R02,BUS019,2,3,9,0,1,18.5,2479.2,5.32,1,91.5,11.64
R02,BUS023,7,0,14,0,0,24.6,225.6,0.38,0,21.1,0.3
R04,BUS024,1,3,11,0,0,27.7,639.5,1.93,1,43.9,3.11
R03,BUS017,3,2,22,0,0,21.7,2512.2,2.5,0,33.6,9.17
R05,BUS009,11,5,21,1,0,31.8,3475.8,1.27,0,39.3,6.53
R04,BUS014,12,2,13,0,0,26.0,3261.2,2.26,0,33.7,9.33
R06,BUS002,10,1,9,0,1,10.1,1650.2,3.94,0,66.3,11.47
R01,BUS022,2,2,18,0,1,17.7,1857.2,5.67,0,61.4,8.07
R01,BUS011,3,5,11,1,0,23.1,1643.7,1.58,0,28.3,4.75
R01,BUS003,6,3,20,0,1,24.3,2936.8,4.06,0,59.5,9.81
R03,BUS006,7,5,21,1,0,31.4,2946.0,1.87,1,24.3,7.63
R01,BUS021,7,5,7,1,0,26.9,692.3,1.11,0,13.0,2.45
R03,BUS007,4,1,5,0,0,30.8,887.4,2.15,0,34.6,1.24
R02,BUS015,9,3,10,0,1,13.3,2532.9,7.15,0,50.4,13.39
R02,BUS023,8,2,15,0,0,36.5,1783.1,0.75,0,38.1,3.47
R02,BUS007,12,1,17,0,1,8.6,1479.9,6.0,0,62.6,13.55
R06,BUS018,2,2,18,0,1,12.9,2783.3,4.08,0,63.0,14.02
R06,BUS017,2,5,14,1,0,28.4,3371.2,1.16,0,46.9,8.16
R02,BUS019,2,1,11,0,0,18.6,510.4,2.8,1,34.5,3.98
R01,BUS009,12,3,12,0,0,25.2,1833.8,1.8,0,38.9,5.1
R04,BUS004,7,2,20,0,1,13.2,2194.1,5.84,0,83.2,12.24
R01,BUS008,1,2,6,0,0,20.8,607.1,1.86,0,52.5,3.39
R06,BUS010,2,1,21,0,0,22.5,3116.7,0.41,0,10.5,9.07
R02,BUS008,8,1,12,0,0,26.4,586.6,3.2,1,31.5,3.08
R01,BUS022,6,3,22,0,0,18.6,2333.7,0.93,0,37.2,7.4
R02,BUS003,10,6,15,1,0,21.4,884.0,1.18,0,42.5,3.51
R03,BUS017,6,6,7,1,0,22.2,3205.4,2.49,1,32.7,10.62
R04,BUS015,10,0,11,0,0,21.5,437.5,1.91,0,23.1,2.7
R03,BUS008,11,2,21,0,0,20.5,3464.3,0.8,1,36.3,10.7
R05,BUS004,10,3,13,0,0,31.3,3426.3,3.07,0,16.7,8.11
R06,BUS024,8,1,22,0,0,28.5,3361.4,1.92,0,32.5,7.86
R03,BUS006,1,3,9,0,1,17.2,759.0,4.36,0,42.2,4.09
R03,BUS003,7,6,7,1,0,25.3,3231.5,2.19,0,23.3,9.01
R01,BUS006,4,5,17,1,0,27.5,561.7,1.24,0,39.4,3.4
R05,BUS003,4,2,6,0,0,18.9,871.2,1.73,0,63.0,3.51
R01,BUS007,3,5,20,1,0,28.5,2457.0,2.54,2,53.1,7.39
R01,BUS021,4,0,15,0,0,29.2,718.2,0.92,1,5.2,3.0
R06,BUS017,2,2,14,0,0,29.9,2594.4,1.23,0,46.2,5.67
R01,BUS002,5,0,18,0,1,14.1,2607.9,4.45,0,35.4,13.25
R01,BUS005,8,2,14,0,0,21.5,814.6,3.2,0,38.9,3.48
R06,BUS023,11,5,8,1,0,23.3,284.9,2.17,1,20.6,2.0
R02,BUS019,7,3,6,0,0,23.2,2595.8,1.2,0,31.5,7.45
R03,BUS023,1,6,12,1,0,22.0,698.2,2.73,0,11.2,3.0
R02,BUS004,8,6,19,1,0,24.1,340.3,0.47,0,33.5,0.54
R04,BUS001,3,2,5,0,0,14.6,3351.8,1.68,1,18.1,14.58
R01,BUS024,5,4,21,0,0,21.8,3179.6,2.77,2,5.6,12.18
R03,BUS006,10,6,16,1,0,22.9,2641.7,1.52,0,43.8,6.28
R05,BUS013,10,1,19,0,1,12.5,273.9,5.9,0,55.2,4.06
R04,BUS002,9,1,17,0,1,22.6,3499.4,5.72,1,51.2,12.67
R03,BUS004,1,5,6,1,0,36.1,3472.5,2.06,0,46.3,7.08
R04,BUS001,2,0,12,0,0,33.9,1829.3,1.82,0,81.0,3.83
R01,BUS024,6,4,9,0,1,10.6,362.4,3.44,0,71.7,2.52
R02,BUS014,7,0,12,0,0,24.6,1581.6,2.38,1,52.9,6.67
R01,BUS021,12,1,19,0,1,12.6,2524.7,5.12,0,56.4,14.47
R02,BUS004,8,3,14,0,0,20.2,2758.9,0.17,0,52.5,8.81
R03,BUS012,4,0,16,0,0,20.6,2483.3,1.35,0,21.3,6.72
R02,BUS010,8,3,20,0,1,16.4,741.8,3.85,0,55.0,5.06
R04,BUS014,4,4,18,0,1,14.8,2889.1,4.46,0,81.9,12.6
R01,BUS016,5,4,8,0,1,18.8,2138.2,6.97,2,91.6,11.76
R06,BUS019,6,3,8,0,1,19.6,1291.7,5.82,0,52.3,6.47
R02,BUS014,8,1,20,0,1,12.2,1189.4,3.66,0,64.7,7.35
R02,BUS007,11,2,19,0,1,14.2,773.3,4.42,0,57.0,4.38
R02,BUS011,11,2,6,0,0,9.0,1040.9,0.43,0,57.4,7.55
R04,BUS016,4,4,18,0,1,19.5,3464.5,3.64,0,48.2,11.92
R04,BUS021,2,3,9,0,1,7.2,2837.6,5.92,0,68.7,26.8
R03,BUS012,8,2,9,0,1,6.2,1390.7,3.71,0,72.5,15.69
R02,BUS023,2,5,14,1,0,33.1,1259.0,0.79,0,51.2,1.81
R02,BUS010,12,5,14,1,0,28.9,1355.0,0.26,0,44.4,3.54
R06,BUS020,7,0,17,0,1,11.0,463.5,5.85,1,38.3,5.66
R05,BUS004,5,4,18,0,1,18.8,1402.8,6.27,0,62.7,7.49
R05,BUS016,6,1,13,0,0,27.2,2499.2,1.3,0,20.8,5.39
R03,BUS002,12,2,5,0,0,23.5,2634.5,0.9,0,8.6,7.01
R02,BUS012,2,0,10,0,1,15.3,1685.9,5.96,0,79.4,8.02
R05,BUS021,7,4,16,0,0,17.4,1875.6,2.3,2,19.7,10.27
R05,BUS004,9,1,7,0,0,13.4,2542.2,2.42,1,30.0,12.16
R02,BUS014,6,5,12,1,0,22.6,3326.0,2.04,0,38.2,9.12
R03,BUS013,7,3,10,0,1,15.4,1080.0,5.69,0,82.4,6.63
R03,BUS023,1,1,6,0,0,25.7,267.6,1.88,0,50.3,0.3
R01,BUS014,12,1,20,0,1,10.3,2717.9,5.06,0,48.7,16.91
R01,BUS009,12,5,17,1,0,26.1,3300.5,1.4,0,25.0,7.99
R01,BUS024,5,4,14,0,0,24.4,3440.8,0.7,0,28.1,8.36
R02,BUS022,8,0,11,0,0,21.0,1007.8,1.08,0,48.4,3.84
R04,BUS010,10,4,22,0,0,15.6,892.7,1.91,0,13.7,3.9
R04,BUS007,9,3,19,0,1,11.0,1459.2,5.42,0,80.4,10.49
R04,BUS019,12,1,11,0,0,17.9,2526.0,2.03,1,14.0,9.79
R02,BUS010,8,0,20,0,1,7.8,2669.1,4.1,0,69.1,22.72
R04,BUS006,9,3,7,0,0,32.2,1248.1,0.59,0,11.0,2.45
R06,BUS002,7,6,13,1,0,24.1,600.7,2.02,0,13.2,1.74
R04,BUS011,10,4,16,0,0,25.9,584.6,2.0,0,41.0,1.86
R04,BUS001,1,0,5,0,0,25.8,1034.3,0.39,1,47.8,4.03
R06,BUS008,4,0,19,0,1,18.4,2516.7,5.88,1,49.3,10.67
R06,BUS017,6,2,18,0,1,10.7,2996.1,3.97,0,87.4,17.58
R06,BUS007,9,5,21,1,0,33.1,810.1,1.51,0,45.1,1.47
R06,BUS019,3,4,15,0,0,22.9,628.3,1.47,2,58.5,4.7
R01,BUS020,2,2,19,0,1,12.6,2407.5,6.06,0,60.3,13.89
R02,BUS007,4,3,16,0,0,23.2,2009.9,0.84,2,26.6,6.7
R03,BUS006,3,0,13,0,0,23.3,1675.7,3.06,1,12.0,6.28
R06,BUS001,2,5,13,1,0,25.5,1072.7,0.0,0,37.9,2.62
R03,BUS010,10,2,9,0,1,20.7,647.0,5.51,0,49.7,3.9
R06,BUS018,1,2,14,0,0,25.9,3249.6,2.18,0,31.6,8.78
R04,BUS006,1,3,9,0,1,14.2,1658.5,6.3,0,59.6,8.72
R05,BUS002,3,1,13,0,0,21.9,2185.5,3.14,1,26.9,7.38
R01,BUS008,7,2,20,0,1,11.5,285.2,6.1,0,33.7,3.91
R05,BUS014,9,4,19,0,1,14.0,2240.1,6.01,2,86.1,13.63
R02,BUS020,7,1,21,0,0,19.2,2823.0,0.29,1,48.8,8.52
R04,BUS017,3,3,18,0,1,13.6,1761.9,4.2,0,54.3,10.44
R01,BUS019,11,1,11,0,0,15.0,3040.0,1.18,0,51.2,12.79
R02,BUS020,1,3,17,0,1,14.4,1943.3,6.21,0,25.3,9.23
R03,BUS024,5,1,11,0,0,16.1,3169.8,2.76,0,28.2,13.01
R03,BUS012,11,5,9,1,0,24.1,3288.2,2.62,0,35.9,9.44
R04,BUS019,10,5,19,1,0,26.6,497.5,1.36,0,64.4,1.82
R05,BUS005,7,5,20,1,0,34.8,2244.7,1.19,1,35.3,5.02
R03,BUS024,7,6,13,1,0,38.5,817.4,2.09,0,40.1,1.77
R05,BUS009,12,6,18,1,0,26.6,1200.6,1.02,1,12.8,3.02
R03,BUS010,1,3,12,0,0,19.0,3338.1,1.44,0,25.8,11.39
R01,BUS015,10,6,12,1,0,22.6,3233.6,1.17,0,60.6,8.37
R03,BUS005,12,6,9,1,0,28.7,2837.9,0.0,0,20.2,5.77
R03,BUS006,4,1,10,0,1,12.7,1278.4,3.95,0,85.2,8.32
R03,BUS016,5,1,10,0,1,12.6,2299.2,4.97,0,60.0,12.45
R05,BUS020,6,0,15,0,0,20.6,2771.2,2.27,0,35.7,9.35
R03,BUS015,3,1,8,0,1,16.0,275.0,4.9,0,50.0,3.34
R04,BUS010,11,1,8,0,1,8.3,223.5,4.64,0,71.6,3.24
R01,BUS008,2,6,19,1,0,31.9,1244.2,2.48,0,61.5,2.82
R06,BUS013,5,5,6,1,0,27.3,492.3,1.42,0,5.0,1.19
R01,BUS018,8,3,5,0,0,18.3,262.6,2.15,0,9.2,1.3
R03,BUS004,11,3,17,0,1,10.5,644.3,5.8,1,46.5,6.59
R05,BUS017,11,5,14,1,0,23.4,2984.8,1.42,1,17.1,8.7
R01,BUS006,1,1,12,0,0,16.7,3000.7,1.31,1,21.9,11.12
R04,BUS002,1,3,18,0,1,10.8,2979.7,4.89,0,71.0,20.12
R05,BUS005,2,4,18,0,1,17.4,2213.9,5.55,0,48.1,10.12
R02,BUS007,5,0,8,0,1,12.8,817.2,6.67,0,78.8,5.73
R01,BUS023,11,2,13,0,0,24.4,2273.1,0.89,0,21.9,5.61
R05,BUS005,5,0,9,0,1,3.0,1735.0,4.52,0,71.4,35.17
R03,BUS021,7,5,17,1,0,19.4,1248.3,2.04,1,27.0,5.73
R06,BUS016,9,5,12,1,0,29.5,1991.3,1.19,1,28.7,5.16
R05,BUS012,5,6,5,1,0,27.5,2351.7,3.23,1,50.6,7.14
R04,BUS009,9,5,20,1,0,22.8,2403.4,1.53,0,27.2,7.07
R05,BUS021,5,3,12,0,0,25.9,2671.4,1.37,0,35.7,7.18
R01,BUS003,11,4,16,0,0,9.1,1986.9,0.0,0,33.7,13.95
R06,BUS002,11,4,14,0,0,21.9,2739.8,1.16,0,16.8,8.28
R04,BUS018,2,3,12,0,0,19.3,3149.6,1.65,0,29.9,9.07
R06,BUS015,7,2,8,0,1,16.0,1161.8,4.27,0,55.6,6.29
R04,BUS010,1,2,8,0,1,20.3,2240.3,4.12,0,83.1,9.25
R03,BUS006,4,5,8,1,0,26.4,796.8,0.67,0,17.9,1.88
R01,BUS020,5,1,11,0,0,19.0,3335.2,1.74,0,22.1,11.65
R05,BUS014,6,6,12,1,0,35.0,3040.5,2.05,0,11.0,6.43
R05,BUS022,9,6,15,1,0,27.2,2825.1,0.45,0,33.0,6.37
R03,BUS014,1,5,11,1,0,26.9,2945.8,2.8,1,60.8,8.35
R04,BUS024,5,2,17,0,1,14.3,531.9,5.05,2,62.1,6.98
R04,BUS019,10,6,17,1,0,31.2,2267.2,2.51,1,28.4,5.44
R06,BUS003,4,5,12,1,0,34.0,1614.8,1.66,1,30.1,3.97
R02,BUS020,8,0,8,0,1,21.0,1492.8,5.43,2,87.4,8.93
R06,BUS016,12,2,15,0,0,27.4,2079.9,1.85,1,51.4,5.84
R04,BUS004,12,1,18,0,1,16.7,373.5,4.61,2,71.3,5.14
R06,BUS017,11,5,9,1,0,29.0,3456.5,0.0,0,36.5,8.09
R04,BUS022,9,1,11,0,0,26.5,1482.9,2.13,1,43.9,4.41
R05,BUS016,7,4,13,0,0,32.1,3052.6,1.11,0,35.4,5.74
R04,BUS009,12,2,16,0,0,11.1,3037.3,2.13,1,30.5,18.84
R03,BUS008,11,0,18,0,1,6.9,1453.8,4.16,0,76.4,14.65
R05,BUS017,8,5,8,1,0,21.3,2301.8,1.61,0,16.4,7.1
R01,BUS018,4,1,8,0,1,11.1,1191.7,6.97,0,61.0,9.86
R04,BUS016,12,4,16,0,0,21.5,1486.6,0.0,0,32.2,3.61
R02,BUS009,8,6,20,1,0,22.6,1570.5,0.0,1,31.0,4.81
R02,BUS018,8,4,9,0,1,11.6,1607.9,4.02,0,66.9,9.4
R03,BUS007,8,0,17,0,1,18.4,610.3,6.29,0,72.9,4.44
R01,BUS019,12,6,8,1,0,24.6,1626.0,1.78,0,26.6,4.04
R05,BUS007,12,2,15,0,0,19.1,1895.9,3.16,0,46.3,5.7
R02,BUS006,2,3,16,0,0,24.6,502.1,1.66,0,12.4,2.76
R03,BUS020,5,2,19,0,1,14.2,1471.6,5.87,0,77.1,9.43
R06,BUS010,11,3,19,0,1,18.5,1482.2,4.17,0,40.7,7.81
R04,BUS021,8,5,8,1,0,23.2,200.5,2.12,0,50.8,1.15
R02,BUS019,5,2,21,0,0,20.8,930.7,1.18,1,5.0,4.31
R05,BUS013,4,5,20,1,0,30.5,2492.6,2.18,0,43.2,4.95
R01,BUS011,7,0,21,0,0,11.4,961.1,0.51,0,55.9,6.16
R01,BUS024,9,2,5,0,0,15.4,3235.2,0.0,0,50.5,13.3
R04,BUS013,11,3,11,0,0,29.6,299.7,2.71,0,25.4,1.95
R04,BUS015,3,0,11,0,0,19.3,488.2,1.85,0,40.8,2.94
R01,BUS011,3,2,5,0,0,28.2,2249.2,0.81,0,7.6,4.53
R02,BUS009,3,2,10,0,1,14.3,1839.3,4.39,0,73.1,9.48
R05,BUS016,1,6,6,1,0,35.0,2620.8,1.57,0,37.9,4.15
R02,BUS013,1,5,11,1,0,29.2,937.1,1.94,0,61.6,3.11
R01,BUS019,7,1,16,0,0,18.3,1386.4,1.17,0,9.6,4.99
R06,BUS014,12,6,16,1,0,29.9,1352.8,1.69,0,34.1,3.42
R02,BUS020,4,6,20,1,0,32.3,3063.2,1.58,1,33.1,7.86
R06,BUS013,2,3,17,0,1,19.1,1129.8,4.12,0,52.7,5.9
R03,BUS006,3,6,22,1,0,24.7,2150.8,1.86,0,22.8,5.92
R04,BUS008,3,5,19,1,0,23.0,1829.8,1.67,1,55.5,7.2
R06,BUS020,6,1,7,0,0,14.7,2246.3,2.76,1,46.8,11.21
R03,BUS024,1,3,16,0,0,17.9,2960.2,2.01,1,39.9,11.56
R02,BUS023,2,4,11,0,0,24.3,2022.5,2.39,0,46.1,5.6
R02,BUS016,5,6,19,1,0,28.2,2331.7,1.67,0,56.7,5.82
R05,BUS005,2,2,18,0,1,19.5,3039.1,5.29,0,91.2,10.85
R06,BUS018,3,0,19,0,1,15.6,2518.2,4.38,0,50.0,10.76
R04,BUS008,12,1,10,0,1,10.6,2447.8,4.09,0,68.1,15.08
R06,BUS024,12,4,19,0,1,13.5,2954.4,5.17,0,55.4,14.48
R03,BUS019,12,5,7,1,0,23.8,2124.0,0.9,0,42.8,5.97
R03,BUS004,5,1,10,0,1,9.7,548.5,2.87,1,51.7,5.57
R05,BUS008,4,3,10,0,1,10.0,1569.4,4.63,2,44.5,14.88
R06,BUS009,5,5,16,1,0,29.0,292.9,2.73,0,40.0,1.84
R04,BUS005,3,6,16,1,0,28.8,1118.9,1.16,0,29.4,2.9
R04,BUS011,5,5,14,1,0,35.8,898.8,1.31,0,34.9,1.61
R03,BUS009,7,6,10,1,0,18.8,2282.8,0.42,0,45.6,7.91
R01,BUS022,2,3,17,0,1,12.6,1552.0,5.82,1,73.4,10.31
R06,BUS020,8,5,6,1,0,31.4,2742.6,1.88,0,24.8,5.92
R03,BUS008,6,6,9,1,0,30.3,1999.3,1.14,0,21.9,4.31
R06,BUS018,2,4,20,0,1,15.0,425.5,5.62,0,60.7,4.6
R05,BUS010,2,2,11,0,0,33.8,1884.3,0.0,1,49.1,4.07
R04,BUS013,4,0,22,0,0,15.8,2840.2,0.73,1,35.1,11.15
R05,BUS019,10,5,10,1,0,30.8,2021.6,2.22,0,45.3,4.73
R02,BUS014,10,2,7,0,0,17.9,575.6,1.81,0,26.2,2.68
R06,BUS002,12,6,22,1,0,29.4,2902.2,1.39,1,27.8,6.89
R01,BUS006,1,5,22,1,0,28.3,763.2,1.21,0,50.9,2.9
R01,BUS003,9,6,5,1,0,33.4,3096.9,2.96,0,45.8,6.6
R02,BUS010,6,3,9,0,1,8.8,297.2,4.75,0,46.9,4.61
R01,BUS005,1,6,17,1,0,26.2,2329.1,1.87,0,36.7,5.52
R03,BUS006,7,6,11,1,0,34.7,3436.1,2.55,1,21.2,7.35
R03,BUS022,10,5,20,1,0,22.2,3120.9,1.66,0,22.9,7.81
R05,BUS024,2,5,8,1,0,24.7,2399.1,1.37,0,14.1,5.6
R06,BUS024,10,4,21,0,0,21.3,1514.0,0.56,2,26.3,6.84
R02,BUS007,7,4,5,0,0,19.5,1810.9,2.68,2,10.2,8.04
R05,BUS005,2,5,11,1,0,25.7,290.3,1.66,0,19.0,1.95
R02,BUS011,1,1,9,0,1,16.6,2700.2,5.36,0,80.2,11.62
R04,BUS001,2,6,16,1,0,18.0,1871.6,1.52,0,34.7,6.32
R04,BUS002,5,3,5,0,0,13.4,1772.2,0.93,0,53.9,8.25
R01,BUS007,7,2,5,0,0,25.3,3431.5,2.31,0,40.0,9.37
R02,BUS014,5,5,11,1,0,15.9,669.5,1.86,1,23.1,3.79
R06,BUS016,10,6,14,1,0,29.9,3197.8,1.61,0,56.6,6.95
R04,BUS004,5,3,5,0,0,18.6,1184.9,1.33,0,51.4,3.99
R05,BUS021,2,4,9,0,1,18.0,2038.4,5.24,1,54.3,9.39
R03,BUS001,10,1,7,0,0,25.5,1579.8,1.52,1,18.2,5.37
R05,BUS008,6,5,6,1,0,24.5,1349.8,1.74,0,47.7,4.81
R05,BUS023,11,2,8,0,1,11.1,1267.2,4.06,1,69.9,8.33
R03,BUS004,12,1,7,0,0,14.1,1587.5,0.54,1,62.3,7.98
R03,BUS024,9,1,10,0,1,10.6,619.4,4.6,0,49.0,5.74
R03,BUS013,3,2,18,0,1,6.3,593.9,6.06,0,72.3,7.96
R03,BUS004,2,0,14,0,0,16.5,1250.1,0.42,0,12.8,4.65
R03,BUS012,7,3,11,0,0,20.6,735.5,1.63,0,47.6,3.39
R06,BUS023,11,1,15,0,0,24.9,1964.7,2.4,0,37.9,5.18
R02,BUS002,10,2,15,0,0,21.7,1282.9,0.6,1,37.3,4.63
R06,BUS013,5,6,5,1,0,30.8,1251.8,1.73,2,5.8,5.13
R04,BUS013,10,4,14,0,0,18.9,3153.3,2.99,1,34.5,12.0
R01,BUS009,8,0,8,0,1,17.0,2588.8,5.73,1,66.6,12.17
R05,BUS017,11,2,7,0,0,27.5,2888.1,3.57,0,36.2,6.73
R03,BUS003,4,4,21,0,0,9.0,2039.0,2.36,0,29.7,14.98
R01,BUS023,9,3,5,0,0,19.1,1934.9,0.83,0,30.0,7.25
R01,BUS005,2,0,14,0,0,23.8,1597.0,0.87,0,5.8,4.43
R05,BUS013,12,5,12,1,0,29.0,3191.4,3.54,1,25.4,8.32
R01,BUS001,12,5,6,1,0,30.7,2213.4,1.92,0,41.0,5.18
R04,BUS016,3,3,5,0,0,20.9,2339.8,2.76,0,49.4,8.49
R01,BUS014,4,0,12,0,0,20.3,2069.3,1.15,0,33.3,6.32
R01,BUS008,8,0,20,0,1,18.2,2593.4,4.32,0,64.8,9.08
R02,BUS016,12,6,6,1,0,23.5,1835.9,1.85,0,47.6,5.38
R01,BUS001,12,3,14,0,0,32.0,3091.7,0.52,1,38.0,6.77
R05,BUS004,8,5,13,1,0,32.8,1049.9,1.7,0,59.5,2.49
R06,BUS017,1,2,20,0,1,13.3,3453.3,5.33,0,48.3,17.23
R02,BUS021,2,4,14,0,0,23.5,2204.9,2.05,0,28.9,6.2
R04,BUS016,12,5,15,1,0,22.6,3483.4,0.77,0,23.0,9.67
R06,BUS003,12,1,10,0,1,21.1,1665.5,5.07,0,42.8,6.78
R01,BUS009,10,6,10,1,0,28.6,2919.8,0.72,0,41.1,5.62
R01,BUS007,4,4,16,0,0,23.0,202.7,1.41,0,15.3,0.94
R06,BUS018,3,4,20,0,1,19.5,2159.5,5.21,0,85.5,8.72
R05,BUS011,8,1,21,0,0,23.7,989.2,2.48,0,44.5,2.99
R06,BUS024,2,6,7,1,0,24.4,978.4,1.11,0,59.0,4.01
R03,BUS010,1,4,8,0,1,11.3,1292.8,6.08,2,73.2,11.36
R02,BUS015,1,4,9,0,1,16.4,3378.5,4.06,2,78.0,15.82
R01,BUS005,8,6,10,1,0,29.7,3365.1,1.36,0,25.7,7.46
R06,BUS011,10,2,7,0,0,28.3,2597.3,0.89,0,22.7,6.77
R05,BUS014,12,0,12,0,0,17.2,1233.5,1.58,0,23.9,5.28
R02,BUS017,3,6,17,1,0,23.1,1284.2,1.23,0,27.1,2.98
R01,BUS022,10,1,12,0,0,11.7,2099.8,2.49,2,44.5,13.55
R06,BUS004,1,4,8,0,1,15.1,3218.3,4.42,1,52.7,15.87
R01,BUS017,8,1,17,0,1,22.5,2566.8,5.73,0,68.1,8.56
R04,BUS017,5,3,22,0,0,24.8,2259.3,2.62,0,29.7,5.92
R06,BUS006,2,0,12,0,0,26.5,2829.7,1.7,0,5.0,6.93
R02,BUS011,4,3,20,0,1,17.9,2298.9,4.62,0,61.9,9.28
R01,BUS017,3,3,16,0,0,19.2,2046.6,1.54,0,40.2,7.02
R06,BUS004,12,0,17,0,1,13.3,1208.6,5.5,0,70.5,7.06
R04,BUS022,7,1,19,0,1,9.5,1216.0,5.35,0,63.3,8.66
R03,BUS014,1,3,11,0,0,15.3,1541.7,1.82,0,27.4,6.9
R06,BUS006,3,6,6,1,0,28.7,3364.5,0.33,0,38.8,7.74
R04,BUS008,11,6,6,1,0,24.9,544.5,2.17,0,31.6,1.79
R02,BUS003,4,1,17,0,1,7.7,2931.6,4.05,0,42.6,24.1
R02,BUS018,1,2,19,0,1,21.7,251.2,3.62,0,57.5,1.72
R02,BUS001,10,5,20,1,0,22.2,460.5,2.03,0,30.6,1.66
R05,BUS011,8,6,14,1,0,31.6,1090.5,1.23,1,29.5,3.48
R05,BUS001,10,0,22,0,0,25.2,1450.6,2.3,2,39.1,6.05
R04,BUS024,4,4,14,0,0,18.7,2235.2,3.0,0,24.4,8.51
R03,BUS003,12,5,22,1,0,26.0,563.4,1.04,0,31.8,2.3
R04,BUS024,4,6,7,1,0,26.1,2013.7,1.54,1,36.2,5.83
R03,BUS013,2,0,20,0,1,11.9,2806.3,4.11,0,68.6,16.17
R03,BUS001,9,2,11,0,0,28.2,1250.0,1.45,0,12.4,2.59
R02,BUS018,6,5,13,1,0,23.8,2741.5,0.0,1,35.7,7.21
R03,BUS021,10,5,11,1,0,36.4,3260.5,1.74,0,24.8,7.99
R04,BUS013,1,3,12,0,0,24.8,844.2,2.08,2,41.1,4.46
R02,BUS009,2,3,22,0,0,25.9,1546.8,2.95,0,55.5,4.95
R05,BUS017,9,5,9,1,0,38.9,3186.1,1.71,0,26.5,5.18
R05,BUS007,3,1,13,0,0,35.2,1418.8,2.33,0,11.1,3.53
R03,BUS022,6,0,5,0,0,11.7,1123.1,1.44,0,54.6,5.46
R01,BUS013,2,1,17,0,1,19.6,2078.5,4.99,0,68.2,8.93
R03,BUS022,5,3,13,0,0,21.1,3074.3,1.91,0,21.9,9.02
R04,BUS008,3,3,13,0,0,22.7,2238.2,1.45,0,5.0,6.94
R05,BUS017,12,5,13,1,0,29.5,2175.4,0.66,2,26.6,7.05
R02,BUS015,9,2,6,0,0,18.9,3033.5,0.5,0,49.8,9.37
R03,BUS003,8,6,9,1,0,34.9,3037.4,4.05,0,43.3,6.91
R01,BUS003,8,3,13,0,0,16.0,3456.1,0.41,0,28.4,13.34
R05,BUS010,7,4,16,0,0,25.1,1591.5,1.57,0,45.3,5.09
R01,BUS007,4,3,15,0,0,26.9,2638.5,2.4,0,57.6,7.1
R03,BUS003,1,5,14,1,0,36.7,700.4,1.01,0,19.8,2.22
R02,BUS004,12,5,17,1,0,27.3,2675.5,2.2,0,7.5,6.32
R06,BUS007,2,5,14,1,0,27.5,390.3,0.68,0,48.2,0.3
R03,BUS015,4,1,14,0,0,17.0,548.6,1.68,0,46.2,3.09
R03,BUS022,5,3,16,0,0,18.0,2787.1,1.85,1,42.8,11.61
R02,BUS018,6,0,18,0,1,9.1,1843.3,5.05,1,70.5,15.28
R06,BUS004,4,3,18,0,1,16.2,336.7,4.08,0,80.7,4.17
R01,BUS015,5,5,21,1,0,28.5,2740.9,0.67,1,14.5,8.02
R04,BUS023,6,5,9,1,0,19.7,2032.9,2.39,0,42.3,6.59
R04,BUS009,7,5,17,1,0,30.7,1206.3,1.1,0,22.9,1.72
R06,BUS016,4,3,22,0,0,20.8,1895.7,0.95,0,32.2,6.31
R01,BUS008,1,3,11,0,0,22.1,222.2,1.33,0,60.7,1.39
R03,BUS004,11,1,6,0,0,30.7,445.5,1.44,0,19.8,1.24
R03,BUS007,1,1,20,0,1,13.6,263.9,6.41,0,57.1,3.03
R05,BUS016,3,0,9,0,1,14.9,1864.6,3.51,0,55.7,9.07
R02,BUS014,8,2,7,0,0,16.4,1574.9,1.53,0,37.1,6.37
R06,BUS022,11,4,6,0,0,21.6,2441.6,1.41,0,56.7,7.04
R05,BUS023,11,0,21,0,0,19.0,1852.5,0.26,0,51.0,6.09
R03,BUS002,11,1,7,0,0,16.5,724.6,0.52,0,47.2,3.83
R01,BUS019,5,6,6,1,0,29.4,226.7,1.0,0,30.3,0.43
R06,BUS023,10,2,17,0,1,16.6,289.2,3.55,0,67.3,2.64
R06,BUS014,12,2,20,0,1,7.9,2716.0,4.78,1,78.3,21.95
R02,BUS008,12,3,12,0,0,22.5,894.9,0.95,0,28.0,2.2
R04,BUS009,9,6,6,1,0,21.9,2162.3,2.12,0,12.1,6.2
R06,BUS019,6,1,6,0,0,22.9,2494.7,2.51,0,52.7,8.13
R03,BUS012,2,4,15,0,0,25.6,330.9,1.81,0,27.6,2.08
R01,BUS009,1,1,17,0,1,21.9,2434.6,4.93,1,86.2,7.85
R02,BUS010,3,5,13,1,0,26.9,1475.5,2.05,1,51.6,4.72
R02,BUS010,7,0,5,0,0,20.3,947.9,1.97,0,12.8,3.2
R04,BUS016,3,4,8,0,1,12.6,1726.7,4.1,0,56.0,9.54
R06,BUS006,2,4,12,0,0,21.5,698.8,1.1,0,18.3,2.42
R06,BUS021,1,5,17,1,0,27.4,2105.1,1.35,0,38.9,4.63
R01,BUS013,4,1,14,0,0,16.2,3191.9,1.43,0,23.9,12.59
R04,BUS024,6,6,6,1,0,23.1,702.2,1.69,0,61.9,2.69
R01,BUS024,12,4,18,0,1,15.0,853.5,4.82,0,73.6,4.16
R05,BUS014,4,2,15,0,0,22.8,707.0,1.39,0,11.7,1.98
R05,BUS003,3,4,6,0,0,19.5,2069.4,1.4,0,46.3,7.24
R03,BUS022,3,5,17,1,0,31.5,2546.3,1.58,0,33.2,5.68
R05,BUS007,11,4,13,0,0,25.6,3238.3,1.38,0,61.0,7.93
R04,BUS016,3,6,5,1,0,31.3,1314.4,1.69,0,18.2,3.01
R03,BUS004,10,5,16,1,0,17.2,2524.1,2.1,1,40.4,11.51
R04,BUS022,12,1,19,0,1,12.7,1857.1,5.31,1,73.7,11.98
R02,BUS017,6,4,15,0,0,21.2,3243.1,1.41,0,21.6,10.61
R02,BUS003,4,4,17,0,1,14.8,2888.9,4.38,0,63.3,13.62
R05,BUS021,10,6,11,1,0,31.0,2465.5,0.09,0,40.6,4.77
R05,BUS001,9,3,22,0,0,13.0,1544.0,0.74,0,31.5,7.32
R03,BUS009,1,5,10,1,0,34.5,1966.8,1.11,0,26.5,3.97
R02,BUS009,12,5,8,1,0,30.4,2227.8,1.12,0,34.1,4.86
R06,BUS017,6,5,14,1,0,27.2,2088.7,1.33,0,61.3,5.09
R04,BUS018,10,5,21,1,0,31.0,3293.5,0.93,0,17.2,7.4
R03,BUS017,9,3,20,0,1,17.1,1286.7,4.98,0,79.4,7.29
R05,BUS019,10,5,8,1,0,29.1,1422.2,1.43,0,33.4,4.09
R03,BUS014,4,3,17,0,1,17.2,3218.9,4.15,0,58.4,12.81
R06,BUS013,12,2,18,0,1,13.6,2598.1,4.96,1,93.0,14.56
R01,BUS015,5,4,7,0,0,19.7,3160.2,1.5,0,12.8,10.19
R02,BUS004,7,0,20,0,1,14.8,1472.1,4.51,0,82.9,7.55
R06,BUS005,12,6,13,1,0,29.0,3041.6,1.67,0,33.6,6.21
R01,BUS017,12,5,15,1,0,28.2,398.2,0.61,0,34.3,1.12
R05,BUS002,11,3,5,0,0,14.7,2291.8,1.44,0,11.4,10.26
R06,BUS011,2,0,14,0,0,17.3,3164.1,2.63,0,51.8,12.34
R03,BUS004,6,2,21,0,0,20.8,1907.2,1.54,0,54.1,7.72
R02,BUS002,6,6,10,1,0,28.9,1598.4,0.87,0,57.0,4.32
R03,BUS023,4,4,17,0,1,22.6,1233.9,4.58,0,80.2,5.71
R01,BUS012,10,3,16,0,0,30.4,1043.1,2.29,1,67.4,4.73
R02,BUS006,12,0,16,0,0,19.3,1574.9,0.85,0,34.4,4.67
R01,BUS008,2,1,13,0,0,7.5,971.0,0.58,0,56.8,8.38
R02,BUS014,12,3,7,0,0,22.7,2172.3,1.84,0,5.0,6.55
R05,BUS008,9,1,19,0,1,10.6,2251.8,4.41,0,48.1,14.66
R01,BUS003,2,0,5,0,0,23.2,2408.2,1.35,0,18.3,6.37
R06,BUS005,10,5,15,1,0,31.7,3036.7,1.8,0,12.1,6.32
R02,BUS002,7,6,8,1,0,23.3,316.4,0.63,0,56.1,0.77
R03,BUS024,12,5,19,1,0,28.8,2086.7,1.37,0,18.3,3.78
R01,BUS019,5,3,22,0,0,20.6,1056.1,1.98,0,22.7,2.71
R04,BUS021,9,4,12,0,0,7.2,398.6,3.67,1,40.8,5.0
R06,BUS019,12,4,19,0,1,12.6,2217.9,4.12,0,37.6,12.78
R04,BUS015,4,3,21,0,0,17.2,784.9,1.63,0,27.2,3.52
R03,BUS010,1,3,20,0,1,14.0,547.4,5.9,0,72.3,4.88
R03,BUS015,5,2,11,0,0,15.2,3051.6,1.97,0,19.3,13.25
R04,BUS002,10,3,9,0,1,12.3,2424.1,4.58,1,64.8,15.64
R06,BUS010,6,1,15,0,0,22.8,1796.1,2.04,0,23.0,5.68
R05,BUS013,6,1,16,0,0,26.3,1179.0,0.17,0,26.1,3.4
R04,BUS009,3,3,7,0,0,15.5,2626.0,1.54,0,20.0,11.19
R06,BUS007,5,1,9,0,1,12.6,3020.0,5.91,1,63.2,17.77
R04,BUS002,11,3,21,0,0,26.5,2858.0,2.05,0,53.4,7.61
R04,BUS009,7,3,22,0,0,14.5,868.0,1.56,0,28.3,3.99
R03,BUS003,2,0,21,0,0,17.7,825.3,0.43,1,16.0,3.17
R06,BUS007,12,6,20,1,0,23.8,1408.3,1.14,0,5.0,4.97
R04,BUS008,3,6,22,1,0,29.4,1433.2,0.62,0,37.7,3.91
R04,BUS023,3,0,20,0,1,14.2,1192.0,3.97,1,76.4,6.84
R04,BUS016,2,4,22,0,0,17.9,551.8,1.83,0,65.3,2.58
R04,BUS021,2,2,13,0,0,27.6,2468.1,1.34,0,5.0,5.2
R04,BUS012,9,3,12,0,0,31.3,2002.5,2.25,0,27.7,5.17
R01,BUS012,2,2,21,0,0,23.2,322.1,1.94,1,45.4,1.53
R03,BUS005,12,1,18,0,1,14.6,2982.9,6.39,0,79.9,16.13
R01,BUS008,7,6,10,1,0,22.7,1764.3,0.79,2,38.9,7.16
R05,BUS007,1,2,18,0,1,11.3,1411.5,4.63,0,84.8,8.84
R01,BUS012,9,6,19,1,0,28.2,397.2,2.69,0,14.9,1.04
R01,BUS013,5,3,6,0,0,24.1,1866.7,1.08,0,31.8,4.88
R02,BUS003,3,3,5,0,0,27.5,2200.3,1.84,0,49.2,5.58
R06,BUS018,4,0,5,0,0,15.5,1911.3,1.33,0,24.3,6.99
R06,BUS004,4,6,20,1,0,37.5,1446.0,1.25,0,61.2,4.37
R05,BUS021,11,0,5,0,0,13.1,3433.3,1.8,1,53.5,16.67
R05,BUS023,2,3,9,0,1,13.1,1599.4,7.17,0,61.6,10.54
R05,BUS022,7,3,15,0,0,23.9,3190.5,1.21,0,6.7,8.98
R03,BUS020,12,0,7,0,0,27.9,1891.3,2.05,1,53.3,5.38
R06,BUS020,6,3,19,0,1,12.9,266.1,4.49,0,43.2,3.65
R04,BUS004,10,1,7,0,0,16.7,2721.1,0.87,0,20.6,9.7
R05,BUS001,3,3,17,0,1,12.7,1931.8,4.64,1,64.8,11.4
R05,BUS019,2,0,19,0,1,17.5,2132.6,5.0,0,72.4,8.73
R06,BUS003,8,4,19,0,1,17.7,1367.3,5.01,0,32.7,6.14
R03,BUS019,2,4,15,0,0,22.5,483.2,2.78,0,35.0,3.66
R02,BUS019,4,1,19,0,1,15.0,3482.3,5.62,1,67.8,17.21
R04,BUS006,11,3,16,0,0,20.4,2744.3,0.47,1,29.3,9.26
R03,BUS019,6,1,20,0,1,11.8,2219.4,5.58,0,68.2,12.67
R03,BUS021,5,5,11,1,0,31.4,1392.1,3.04,0,45.3,3.89
R03,BUS024,8,4,20,0,1,12.9,2031.2,4.53,0,74.3,10.52
R03,BUS022,6,1,17,0,1,12.7,388.0,4.56,0,73.7,4.14
R06,BUS022,5,2,15,0,0,15.7,1859.2,0.54,0,38.2,7.51
R05,BUS024,9,4,19,0,1,3.0,219.2,4.96,0,69.0,6.33
R01,BUS019,4,4,19,0,1,16.2,3484.2,4.58,0,51.1,14.68
R06,BUS016,8,1,20,0,1,12.8,1652.9,5.37,1,40.2,10.7
R04,BUS015,8,2,5,0,0,20.3,2451.7,0.8,1,34.4,7.36
R06,BUS008,12,1,19,0,1,18.1,1496.4,5.73,0,79.9,6.54
R06,BUS023,9,1,8,0,1,15.0,1567.0,6.86,0,91.6,8.23
R06,BUS006,6,5,8,1,0,24.5,241.4,1.17,0,56.2,0.4
R04,BUS011,12,3,14,0,0,26.8,3383.8,2.19,1,5.0,8.37
R06,BUS013,10,3,20,0,1,13.2,1090.7,5.35,1,81.9,8.89
R03,BUS002,5,1,20,0,1,15.2,1164.9,4.04,0,44.2,6.11
R02,BUS019,12,2,22,0,0,32.6,3167.6,1.34,0,29.6,6.36
R06,BUS024,3,2,13,0,0,21.2,2420.3,2.66,1,29.9,9.19
R03,BUS019,8,2,7,0,0,19.7,3486.0,0.0,1,20.8,10.98
R03,BUS011,6,6,16,1,0,37.6,2541.4,0.0,0,43.3,3.52
R05,BUS015,2,6,15,1,0,28.6,2922.2,0.88,0,34.2,5.63
R06,BUS010,8,3,5,0,0,30.7,2306.2,1.2,1,24.2,6.2
R03,BUS006,2,0,17,0,1,13.7,3314.8,5.71,0,58.5,16.12
R05,BUS010,9,1,9,0,1,16.8,1161.3,5.56,0,47.4,6.84
R02,BUS008,11,6,12,1,0,19.9,632.2,1.25,0,38.8,1.78
R06,BUS001,12,2,8,0,1,18.1,3426.9,3.97,0,62.8,13.77
R02,BUS001,12,0,17,0,1,11.3,1400.8,4.59,0,61.9,9.14
R01,BUS002,3,5,7,1,0,28.8,3056.0,1.49,0,26.1,6.72
R06,BUS010,8,2,19,0,1,14.5,1220.4,5.86,0,50.6,6.8
R05,BUS009,6,4,11,0,0,15.8,1411.3,1.25,0,48.3,5.34
R03,BUS004,3,2,6,0,0,15.9,3377.8,2.71,0,39.0,14.09
R05,BUS022,7,2,22,0,0,23.3,425.2,1.87,1,53.7,2.94
R06,BUS015,6,3,13,0,0,20.4,3020.1,0.28,0,24.9,8.56
R06,BUS019,6,5,15,1,0,21.5,3122.5,2.05,1,16.3,10.64
R05,BUS024,3,4,22,0,0,23.7,2102.7,1.18,0,44.9,6.53
R03,BUS017,7,1,13,0,0,29.2,2858.4,1.65,0,15.1,5.99
R06,BUS017,6,4,6,0,0,18.6,1780.9,2.51,0,30.1,6.41
R05,BUS023,9,3,20,0,1,16.6,1855.6,6.01,1,72.1,9.85
R01,BUS011,2,4,7,0,0,10.9,2926.2,1.88,0,27.3,16.97
R06,BUS018,8,3,12,0,0,16.3,2958.9,1.83,1,15.8,13.1
R06,BUS005,10,0,10,0,1,16.2,708.2,4.81,0,45.5,3.53
R01,BUS007,8,6,10,1,0,25.6,2291.8,1.19,0,36.4,5.98
R02,BUS003,1,1,7,0,0,14.2,1006.5,2.56,1,13.1,6.14
R05,BUS012,12,6,5,1,0,32.0,445.8,1.59,1,51.9,2.38
R03,BUS022,1,6,22,1,0,22.4,1792.1,0.88,0,15.4,4.87
R01,BUS023,9,1,12,0,0,19.6,1922.4,0.53,0,35.3,7.02
R05,BUS020,7,5,16,1,0,21.8,427.0,1.77,0,16.7,1.37
R05,BUS018,2,3,22,0,0,19.1,253.6,0.48,0,39.6,1.35
R01,BUS002,4,3,21,0,0,18.8,562.2,2.66,0,26.6,3.65
R03,BUS022,10,2,8,0,1,9.1,3299.4,5.9,0,84.7,24.6
R02,BUS022,5,2,11,0,0,25.3,641.5,1.45,1,35.1,2.23
R04,BUS022,12,6,16,1,0,32.9,2991.2,2.59,0,61.8,6.47
R04,BUS006,2,6,7,1,0,17.9,2092.7,3.36,0,23.9,8.72
R06,BUS021,6,4,5,0,0,34.3,1264.2,0.63,1,23.8,3.82
R01,BUS013,8,5,19,1,0,29.1,1556.5,0.88,0,29.7,4.83
R01,BUS011,5,6,11,1,0,26.4,1775.3,0.0,1,15.7,5.36
R06,BUS004,8,6,14,1,0,32.4,2184.3,0.88,0,65.6,5.0
R05,BUS007,6,5,18,1,0,20.2,2078.3,1.36,0,51.4,6.79
R04,BUS007,8,5,21,1,0,30.0,1346.0,0.7,0,27.7,3.58
R04,BUS017,6,5,11,1,0,31.6,1580.8,0.97,1,33.2,4.26
R01,BUS013,5,3,11,0,0,15.7,2134.6,0.7,0,41.8,8.43
R05,BUS020,8,2,22,0,0,25.3,1936.2,0.79,0,26.5,5.82
R05,BUS022,8,2,15,0,0,16.0,3473.5,1.54,0,21.1,13.9
R01,BUS024,6,1,9,0,1,12.3,3402.5,5.16,0,76.4,18.68
R02,BUS016,2,0,5,0,0,24.2,2309.3,0.88,1,49.6,7.88
R05,BUS016,7,1,7,0,0,15.0,720.3,1.61,0,20.7,2.52
R05,BUS021,6,6,17,1,0,30.4,1333.4,2.43,0,7.5,2.92
R05,BUS006,12,0,7,0,0,24.2,1559.7,1.43,0,32.0,4.7
R05,BUS011,2,4,5,0,0,25.8,2128.0,0.97,0,25.3,5.8
R03,BUS022,2,5,21,1,0,24.8,2566.1,1.39,0,44.3,6.59
R05,BUS013,5,4,11,0,0,23.5,1352.3,1.14,0,37.4,5.26
R05,BUS015,4,4,7,0,0,24.7,3033.9,1.97,1,60.9,8.72
R03,BUS010,7,4,8,0,1,11.0,2046.3,6.57,0,76.3,13.81
R05,BUS013,6,2,14,0,0,12.6,1421.7,0.83,0,25.6,7.5
R02,BUS018,6,3,21,0,0,20.1,1098.0,2.1,0,46.5,4.23
R04,BUS007,8,5,10,1,0,31.0,3421.4,1.19,0,43.1,7.16
R05,BUS017,8,5,22,1,0,26.9,1442.4,1.84,0,22.2,4.47
R05,BUS014,11,3,5,0,0,22.6,1128.9,1.13,0,5.0,3.53
R02,BUS017,5,1,14,0,0,25.7,2671.7,0.99,1,41.4,7.09
R05,BUS010,1,4,21,0,0,6.5,3378.7,2.41,1,12.1,33.28
R02,BUS017,7,6,15,1,0,23.0,811.6,0.44,0,38.0,3.11
R02,BUS010,10,1,13,0,0,18.3,1369.6,1.45,0,21.5,3.9
R01,BUS010,11,2,18,0,1,14.1,1592.9,4.9,1,59.4,9.2
R05,BUS008,3,3,15,0,0,19.4,1149.2,1.21,0,44.3,4.57
R06,BUS001,8,4,10,0,1,11.1,3463.4,4.58,0,77.0,20.61
R01,BUS008,11,2,9,0,1,12.6,771.6,4.93,1,46.8,5.93
R04,BUS021,1,2,22,0,0,17.3,2880.6,1.43,1,68.2,11.93
R02,BUS002,3,5,7,1,0,28.1,3073.0,0.03,0,50.7,5.89
R06,BUS015,8,6,7,1,0,31.6,2075.5,2.25,0,14.5,3.81
R04,BUS003,8,6,7,1,0,33.0,613.9,2.23,2,30.4,3.9
R03,BUS024,9,5,18,1,0,27.3,1983.2,2.74,0,25.5,4.56
R02,BUS013,8,3,7,0,0,23.2,429.4,2.27,0,34.5,1.36
R02,BUS011,2,1,14,0,0,27.3,402.2,1.89,1,22.1,2.97
R05,BUS020,5,2,9,0,1,14.6,2307.5,4.25,0,45.5,11.49
R02,BUS017,7,0,16,0,0,19.1,2460.9,2.13,1,50.3,9.12
R01,BUS003,7,3,5,0,0,17.6,2073.3,0.52,0,54.1,7.5
R05,BUS024,7,0,6,0,0,23.5,3213.1,1.12,0,25.2,8.52
R03,BUS009,8,3,6,0,0,21.1,1127.8,1.21,0,15.4,2.84
R05,BUS017,12,1,19,0,1,16.1,3470.2,4.89,1,75.0,15.23
R01,BUS001,3,1,6,0,0,26.4,3147.8,1.81,0,21.0,8.48
R05,BUS014,7,6,7,1,0,31.5,3482.7,1.63,0,36.7,5.77
R01,BUS002,9,1,9,0,1,13.2,1780.3,6.31,0,97.7,11.07
R03,BUS003,4,0,12,0,0,14.2,1644.7,0.33,0,31.3,6.83
R02,BUS001,3,5,21,1,0,29.6,3047.0,1.56,1,23.5,7.18
R02,BUS008,3,3,16,0,0,20.4,2066.0,1.71,0,43.9,7.46
R03,BUS008,9,1,12,0,0,25.9,350.5,1.5,0,51.0,1.66
R01,BUS021,4,1,11,0,0,26.4,2922.2,1.9,0,41.1,8.92
R03,BUS003,5,3,19,0,1,9.8,591.2,5.62,0,73.1,5.4
R06,BUS010,4,1,16,0,0,24.4,336.4,1.8,0,37.3,0.95
R05,BUS011,9,5,8,1,0,34.2,2610.6,2.61,1,45.6,6.37
R04,BUS009,12,4,7,0,0,17.3,2170.8,1.99,0,31.3,8.55
R06,BUS022,5,2,5,0,0,25.3,909.0,2.77,0,33.2,4.05
R01,BUS009,9,5,5,1,0,28.1,3178.5,1.66,0,21.3,7.92
R03,BUS010,11,3,8,0,1,17.4,737.9,3.65,0,39.4,4.22
R02,BUS008,8,1,9,0,1,9.5,3320.2,4.0,1,68.8,22.67
R04,BUS021,10,4,15,0,0,16.8,2739.8,1.47,2,39.8,13.77
R06,BUS005,6,0,8,0,1,14.6,3478.7,6.57,0,70.3,16.82
R02,BUS023,3,1,14,0,0,18.8,322.2,1.34,1,5.4,2.16
R02,BUS011,4,0,7,0,0,24.6,1990.0,1.44,2,57.1,6.78
R04,BUS012,2,1,10,0,1,16.3,580.2,5.02,0,76.7,3.19
R05,BUS005,10,2,20,0,1,8.2,2113.3,6.45,0,53.4,17.34
R03,BUS012,7,1,11,0,0,23.8,521.5,1.41,0,34.2,1.96
R06,BUS022,4,4,22,0,0,22.8,1222.9,1.51,0,37.2,5.63
R02,BUS008,2,3,18,0,1,17.1,2476.6,4.55,0,62.7,9.73
R04,BUS024,3,6,18,1,0,31.4,702.4,1.39,0,38.9,1.55
R03,BUS020,1,4,12,0,0,22.0,3200.7,1.4,0,9.2,8.16
R02,BUS024,5,1,15,0,0,26.1,1666.3,0.98,0,29.9,2.6
R04,BUS007,4,1,22,0,0,14.7,1902.5,1.43,2,21.7,10.63
R04,BUS010,9,6,21,1,0,25.3,1507.2,0.49,2,20.7,6.41
R02,BUS006,6,5,20,1,0,26.3,2037.7,2.85,0,49.1,6.14
R04,BUS024,3,0,13,0,0,20.3,521.3,2.38,0,20.4,2.88
R06,BUS020,8,3,19,0,1,15.8,3350.2,4.73,0,64.8,13.63
R05,BUS001,1,0,8,0,1,8.2,383.3,4.59,0,63.9,5.54
R06,BUS004,2,3,17,0,1,13.9,2259.3,4.57,1,75.3,12.57
R06,BUS016,10,5,17,1,0,24.5,2764.6,0.38,0,38.9,6.32
R05,BUS017,6,5,15,1,0,33.5,2043.4,2.52,0,20.5,3.77
R02,BUS017,8,4,9,0,1,16.9,3210.4,4.26,0,51.4,13.64
R02,BUS004,4,0,8,0,1,6.5,2984.1,5.52,0,67.1,29.95
R02,BUS003,11,0,19,0,1,14.5,2033.3,5.08,0,61.4,10.23
R06,BUS001,9,3,22,0,0,28.1,757.0,1.67,0,38.0,1.87
R02,BUS021,2,1,15,0,0,21.6,777.2,0.48,1,52.9,2.33
R01,BUS017,1,5,21,1,0,26.7,2410.8,1.71,0,52.5,6.56
R05,BUS008,12,0,13,0,0,28.3,592.7,2.12,0,18.1,1.32
R02,BUS009,5,0,11,0,0,23.9,2670.1,2.02,0,27.7,7.43
R04,BUS001,9,3,6,0,0,21.7,1212.1,1.45,0,41.1,4.88
R04,BUS018,3,1,18,0,1,16.8,602.8,4.27,0,69.1,3.15
R01,BUS019,3,1,10,0,1,10.7,1284.7,4.9,0,62.1,8.99
R06,BUS022,9,6,9,1,0,28.6,1062.0,1.29,0,15.8,2.56
R04,BUS023,4,2,22,0,0,16.5,2160.8,1.15,0,29.8,7.54
R04,BUS022,7,4,16,0,0,26.2,219.2,1.21,2,7.8,3.33
R06,BUS003,10,6,6,1,0,19.9,2511.8,1.45,0,28.5,9.32
R05,BUS020,3,6,7,1,0,27.9,369.9,2.05,0,38.9,2.35
R03,BUS010,3,6,15,1,0,27.7,1350.6,1.13,2,16.5,6.19
R03,BUS020,10,4,11,0,0,29.1,2554.9,2.03,1,40.1,6.9
R03,BUS001,1,4,18,0,1,16.1,2028.8,6.2,0,46.3,9.86
R01,BUS007,4,0,5,0,0,28.1,1767.3,1.99,0,50.2,5.09
R03,BUS015,11,1,22,0,0,23.8,1268.2,2.02,1,28.8,4.93
R02,BUS011,8,4,16,0,0,19.3,2626.9,2.3,0,40.7,9.72
R03,BUS001,2,2,12,0,0,20.9,446.3,1.78,1,39.5,4.01
R04,BUS004,4,5,6,1,0,25.8,1262.1,0.3,0,28.0,1.96
R02,BUS022,5,0,16,0,0,28.2,1560.3,0.47,2,27.4,5.82
R03,BUS015,2,1,16,0,0,25.2,2351.7,0.74,0,13.3,5.39
R02,BUS001,4,3,12,0,0,21.2,1477.8,1.98,0,12.3,4.68
R06,BUS004,11,6,12,1,0,34.5,2739.4,1.56,1,45.7,6.18
R01,BUS024,7,4,17,0,1,16.9,580.9,5.62,0,71.4,4.67
R06,BUS003,5,6,12,1,0,18.2,1044.2,1.73,0,18.5,4.04
R01,BUS015,4,3,20,0,1,10.3,1459.0,5.05,0,67.9,10.73
R04,BUS006,6,2,21,0,0,30.3,835.6,0.79,0,5.0,2.21
R03,BUS017,8,1,11,0,0,21.8,1825.8,2.01,1,31.7,5.81
R05,BUS022,1,3,6,0,0,29.6,2691.9,1.31,0,46.8,7.4
R04,BUS024,10,4,22,0,0,25.5,1071.2,2.51,0,44.6,3.46
R04,BUS003,6,5,8,1,0,22.5,625.3,0.93,0,20.2,1.77
R06,BUS006,11,2,18,0,1,21.3,3125.0,5.27,0,90.2,11.18
R03,BUS020,6,4,10,0,1,16.8,1886.7,4.73,0,70.8,8.92
R04,BUS013,11,4,21,0,0,33.9,2909.7,2.18,1,33.0,6.45
R01,BUS010,12,1,5,0,0,20.8,2348.1,1.46,0,35.9,6.45
R06,BUS016,6,2,8,0,1,10.6,1093.7,4.84,2,69.3,9.41
R01,BUS010,11,0,21,0,0,20.3,220.1,2.58,0,23.9,1.42
R04,BUS021,11,4,10,0,1,15.1,1556.2,3.42,0,63.0,8.26
R05,BUS007,1,5,21,1,0,26.4,603.0,0.26,1,39.2,1.26
R06,BUS018,1,3,21,0,0,19.7,883.3,1.31,0,16.6,3.23
R04,BUS014,9,2,20,0,1,12.9,3483.0,5.92,1,77.0,19.5
R06,BUS022,2,0,5,0,0,29.0,1827.4,1.58,0,32.0,4.13
R06,BUS009,5,0,20,0,1,10.4,3091.7,5.58,0,69.8,20.67
R01,BUS011,12,2,14,0,0,17.3,1042.5,1.19,1,5.0,4.12
R02,BUS004,8,5,21,1,0,27.5,2979.4,1.34,0,58.0,7.62
R02,BUS022,4,3,9,0,1,9.6,1885.4,5.29,0,59.9,13.11
R01,BUS022,6,3,13,0,0,20.7,774.7,1.18,0,50.3,2.79
R01,BUS003,4,6,11,1,0,21.7,2479.2,2.21,0,5.0,8.01
R03,BUS012,11,1,12,0,0,14.2,3208.9,1.21,0,29.5,14.12
R04,BUS021,4,2,8,0,1,10.1,2520.8,4.82,0,30.4,16.17
R05,BUS009,6,2,21,0,0,18.0,326.4,1.07,0,29.4,1.32
R01,BUS020,6,3,8,0,1,13.0,1908.0,4.92,2,75.3,12.95
R05,BUS010,5,0,11,0,0,25.6,1523.6,0.23,0,27.0,3.97
R02,BUS011,7,1,15,0,0,32.8,2131.7,1.92,0,59.3,4.91
R03,BUS009,7,0,16,0,0,10.1,3147.0,0.25,1,40.4,19.89
R02,BUS002,5,5,14,1,0,28.4,1746.9,0.28,0,30.7,4.03
R04,BUS009,3,4,14,0,0,12.8,657.6,1.06,0,36.9,3.4
R06,BUS013,3,6,6,1,0,28.9,1997.8,2.02,0,20.8,5.6
R01,BUS003,1,3,8,0,1,11.0,1956.7,5.67,0,36.6,13.95
R05,BUS002,6,1,14,0,0,25.8,580.6,0.77,0,39.6,0.75
R06,BUS005,6,0,11,0,0,24.3,1193.5,1.56,0,32.2,2.69
R05,BUS001,12,2,17,0,1,17.1,770.7,4.27,0,59.1,4.54
R05,BUS001,9,3,14,0,0,21.1,2102.0,3.14,0,36.3,7.85
R05,BUS016,2,0,6,0,0,24.3,1216.8,3.82,0,41.0,5.33
R05,BUS013,9,4,22,0,0,22.7,1042.7,1.92,0,57.1,3.06
R05,BUS018,11,0,11,0,0,21.5,1072.9,1.4,0,56.0,3.96
R02,BUS012,6,2,21,0,0,10.3,2281.4,1.77,1,17.2,14.34
R02,BUS011,8,4,7,0,0,21.7,984.9,1.72,0,20.6,3.29
R01,BUS002,10,2,19,0,1,18.5,1408.7,4.95,0,75.9,7.22
R02,BUS003,4,4,9,0,1,19.8,460.9,4.46,0,73.9,2.32
R05,BUS004,5,0,15,0,0,25.3,3185.4,1.92,0,34.9,8.93
R02,BUS013,12,4,14,0,0,21.4,794.9,1.05,0,34.2,2.78
R03,BUS006,12,3,16,0,0,18.0,578.0,1.64,1,38.5,3.78
R06,BUS006,5,4,12,0,0,25.2,2885.7,2.65,0,36.9,7.38
R02,BUS010,2,0,6,0,0,25.9,2339.1,1.02,1,26.4,7.13
R04,BUS003,6,4,13,0,0,14.7,3245.0,1.42,0,11.8,13.87
R02,BUS024,11,2,9,0,1,11.5,1760.3,4.87,0,55.6,10.98
R02,BUS008,9,0,16,0,0,32.1,2473.5,1.69,0,65.1,4.53
R03,BUS023,2,1,7,0,0,24.9,1196.9,1.63,0,23.3,4.19
R04,BUS024,1,4,11,0,0,28.7,965.4,1.24,0,34.8,2.29
R02,BUS014,11,1,8,0,1,17.0,1977.7,4.5,0,67.3,8.39
R05,BUS001,6,0,12,0,0,24.7,371.2,1.57,0,23.3,0.87
R01,BUS001,8,1,21,0,0,21.0,3234.9,0.46,1,11.9,10.14
R05,BUS011,6,5,15,1,0,33.1,2328.6,1.92,0,34.4,5.24
R03,BUS009,10,6,8,1,0,27.1,2450.6,1.72,1,60.4,6.36
R04,BUS016,11,1,11,0,0,20.5,1969.4,0.23,0,31.4,6.38
R06,BUS010,3,4,10,0,1,8.3,1540.7,5.39,0,70.3,13.57
R04,BUS004,11,3,9,0,1,10.9,3342.3,6.0,0,82.0,21.84
R06,BUS013,10,2,15,0,0,23.9,1810.0,2.22,0,37.7,4.76
R04,BUS023,3,4,16,0,0,18.9,1193.3,1.23,2,42.5,6.46
R01,BUS021,6,6,14,1,0,34.1,1716.5,2.31,1,31.7,4.62
R05,BUS007,7,4,11,0,0,28.2,3055.4,1.53,0,23.4,6.88
R01,BUS003,6,2,13,0,0,29.2,3122.4,2.43,0,26.7,8.59
R05,BUS005,4,4,19,0,1,9.4,1599.4,5.15,0,85.9,11.82
R04,BUS019,3,5,12,1,0,28.8,562.3,2.58,0,40.3,1.98
R06,BUS014,12,1,12,0,0,25.4,1004.7,2.51,0,41.9,3.87
R06,BUS024,1,6,20,1,0,17.9,2016.5,2.23,0,45.3,7.22
R02,BUS014,3,6,21,1,0,24.2,334.3,2.04,0,50.8,2.12
R04,BUS007,2,5,8,1,0,29.8,884.9,1.61,1,65.5,2.67
R06,BUS014,3,6,15,1,0,27.6,1287.9,2.06,0,45.5,3.81
R02,BUS017,9,0,14,0,0,18.9,2907.5,0.13,0,33.0,9.27
R01,BUS017,12,2,16,0,0,16.4,2967.2,0.16,1,35.2,12.21
R03,BUS010,12,5,16,1,0,20.2,1548.0,2.42,0,43.4,4.82
R06,BUS004,1,4,18,0,1,10.4,2823.8,4.69,0,70.3,18.12
R01,BUS017,5,6,13,1,0,25.7,966.2,2.18,0,29.3,2.36
R06,BUS007,10,3,12,0,0,25.3,2659.6,1.51,0,24.9,6.38
R02,BUS007,7,1,16,0,0,20.1,637.5,1.24,0,5.0,3.02
R01,BUS013,5,4,6,0,0,21.4,919.2,2.46,1,56.0,4.47
R06,BUS012,7,2,17,0,1,16.1,2165.1,4.85,0,60.1,10.7
R02,BUS005,8,3,6,0,0,22.8,1290.1,1.13,0,14.9,3.07
R01,BUS017,12,6,14,1,0,23.8,2768.5,0.71,0,31.7,6.57
R06,BUS017,12,2,21,0,0,22.7,645.3,1.54,0,36.3,1.93
R05,BUS001,9,0,22,0,0,4.9,2756.2,1.82,0,10.7,34.63
R03,BUS018,6,5,9,1,0,26.8,2097.6,0.0,1,64.0,5.85
R01,BUS009,6,0,21,0,0,18.2,2436.4,0.6,0,27.3,8.55
R03,BUS019,6,1,17,0,1,10.7,1599.0,4.37,1,57.4,10.7
R02,BUS007,1,2,9,0,1,16.4,1933.7,6.27,0,79.7,10.05
R05,BUS017,9,3,19,0,1,9.4,1561.6,5.34,0,80.8,13.22
R03,BUS024,8,3,14,0,0,25.9,2170.7,1.84,1,35.0,7.61
R06,BUS012,7,3,19,0,1,8.0,1412.0,4.55,0,65.6,12.56
R04,BUS019,4,1,13,0,0,23.9,1806.0,1.71,0,67.3,5.46
R05,BUS012,3,1,5,0,0,20.8,1739.4,1.39,0,24.2,6.24
R01,BUS010,10,3,14,0,0,16.9,1916.5,1.56,0,52.8,7.5
R03,BUS017,10,2,20,0,1,10.6,1316.9,4.49,0,81.3,9.27
R04,BUS015,8,2,20,0,1,4.9,1464.4,4.74,0,37.9,18.64
R02,BUS010,10,0,21,0,0,17.3,2098.4,0.67,0,51.8,8.64
R06,BUS022,3,6,8,1,0,21.5,3283.8,1.57,0,5.0,9.99
R03,BUS004,2,3,10,0,1,16.0,1242.7,5.95,0,83.2,7.81
R06,BUS013,2,3,16,0,0,20.6,2018.8,1.57,2,63.0,9.62
R02,BUS017,11,2,12,0,0,28.3,2443.9,1.5,1,34.9,6.42
R03,BUS002,9,5,7,1,0,28.1,931.4,1.14,1,45.2,3.7
R04,BUS024,3,3,6,0,0,27.5,1832.0,1.74,0,31.2,4.7
R05,BUS016,12,4,10,0,1,3.3,277.7,4.52,0,53.8,7.18
R03,BUS013,6,4,8,0,1,23.6,3122.6,3.46,1,55.7,10.7
R02,BUS017,7,6,14,1,0,27.6,1207.5,1.08,0,45.1,2.66
R02,BUS007,1,0,12,0,0,26.1,3182.2,1.53,0,39.7,7.36
R05,BUS001,5,3,16,0,0,20.8,797.9,1.7,0,41.7,2.94
R05,BUS006,12,3,20,0,1,7.3,1070.1,4.33,0,61.6,10.94
R01,BUS006,6,5,7,1,0,27.2,477.5,3.01,0,15.3,1.81
R01,BUS008,4,6,15,1,0,16.4,1111.8,1.06,1,22.3,5.5
R02,BUS008,9,1,11,0,0,21.7,914.8,2.23,0,17.8,3.79
R05,BUS012,5,4,8,0,1,13.6,2596.3,5.41,0,74.8,13.03
R03,BUS020,10,5,19,1,0,28.1,3059.8,1.17,1,46.8,7.15
R01,BUS016,3,3,8,0,1,18.9,2273.8,5.28,0,56.4,8.52
R05,BUS013,7,0,15,0,0,24.3,1953.4,2.38,0,36.2,5.3
R02,BUS003,10,3,13,0,0,29.1,1128.5,1.82,0,32.8,3.13
R01,BUS024,2,4,5,0,0,20.5,3447.7,2.38,0,29.8,11.43
R05,BUS001,12,4,20,0,1,14.4,913.3,5.51,0,55.2,6.09
R04,BUS022,5,1,22,0,0,22.7,1811.8,2.93,0,58.2,5.79
R06,BUS008,7,1,13,0,0,13.7,425.6,3.1,0,30.9,2.49
R02,BUS015,10,6,17,1,0,26.3,767.5,0.63,0,26.1,2.15
R02,BUS013,7,2,21,0,0,17.0,282.6,1.59,0,28.4,1.85
R02,BUS020,8,4,20,0,1,15.3,219.7,5.2,0,86.4,2.86
R06,BUS017,12,4,13,0,0,27.3,726.2,1.68,0,48.7,1.22
R01,BUS020,3,4,20,0,1,13.8,946.2,4.51,0,86.4,5.88
R05,BUS009,10,1,10,0,1,18.1,3227.6,3.76,0,65.2,12.62
R03,BUS001,11,4,15,0,0,30.3,2073.6,1.55,0,37.5,5.24
R05,BUS013,3,2,19,0,1,13.5,1542.0,4.24,0,50.8,8.41
R02,BUS009,7,2,6,0,0,18.3,3295.7,2.2,0,13.2,11.95
R06,BUS011,5,3,7,0,0,30.8,683.2,1.35,0,40.2,2.5
R02,BUS023,12,0,10,0,1,8.6,1511.6,5.64,0,47.7,12.56
R05,BUS002,6,3,12,0,0,28.8,2454.2,2.15,0,5.0,5.83
R04,BUS004,1,3,6,0,0,21.4,3144.0,1.0,0,36.5,8.27
R05,BUS011,8,5,13,1,0,30.6,2114.3,0.32,0,29.4,4.9
R05,BUS012,3,4,6,0,0,21.6,268.0,1.6,0,34.3,1.77
R06,BUS017,3,4,6,0,0,16.8,3101.6,2.12,0,31.8,12.49
R06,BUS006,11,1,12,0,0,21.9,2192.4,2.81,0,32.6,6.91
R01,BUS015,6,1,12,0,0,33.4,3045.2,2.27,0,37.6,5.69
R02,BUS008,2,2,14,0,0,16.9,2322.9,1.12,0,26.0,9.18
R04,BUS021,4,0,8,0,1,17.3,1757.4,5.86,1,35.0,9.32
R02,BUS004,11,5,5,1,0,28.9,2031.4,1.12,0,5.0,4.62
R03,BUS022,1,1,13,0,0,22.2,2439.9,0.74,0,25.8,6.71
R02,BUS001,10,1,10,0,1,11.3,977.2,5.75,0,59.7,7.21
R05,BUS019,10,4,8,0,1,14.8,2426.9,4.3,0,64.7,12.1
R04,BUS007,2,2,18,0,1,14.6,3283.6,5.79,0,42.9,15.74
R06,BUS020,9,5,5,1,0,35.2,2774.0,0.0,1,55.2,5.91
R03,BUS002,9,5,17,1,0,30.5,1453.2,1.79,0,34.7,2.88
R04,BUS006,12,2,22,0,0,12.5,686.3,0.89,0,46.5,4.37
R02,BUS019,10,4,6,0,0,19.2,2154.3,2.21,0,44.9,8.15
R06,BUS012,1,4,13,0,0,28.1,2054.6,2.57,0,46.6,5.13
R01,BUS003,6,4,21,0,0,26.3,2330.1,1.95,0,33.1,6.47
R06,BUS022,11,0,8,0,1,14.8,2092.0,7.17,0,62.7,11.21
R06,BUS001,11,4,16,0,0,22.0,3397.8,2.32,0,38.0,10.64
R06,BUS014,5,2,14,0,0,19.9,3282.7,1.68,0,28.9,10.16
R04,BUS020,3,2,17,0,1,17.0,1846.0,4.88,2,61.4,10.1
R05,BUS006,9,2,16,0,0,24.2,329.1,2.33,0,10.3,1.97
R06,BUS002,3,4,21,0,0,21.5,1987.0,2.42,1,18.7,6.99
R05,BUS006,3,2,6,0,0,29.4,1373.9,1.82,1,33.5,4.93
R03,BUS016,3,0,5,0,0,23.6,2764.0,1.34,0,23.9,7.75
R01,BUS007,1,4,6,0,0,30.1,2524.8,2.23,0,61.3,5.06
R06,BUS005,3,0,11,0,0,29.6,2322.0,1.51,0,47.5,6.21
R06,BUS022,3,2,8,0,1,12.7,2082.0,4.63,1,90.4,11.89
R06,BUS002,10,3,6,0,0,29.8,1169.2,1.06,0,46.2,2.71
R02,BUS020,3,0,11,0,0,15.0,413.3,2.26,0,16.1,2.26
R04,BUS002,12,2,17,0,1,11.9,2586.1,5.77,0,52.9,14.96
R03,BUS014,12,5,10,1,0,25.0,229.5,1.36,0,44.8,1.26
R04,BUS005,2,3,11,0,0,23.3,2766.4,1.78,1,10.3,8.84
R06,BUS024,2,5,5,1,0,35.6,1773.5,2.47,0,42.5,3.93
R02,BUS018,11,4,10,0,1,3.4,495.0,6.44,1,65.8,10.55
R02,BUS011,10,3,7,0,0,18.9,1778.6,0.47,0,25.5,5.88
R03,BUS024,3,1,17,0,1,16.9,501.3,4.89,0,69.1,2.9
R06,BUS009,10,3,9,0,1,13.3,1861.1,5.76,1,66.2,11.62
R01,BUS004,8,0,9,0,1,14.8,637.7,6.12,0,66.6,5.31
R03,BUS022,10,4,22,0,0,17.1,1365.6,1.86,0,59.6,5.95
R03,BUS022,7,6,6,1,0,31.7,2704.1,1.9,1,47.0,6.37
R05,BUS017,2,4,5,0,0,19.2,1945.1,2.72,0,48.1,7.29
R05,BUS021,12,1,15,0,0,24.8,2377.1,1.48,0,31.0,6.06
R01,BUS004,4,3,16,0,0,20.5,2111.9,0.98,0,16.0,6.7
R03,BUS013,7,6,13,1,0,27.7,3441.1,1.49,0,40.4,7.59
R05,BUS022,12,0,5,0,0,23.5,797.1,0.31,0,20.0,2.49
R04,BUS002,3,3,17,0,1,17.7,2361.3,4.22,0,62.5,9.8
R03,BUS009,8,0,11,0,0,23.3,960.5,0.9,0,30.1,2.25
R02,BUS024,7,3,12,0,0,15.6,2246.6,2.63,0,24.1,9.45
R01,BUS007,3,0,8,0,1,7.4,1922.3,6.55,0,54.7,18.62
R03,BUS005,4,0,5,0,0,20.0,1169.5,0.69,0,46.4,4.18
R06,BUS017,11,5,7,1,0,27.1,2085.3,0.92,0,35.0,5.39
R06,BUS015,8,1,17,0,1,22.2,403.2,5.78,1,39.9,4.33
R05,BUS024,8,1,11,0,0,11.8,248.3,1.39,0,36.1,2.74
R05,BUS024,6,1,21,0,0,23.5,2696.1,0.0,0,36.5,7.3
R05,BUS004,4,0,19,0,1,26.6,586.5,5.49,0,76.9,4.15
R04,BUS009,1,0,13,0,0,21.6,1652.9,2.95,0,7.1,5.91
R05,BUS007,7,3,7,0,0,23.0,1629.4,1.11,0,39.9,4.95
R03,BUS004,8,0,22,0,0,25.8,951.9,0.9,0,37.2,3.48
R03,BUS004,2,5,19,1,0,20.8,1560.4,1.4,0,54.7,5.26
R03,BUS008,7,0,15,0,0,30.1,2353.4,0.92,0,63.0,5.0
R04,BUS020,6,0,16,0,0,22.4,744.4,0.24,0,46.7,2.17
R05,BUS016,5,4,22,0,0,25.8,806.0,2.72,1,61.8,3.9
R04,BUS017,7,4,18,0,1,16.8,3104.6,6.66,0,71.5,13.78
R03,BUS010,9,4,11,0,0,19.2,1822.1,0.61,2,17.2,6.86
R06,BUS022,4,4,5,0,0,24.2,1450.8,1.52,0,67.4,3.39
R01,BUS024,2,0,8,0,1,18.3,2975.6,6.04,0,84.8,12.64
R01,BUS015,9,6,9,1,0,25.4,2976.0,3.03,1,41.9,9.14
R04,BUS011,2,0,17,0,1,10.7,884.7,3.58,1,20.7,5.55
R01,BUS022,8,4,9,0,1,12.3,1422.3,5.16,0,101.3,8.99
R04,BUS018,3,1,19,0,1,13.7,2376.7,6.19,2,59.4,15.41
R02,BUS011,12,5,7,1,0,29.0,2164.8,2.16,0,47.6,5.15
R03,BUS022,9,3,7,0,0,22.1,2578.2,1.99,0,39.1,8.38
R05,BUS017,12,0,5,0,0,16.6,1722.6,1.56,0,33.8,6.45
R06,BUS003,5,6,10,1,0,17.3,236.6,0.81,1,52.0,1.66
R02,BUS017,1,1,14,0,0,19.8,1170.2,1.22,0,36.6,3.69
R02,BUS002,8,4,14,0,0,18.3,320.1,1.82,2,16.9,3.27
R03,BUS006,1,1,5,0,0,25.7,1634.4,1.59,0,40.5,3.72
R06,BUS001,9,5,7,1,0,35.4,3176.9,1.61,0,35.4,5.78
R06,BUS004,5,0,6,0,0,29.3,1474.8,0.94,0,41.7,3.02
R01,BUS005,2,2,21,0,0,33.0,2422.0,1.56,1,58.7,6.45
R01,BUS021,7,5,21,1,0,18.6,2487.3,0.31,1,5.0,8.77
R01,BUS014,11,1,16,0,0,19.4,1643.6,3.07,1,18.0,7.37
R01,BUS021,5,5,13,1,0,28.7,3125.6,0.85,2,34.2,9.88
R06,BUS021,10,1,14,0,0,24.9,2535.6,1.35,0,48.4,6.5
R05,BUS019,8,5,12,1,0,22.3,3092.8,2.46,1,51.4,10.24
R06,BUS015,11,1,8,0,1,14.5,2073.6,5.46,0,43.6,10.14
R06,BUS006,10,2,6,0,0,15.2,860.5,0.44,0,50.9,3.11
R01,BUS011,8,3,11,0,0,24.2,1426.0,1.34,0,46.1,3.54
R05,BUS014,5,3,10,0,1,15.3,1549.2,5.09,0,67.6,8.43
R06,BUS005,11,6,13,1,0,36.8,1591.6,1.93,1,25.8,5.88
R01,BUS011,2,0,10,0,1,22.5,533.2,4.18,1,78.3,4.42
R04,BUS021,11,4,9,0,1,9.3,612.7,4.23,0,47.7,5.57
R05,BUS024,5,5,20,1,0,36.8,1652.3,0.49,0,46.8,3.34
R01,BUS024,6,6,11,1,0,31.4,1228.1,1.69,0,21.5,4.36
R06,BUS013,3,4,12,0,0,23.8,1986.3,0.87,0,21.3,5.37
R04,BUS024,6,6,13,1,0,32.4,2120.9,0.81,0,67.6,4.75
R06,BUS002,3,2,18,0,1,4.3,2144.4,4.42,0,58.1,31.63
R01,BUS018,5,0,22,0,0,21.2,3263.0,2.45,0,40.4,10.3
R04,BUS002,10,3,18,0,1,13.4,2630.7,5.64,0,64.3,14.68
R03,BUS024,2,2,13,0,0,12.8,499.3,2.47,0,44.2,2.94
R02,BUS007,1,5,20,1,0,27.3,3356.2,2.07,0,20.1,7.6
R06,BUS018,10,6,13,1,0,27.0,243.3,1.86,1,18.4,1.98
R01,BUS010,4,3,5,0,0,13.8,1466.7,2.48,0,34.1,7.19
R01,BUS020,3,4,12,0,0,18.0,1152.1,0.78,0,40.3,3.48
R06,BUS009,10,3,21,0,0,17.8,2129.3,2.4,0,33.9,8.44
R06,BUS021,3,4,13,0,0,26.4,1161.9,1.1,0,15.5,3.81
R03,BUS011,11,1,21,0,0,19.4,1159.2,2.01,0,5.0,3.73
R02,BUS009,12,0,16,0,0,19.1,708.7,1.36,0,36.6,3.23
R04,BUS010,10,6,21,1,0,24.8,2057.2,0.78,0,41.0,6.59
R01,BUS011,1,1,16,0,0,26.9,1391.4,1.75,0,25.6,4.24
R05,BUS001,10,6,18,1,0,26.1,634.8,1.57,1,65.1,2.16
R05,BUS001,8,2,17,0,1,15.9,1823.7,5.62,0,88.5,10.02
R05,BUS001,6,5,10,1,0,24.9,1853.7,2.15,0,17.7,5.1
R03,BUS001,7,3,12,0,0,29.2,2306.2,0.22,1,43.3,5.76
R05,BUS004,6,6,8,1,0,21.4,1168.3,2.23,0,5.0,5.52
R05,BUS017,5,6,18,1,0,33.8,1752.3,0.83,0,38.6,3.84
R03,BUS004,11,2,16,0,0,11.6,253.4,1.8,0,53.7,2.79
R01,BUS003,3,4,11,0,0,34.7,1460.7,1.46,0,50.5,3.34
R06,BUS009,3,1,17,0,1,14.3,3372.3,5.15,0,77.4,15.73
R01,BUS021,7,0,13,0,0,29.0,3304.6,1.01,0,43.2,7.11
R01,BUS018,11,4,18,0,1,11.3,3444.4,5.98,1,31.8,21.95
R06,BUS020,9,4,11,0,0,14.9,1785.8,0.52,2,16.8,8.91
R04,BUS023,9,3,19,0,1,14.5,2800.0,5.1,1,61.3,13.44
R06,BUS023,9,5,15,1,0,20.5,1526.0,2.68,0,51.9,5.21
R04,BUS021,6,0,12,0,0,25.9,1803.1,0.59,0,11.8,4.29
R05,BUS008,5,0,21,0,0,24.3,1546.7,2.15,2,47.9,6.59
R04,BUS008,7,4,12,0,0,17.6,267.1,1.21,0,30.7,1.43
R02,BUS003,12,6,14,1,0,19.9,1227.0,1.32,0,34.1,4.11
R03,BUS014,3,2,15,0,0,25.2,1510.7,0.6,0,20.7,3.65
R01,BUS023,9,0,13,0,0,35.4,1254.1,2.0,0,41.9,3.69
R04,BUS020,2,5,8,1,0,28.8,2866.3,2.21,0,53.7,6.51
R03,BUS008,3,2,19,0,1,11.8,2330.0,4.39,0,64.2,12.56
R02,BUS001,11,3,20,0,1,9.1,347.2,6.49,2,74.5,7.23
R03,BUS024,11,3,22,0,0,17.7,366.0,0.05,1,42.3,0.7
R05,BUS024,3,4,10,0,1,14.9,2829.7,3.98,1,61.8,15.36
R01,BUS019,3,1,14,0,0,23.6,1894.2,1.03,1,8.7,5.45
R06,BUS019,12,4,9,0,1,10.7,2195.7,7.04,1,82.2,16.27
R03,BUS024,4,2,7,0,0,30.9,3230.3,2.41,0,43.7,6.8
R02,BUS023,4,6,20,1,0,29.2,2471.2,1.88,2,20.4,7.91
R02,BUS003,5,0,14,0,0,20.9,3443.3,0.73,0,69.1,10.34
R04,BUS009,5,3,13,0,0,20.0,315.7,2.14,0,52.5,1.7
R01,BUS013,5,1,7,0,0,18.8,2058.4,1.42,0,8.1,7.14
R06,BUS013,11,2,11,0,0,16.7,2572.4,2.1,0,16.0,9.66
R01,BUS001,4,6,22,1,0,36.6,1699.8,0.9,0,57.8,2.71
R03,BUS005,2,2,21,0,0,18.3,2821.3,1.03,0,35.9,10.32
R02,BUS007,2,6,15,1,0,19.3,958.1,1.55,0,25.6,3.81
R05,BUS008,10,5,18,1,0,25.7,1451.6,1.78,0,14.6,5.21
R01,BUS009,3,0,13,0,0,20.8,781.7,2.06,0,48.6,3.42
R05,BUS008,8,3,17,0,1,18.6,1055.6,4.99,0,100.4,5.19
R06,BUS015,1,3,6,0,0,18.0,1426.5,1.71,0,37.4,4.63
R02,BUS012,4,0,6,0,0,23.1,921.8,1.38,1,39.7,3.22
R06,BUS023,2,5,18,1,0,28.5,3282.1,1.94,0,14.7,7.66
R02,BUS006,6,0,12,0,0,18.2,3209.2,2.09,2,8.1,12.66
R04,BUS017,9,1,10,0,1,15.8,3405.5,4.66,0,63.3,14.75
R05,BUS005,10,3,21,0,0,25.0,1808.7,0.78,0,28.7,5.4
R01,BUS021,3,4,19,0,1,18.1,3134.3,5.97,1,42.1,13.53
R05,BUS010,3,4,13,0,0,14.7,1110.4,1.5,1,24.9,6.49
R04,BUS013,4,0,6,0,0,12.8,3082.0,0.73,0,41.4,15.04
R02,BUS009,3,2,8,0,1,14.4,3469.8,3.91,1,53.7,16.45
R03,BUS020,7,5,15,1,0,21.2,1838.2,1.91,0,38.9,6.46
R01,BUS001,7,2,18,0,1,20.5,1798.4,2.86,0,84.3,5.78
R04,BUS004,5,1,11,0,0,19.8,895.5,3.38,0,5.0,3.58
R06,BUS018,3,3,18,0,1,16.6,2362.6,4.82,0,50.3,9.58
R06,BUS018,7,5,20,1,0,30.3,1141.8,2.14,0,20.3,3.36
R02,BUS010,5,1,22,0,0,23.1,2966.7,2.89,0,32.6,8.3
R01,BUS006,10,1,6,0,0,16.4,3172.7,1.15,1,59.4,13.22
R05,BUS023,6,0,15,0,0,28.8,3024.9,2.34,0,26.0,7.01
R02,BUS018,5,0,15,0,0,21.0,2208.5,1.76,0,29.9,5.86
R03,BUS006,3,0,13,0,0,28.5,2025.8,1.08,0,38.0,4.7
R03,BUS007,6,2,5,0,0,25.7,3478.8,1.2,0,17.2,9.05
R01,BUS005,6,2,22,0,0,21.8,2446.7,2.69,0,21.0,7.92
R06,BUS019,9,3,12,0,0,22.6,813.2,1.13,0,58.9,2.6
R03,BUS007,1,5,7,1,0,25.5,872.6,2.26,0,43.3,3.68
R05,BUS014,4,1,22,0,0,23.8,3263.3,1.17,0,29.2,7.95
R06,BUS003,7,0,15,0,0,24.2,3062.4,0.87,0,54.6,7.44
R04,BUS018,8,5,13,1,0,30.9,1056.6,0.52,1,22.1,2.85
R04,BUS018,6,6,7,1,0,36.1,1678.1,1.48,0,65.1,3.48
R03,BUS009,4,0,21,0,0,23.0,576.1,2.13,0,43.2,3.1
R06,BUS010,1,5,20,1,0,23.2,936.6,1.27,0,36.2,2.97
R02,BUS009,2,5,21,1,0,35.7,3280.3,1.45,0,33.8,6.66
R05,BUS016,7,2,18,0,1,15.5,1285.5,4.61,2,95.5,9.18
R03,BUS019,12,6,10,1,0,29.5,827.5,0.0,0,39.2,1.31
R01,BUS014,7,5,10,1,0,22.7,3003.3,1.05,0,52.5,7.57
R06,BUS010,8,3,12,0,0,17.4,2909.2,1.63,0,36.9,10.65
R02,BUS018,7,1,5,0,0,19.7,1935.6,0.0,0,29.7,5.48
R06,BUS005,7,2,5,0,0,20.7,1375.7,0.98,1,58.4,5.71
R05,BUS011,2,6,10,1,0,36.8,544.2,0.84,0,54.3,1.56
R02,BUS005,3,6,7,1,0,31.0,733.5,1.86,1,17.4,2.37
R01,BUS020,4,2,19,0,1,15.1,2794.6,4.75,0,29.3,12.76
R01,BUS024,1,4,18,0,1,7.7,620.8,5.08,0,75.1,6.46
R03,BUS002,7,2,10,0,1,19.3,1380.1,4.36,1,87.0,6.19
R03,BUS001,7,0,5,0,0,14.6,3174.5,2.4,0,45.2,13.97
R04,BUS017,7,6,22,1,0,31.8,607.5,1.35,0,41.8,1.26
R03,BUS023,3,1,8,0,1,11.9,2594.8,3.95,0,50.9,15.05
R02,BUS014,6,2,19,0,1,17.0,239.2,4.89,1,52.4,2.28
R01,BUS016,5,5,6,1,0,27.7,2840.2,1.68,1,5.0,6.65
R05,BUS007,7,2,20,0,1,11.4,509.9,4.48,0,62.0,4.29
R02,BUS017,5,1,9,0,1,11.1,3405.6,4.13,1,62.0,20.98
R01,BUS012,10,6,11,1,0,27.9,3314.1,1.83,0,46.2,8.44
R03,BUS007,4,4,10,0,1,7.5,2454.7,4.43,0,88.6,21.98
R06,BUS015,7,0,9,0,1,19.3,856.9,6.59,0,49.9,4.83
R02,BUS009,3,4,15,0,0,31.6,455.1,1.38,1,31.5,1.42
R04,BUS002,9,5,22,1,0,27.8,2137.5,1.3,0,36.2,5.4
R02,BUS021,11,1,6,0,0,25.9,786.4,2.12,2,27.6,4.91
R03,BUS019,2,2,5,0,0,22.6,1938.1,1.99,0,54.2,5.73
R01,BUS001,9,0,17,0,1,14.1,2047.1,5.5,0,40.4,10.6
R02,BUS014,9,6,11,1,0,29.9,1722.8,0.77,0,24.4,3.64
R05,BUS019,7,2,9,0,1,15.1,2033.2,4.86,1,67.2,11.46
R02,BUS024,8,2,8,0,1,18.7,2795.9,5.24,0,93.4,11.26
R02,BUS015,5,5,18,1,0,30.9,583.2,0.71,0,65.4,2.09
R05,BUS019,5,1,8,0,1,17.7,628.2,4.8,0,59.3,3.6
R02,BUS016,7,5,14,1,0,33.0,2446.0,2.75,1,47.0,6.15
R02,BUS006,7,1,21,0,0,13.0,431.6,0.38,0,42.7,2.23
R01,BUS021,11,0,11,0,0,32.1,283.7,0.0,0,27.8,0.47
R06,BUS006,7,0,17,0,1,16.6,2471.4,4.76,0,74.8,10.85
R06,BUS006,1,3,12,0,0,12.2,503.4,1.27,0,59.6,3.53
R03,BUS022,9,5,5,1,0,30.1,2231.3,1.87,1,50.3,4.68
R05,BUS019,12,0,13,0,0,22.5,300.3,1.9,0,13.6,1.85
R05,BUS015,3,1,18,0,1,11.0,1156.8,5.65,0,48.8,9.22
R02,BUS002,6,3,10,0,1,21.9,1668.3,3.78,0,68.8,6.11
R01,BUS024,3,1,10,0,1,14.5,3377.4,6.28,1,63.9,17.24
R03,BUS011,11,4,21,0,0,30.0,1221.5,2.4,0,65.3,4.2
R01,BUS008,12,0,8,0,1,14.8,3121.6,2.67,0,75.0,12.79
R05,BUS009,12,2,7,0,0,24.6,3127.8,2.03,0,25.0,9.17
R06,BUS020,3,5,17,1,0,35.2,3170.5,1.78,1,42.0,5.96
R04,BUS022,6,2,12,0,0,28.7,2635.2,1.29,2,29.1,7.34
R02,BUS001,11,0,14,0,0,29.2,618.2,2.83,0,56.9,2.07
R02,BUS016,7,0,14,0,0,27.1,1731.6,1.81,1,33.5,4.08
R03,BUS010,7,4,16,0,0,25.8,1628.0,1.31,0,35.9,4.22
R01,BUS003,12,0,19,0,1,12.7,3200.0,3.49,0,46.7,15.38
R03,BUS011,6,0,13,0,0,25.7,2087.6,1.8,1,41.6,5.97
R01,BUS024,1,4,20,0,1,14.8,1385.9,4.36,2,44.4,8.95
R01,BUS017,4,4,16,0,0,28.8,2219.6,0.42,0,18.0,4.08
R06,BUS017,1,2,21,0,0,25.1,2870.4,1.96,0,30.1,7.02
R01,BUS008,12,5,6,1,0,27.9,2696.8,2.13,1,21.8,8.12
R05,BUS003,1,2,19,0,1,9.2,1506.7,4.37,0,46.1,11.33
R02,BUS012,11,0,11,0,0,18.0,314.3,1.01,0,5.7,1.16
R05,BUS006,1,1,10,0,1,13.9,3412.0,3.98,0,77.0,14.85
R06,BUS002,1,0,20,0,1,13.9,3065.3,5.53,2,53.7,17.04
R06,BUS019,2,0,20,0,1,13.7,486.3,5.01,0,71.7,4.22
R01,BUS023,2,2,11,0,0,30.8,1949.2,1.77,1,29.7,5.33
R02,BUS015,7,3,8,0,1,19.0,1163.6,5.31,0,54.9,4.98
R04,BUS010,8,4,12,0,0,25.1,3493.4,1.61,2,63.2,10.56
R03,BUS017,7,4,8,0,1,12.3,296.2,3.48,0,48.3,2.87
R03,BUS005,11,4,19,0,1,13.5,1602.4,4.75,1,68.3,9.91
R04,BUS020,6,0,19,0,1,18.4,522.3,4.44,0,61.4,4.04
R04,BUS023,5,0,13,0,0,33.0,2996.1,1.67,0,31.9,6.42
R05,BUS024,4,4,14,0,0,12.6,989.8,1.33,0,33.4,6.0
R04,BUS011,4,4,12,0,0,25.7,1145.1,1.34,0,16.3,3.26
R04,BUS023,2,3,5,0,0,29.4,1984.6,1.01,0,25.8,5.1
R01,BUS002,12,2,20,0,1,12.0,3480.7,4.45,0,46.1,18.6
R01,BUS020,11,1,7,0,0,23.5,343.5,1.39,1,36.6,2.17
R02,BUS017,2,2,5,0,0,19.3,2920.6,1.8,0,20.9,9.86
R06,BUS016,12,2,14,0,0,22.7,1233.0,0.76,0,28.7,3.24
R01,BUS014,1,2,10,0,1,19.9,449.1,5.15,0,65.4,4.21
R04,BUS013,4,0,17,0,1,20.3,347.7,5.5,0,55.1,2.84
R05,BUS004,12,0,22,0,0,17.5,263.3,0.63,2,34.4,2.26
R05,BUS002,4,2,18,0,1,16.6,2726.2,4.45,1,94.1,12.38
R01,BUS003,6,3,14,0,0,34.1,1347.9,1.33,1,16.8,4.51
R04,BUS022,11,6,5,1,0,33.1,490.8,1.68,0,43.5,1.9
R05,BUS018,11,4,18,0,1,9.6,1999.1,5.24,0,105.8,14.86
R01,BUS022,3,2,6,0,0,24.2,1479.3,1.02,0,11.4,3.33
R05,BUS011,6,3,10,0,1,14.5,1857.9,5.13,0,63.1,10.35
R05,BUS010,1,1,11,0,0,17.5,732.4,1.48,1,5.0,3.01
R03,BUS003,3,6,17,1,0,18.2,224.4,0.81,0,27.7,1.83
R05,BUS008,3,0,13,0,0,20.5,3320.1,1.56,0,32.6,10.64
R04,BUS015,10,2,22,0,0,29.5,2731.4,1.89,0,30.3,5.94
R05,BUS009,1,4,20,0,1,18.8,2667.7,4.44,0,50.7,9.86
R03,BUS021,9,2,11,0,0,19.2,2997.4,1.1,1,49.6,10.55
R02,BUS009,3,6,12,1,0,19.7,1743.4,2.09,1,67.8,7.06
R03,BUS023,3,4,22,0,0,17.0,2378.4,1.37,2,21.0,10.37
R02,BUS018,4,4,14,0,0,23.5,1636.5,0.55,0,33.4,3.6
R05,BUS017,3,4,11,0,0,13.5,3290.2,1.17,0,48.9,15.37
R01,BUS012,8,6,20,1,0,29.5,675.5,3.27,0,55.1,2.4
R06,BUS011,12,0,10,0,1,8.3,1032.5,5.84,0,57.6,8.89
R04,BUS004,6,5,14,1,0,24.3,2669.5,0.6,0,24.0,6.44
R02,BUS012,7,6,19,1,0,36.0,1671.5,2.28,2,50.0,6.61
R04,BUS022,8,4,22,0,0,24.4,467.4,2.33,0,17.1,2.26
R06,BUS010,11,3,6,0,0,25.9,2402.2,1.57,0,14.3,6.11
R05,BUS005,6,1,5,0,0,19.0,1514.2,2.18,0,24.7,5.54
R03,BUS001,7,4,21,0,0,29.9,1073.3,1.55,1,34.0,3.79
R06,BUS022,1,1,11,0,0,13.8,809.3,2.37,0,46.6,3.78
R01,BUS013,5,1,15,0,0,24.5,1726.0,1.3,1,22.3,5.14
R05,BUS005,2,2,16,0,0,17.5,3315.2,2.06,2,26.1,13.11
R01,BUS010,5,3,10,0,1,11.4,2499.2,4.83,1,87.3,16.15
R03,BUS015,7,4,12,0,0,24.1,1621.7,1.55,1,64.3,5.02
R05,BUS020,3,6,19,1,0,27.6,2322.7,2.55,0,40.7,6.89
R03,BUS023,10,2,6,0,0,27.6,243.7,0.12,1,25.2,1.31
R04,BUS005,1,0,22,0,0,23.3,2765.4,1.59,0,28.5,7.08
R04,BUS012,11,6,13,1,0,31.6,1526.9,0.81,0,38.8,3.63
R04,BUS010,12,3,6,0,0,16.0,2442.3,1.03,1,31.2,10.26
R05,BUS012,4,2,8,0,1,10.9,3337.6,4.54,1,61.8,20.72
R06,BUS023,4,3,9,0,1,15.1,2256.2,4.45,0,77.4,11.05
R01,BUS023,2,5,17,1,0,24.8,1102.3,1.73,1,5.0,4.28
R06,BUS007,10,3,9,0,1,8.8,2352.8,4.56,0,38.0,18.22
R03,BUS016,12,5,7,1,0,24.5,527.1,1.97,0,34.1,2.58
R04,BUS005,10,0,14,0,0,29.1,630.8,0.11,0,32.3,1.54
R03,BUS006,1,5,6,1,0,22.6,3098.5,0.81,1,31.6,8.15
R04,BUS013,4,1,16,0,0,22.4,715.9,0.07,1,35.1,2.34
R03,BUS011,6,0,7,0,0,21.4,657.2,0.49,2,20.6,2.9
R01,BUS022,3,2,18,0,1,10.4,2054.0,5.28,0,47.3,13.81
R02,BUS021,7,6,14,1,0,29.3,2397.1,3.01,0,42.3,5.46
R01,BUS005,2,6,13,1,0,31.4,3454.9,0.6,0,35.3,7.61
R05,BUS013,4,2,19,0,1,9.1,3242.5,3.54,0,60.4,23.26
R01,BUS018,6,2,15,0,0,27.3,796.5,1.78,1,23.8,3.79
R06,BUS006,8,0,18,0,1,14.2,768.7,6.2,0,100.7,6.04
R03,BUS016,2,1,10,0,1,15.1,1048.5,5.15,0,28.0,6.32
R03,BUS005,11,6,16,1,0,29.1,2143.9,1.56,1,33.0,5.01
R05,BUS006,3,6,12,1,0,29.5,454.2,1.55,0,50.6,2.29
R05,BUS021,10,6,16,1,0,14.8,240.8,1.28,2,32.9,3.83
R02,BUS023,8,1,15,0,0,23.7,1056.4,2.23,0,34.7,4.32
R05,BUS023,9,3,11,0,0,32.3,1838.7,1.5,0,21.5,4.13
R03,BUS021,2,2,20,0,1,10.6,2744.0,5.25,0,60.2,17.21
R06,BUS022,1,3,12,0,0,22.1,1115.0,1.55,0,20.8,3.18
R04,BUS021,1,0,15,0,0,17.1,2134.5,1.59,0,48.6,7.44
R05,BUS012,1,6,10,1,0,27.4,1171.2,1.46,0,7.3,2.46
R04,BUS017,8,6,22,1,0,29.7,747.1,3.52,1,29.7,4.35
R06,BUS018,3,3,18,0,1,10.9,2828.0,3.53,0,92.8,17.04
R02,BUS018,3,4,22,0,0,30.1,670.4,0.89,0,56.4,1.11
R03,BUS003,10,5,7,1,0,33.0,2563.2,1.26,0,39.7,4.99
R05,BUS004,5,4,12,0,0,23.2,882.3,0.46,0,27.0,2.84
R05,BUS001,6,6,5,1,0,25.8,881.5,1.68,1,19.3,3.46
R04,BUS017,11,2,12,0,0,18.3,967.3,1.32,0,23.0,2.85
R02,BUS018,12,6,18,1,0,31.8,1680.4,1.87,2,12.9,6.8
R02,BUS008,2,0,17,0,1,17.7,3013.8,5.83,0,69.3,13.27
R03,BUS018,3,5,6,1,0,21.2,3005.8,2.3,0,37.4,9.71
R01,BUS024,3,1,19,0,1,5.4,329.7,5.21,0,71.8,5.15
R03,BUS009,1,6,19,1,0,18.1,298.0,0.39,0,22.6,0.44
R01,BUS006,10,2,13,0,0,17.2,2435.6,1.55,0,46.2,10.07
R03,BUS022,10,4,5,0,0,16.1,1828.7,2.07,0,41.0,8.8
R02,BUS015,10,2,13,0,0,22.7,459.4,2.83,0,66.1,3.12
R01,BUS002,11,3,21,0,0,26.4,1877.6,2.01,1,45.5,5.84
R01,BUS018,3,5,12,1,0,29.2,1060.0,0.0,1,6.4,2.92
R06,BUS011,4,4,9,0,1,19.4,3423.9,4.76,1,61.0,13.79
R06,BUS009,11,5,10,1,0,28.8,1365.9,0.59,0,34.3,3.77
R01,BUS007,1,3,17,0,1,9.5,1221.8,5.7,1,61.6,10.32
R06,BUS013,1,0,6,0,0,19.0,1751.6,0.09,0,10.5,5.0
R06,BUS008,2,1,17,0,1,13.5,2643.2,3.87,0,71.9,13.63
R01,BUS001,9,2,12,0,0,28.0,790.4,1.24,0,57.1,1.42
R02,BUS001,2,6,21,1,0,26.0,2792.7,2.48,0,12.6,7.56
R06,BUS014,9,5,9,1,0,33.1,869.4,1.64,1,30.7,3.61
R04,BUS005,2,6,21,1,0,30.1,1657.0,1.81,2,49.2,5.23
R05,BUS012,12,1,14,0,0,13.4,3453.5,1.34,1,37.5,15.71
R05,BUS015,6,3,19,0,1,9.7,1789.1,5.89,0,42.2,14.63
R05,BUS008,5,1,9,0,1,17.3,2854.1,5.54,0,42.1,11.39
R06,BUS013,2,5,6,1,0,27.9,1422.1,3.35,0,46.1,5.23
R01,BUS001,10,4,11,0,0,23.2,1882.9,1.38,1,32.8,6.45
R01,BUS024,8,4,14,0,0,21.9,2132.9,1.85,0,25.3,6.91
R06,BUS017,2,6,17,1,0,30.0,2608.4,1.86,0,33.6,5.12
R05,BUS017,12,5,8,1,0,32.2,1779.2,0.0,0,24.9,3.4
R02,BUS005,12,0,19,0,1,14.3,3058.8,4.41,0,78.1,14.2
R04,BUS001,2,0,19,0,1,15.1,982.3,4.2,1,38.5,6.58
R04,BUS019,5,1,8,0,1,11.6,1723.7,4.44,2,64.6,12.63
R05,BUS013,3,1,19,0,1,7.3,693.6,5.88,0,58.1,8.5
R02,BUS024,2,0,16,0,0,20.3,1599.6,0.0,0,56.1,4.45
R03,BUS004,7,5,10,1,0,26.1,1997.9,1.24,1,33.0,5.85
R05,BUS011,6,1,11,0,0,21.2,2261.4,1.4,0,46.1,7.73
R03,BUS004,3,2,13,0,0,18.6,478.1,1.66,0,37.5,2.26
R05,BUS019,12,5,17,1,0,28.1,3042.1,3.24,1,14.3,8.59
R01,BUS024,1,2,8,0,1,16.1,3136.0,5.37,0,72.3,14.74
R05,BUS019,9,6,16,1,0,22.6,3274.2,2.54,0,34.3,9.89
R03,BUS006,6,6,13,1,0,28.4,2773.6,1.43,1,19.7,6.26
R04,BUS005,3,4,5,0,0,24.3,3150.1,1.01,0,26.5,8.31
R03,BUS010,3,1,22,0,0,21.7,2059.5,0.31,0,33.1,7.55
R06,BUS007,12,2,9,0,1,18.2,2848.7,6.54,0,79.0,11.24
R02,BUS018,5,3,22,0,0,16.6,916.1,0.49,0,26.8,4.53
R02,BUS018,8,4,10,0,1,9.5,1844.7,5.28,0,83.0,13.68
R03,BUS024,1,4,18,0,1,11.4,679.5,4.34,1,50.8,6.32
R05,BUS022,2,0,22,0,0,18.5,2176.9,1.4,0,49.3,6.38
R05,BUS005,1,2,8,0,1,16.1,471.7,2.58,0,83.7,1.47
R05,BUS005,6,2,7,0,0,27.1,876.9,1.51,1,47.4,3.93
R04,BUS013,7,3,12,0,0,25.3,1160.4,1.95,1,41.0,5.22
R05,BUS002,7,2,16,0,0,24.6,631.1,0.88,0,34.1,2.02
R05,BUS020,3,6,15,1,0,36.2,3384.7,2.45,0,36.1,5.94
R05,BUS016,6,0,18,0,1,17.0,2370.4,4.7,1,102.4,11.14
R01,BUS007,2,3,18,0,1,12.3,3438.7,5.12,0,84.0,18.77
R05,BUS008,2,3,10,0,1,15.0,460.8,7.4,0,61.8,4.35
R05,BUS019,9,6,9,1,0,33.9,664.4,2.15,0,36.9,1.53
R05,BUS015,8,1,5,0,0,16.9,302.4,2.01,0,48.0,2.33
R03,BUS011,4,1,8,0,1,11.0,3382.2,4.7,1,52.7,20.96
R03,BUS019,7,5,8,1,0,43.9,1257.2,0.0,0,10.2,2.27
R05,BUS013,1,4,19,0,1,12.7,2372.7,5.87,0,60.7,13.64
R06,BUS023,6,5,6,1,0,31.8,376.0,0.61,0,25.9,0.44
R01,BUS007,8,6,7,1,0,29.5,1653.6,1.73,0,56.0,3.82
R01,BUS015,5,5,18,1,0,29.2,1358.7,2.38,2,56.7,6.28
R06,BUS008,3,4,14,0,0,28.4,1003.4,0.76,0,47.9,1.71
R04,BUS010,11,2,5,0,0,27.8,1986.4,1.08,0,49.8,5.5
R04,BUS021,10,2,20,0,1,17.3,624.3,4.64,0,87.1,3.17
R03,BUS013,9,6,17,1,0,26.0,3472.5,1.4,0,20.4,9.69
R01,BUS022,6,6,13,1,0,22.4,525.1,0.88,0,41.3,1.4
R01,BUS006,2,3,5,0,0,21.7,861.3,1.73,1,41.8,3.59
R05,BUS012,11,5,20,1,0,19.2,3114.4,1.91,0,41.9,11.23
R02,BUS001,10,5,5,1,0,29.4,974.5,2.28,1,57.0,3.56
R06,BUS017,9,3,18,0,1,10.8,442.1,6.27,1,73.4,5.85
R04,BUS010,11,1,13,0,0,19.8,846.3,1.62,1,28.0,3.91
R01,BUS007,11,6,21,1,0,30.1,2160.4,2.25,0,59.3,5.12
R05,BUS024,11,5,11,1,0,23.7,861.7,1.27,1,20.4,3.85
R01,BUS024,10,0,21,0,0,31.4,3127.5,2.86,0,48.8,6.64
R04,BUS001,9,2,16,0,0,21.5,3309.1,1.98,0,36.4,9.57
R01,BUS007,3,5,17,1,0,19.1,1745.9,1.49,0,18.6,5.85
R01,BUS006,6,6,9,1,0,28.2,622.6,1.27,1,54.9,2.72
R02,BUS019,1,5,17,1,0,39.5,2717.4,2.36,0,39.6,4.64
R01,BUS007,12,1,17,0,1,18.2,2077.3,3.73,0,83.9,8.53
R04,BUS005,6,5,5,1,0,25.5,3275.8,3.28,0,55.5,8.74
R02,BUS008,4,4,7,0,0,15.4,1477.8,2.17,0,26.3,6.39
R02,BUS009,8,4,13,0,0,22.0,3450.0,0.38,1,5.0,9.96
R01,BUS004,7,6,9,1,0,20.5,1703.8,1.18,0,16.4,4.77
R06,BUS024,1,6,18,1,0,33.9,2201.3,1.2,1,18.1,5.57
R02,BUS019,9,2,11,0,0,23.5,2112.1,0.54,0,48.7,5.64
R06,BUS009,4,5,16,1,0,20.3,1188.5,1.95,0,42.7,4.43
R06,BUS003,2,2,10,0,1,12.2,2286.4,5.03,2,80.4,15.37
R02,BUS005,8,1,17,0,1,18.7,2808.4,4.81,0,53.7,11.14
R04,BUS021,11,5,14,1,0,32.2,1012.0,1.3,0,30.8,2.01
R04,BUS004,2,1,11,0,0,23.9,484.3,1.48,0,41.2,1.75
R04,BUS013,6,3,11,0,0,11.6,620.1,1.31,1,38.2,4.03
R03,BUS022,1,5,7,1,0,24.6,2227.8,1.58,0,50.5,5.62
R05,BUS002,3,2,9,0,1,21.1,2599.6,5.53,0,86.6,9.43
R04,BUS018,2,0,11,0,0,28.8,2732.0,1.2,0,44.8,6.94
R04,BUS016,3,5,10,1,0,26.9,1062.2,0.83,2,51.2,5.32
R03,BUS019,10,1,7,0,0,19.4,3373.1,0.41,0,49.0,11.6
R01,BUS017,8,2,11,0,0,19.3,2720.1,1.82,0,5.9,9.21
R03,BUS019,10,3,15,0,0,22.4,2261.4,0.0,0,58.5,5.7
R05,BUS002,9,3,10,0,1,10.4,2885.3,2.96,0,63.4,17.91
R06,BUS008,10,5,18,1,0,27.7,2764.5,1.96,0,23.3,6.22
R02,BUS004,4,2,12,0,0,25.4,1364.3,1.79,1,37.8,6.03
R05,BUS006,12,3,16,0,0,15.1,2203.4,3.28,0,21.9,9.86
R04,BUS012,6,1,20,0,1,19.4,2325.8,4.28,1,28.9,9.64
R02,BUS024,11,4,15,0,0,24.1,369.7,1.97,0,30.8,1.81
R01,BUS001,10,1,16,0,0,22.4,2803.3,1.35,0,19.1,7.59
R04,BUS013,12,5,13,1,0,24.7,3288.7,1.24,0,63.2,7.93
R06,BUS024,8,1,9,0,1,12.6,3445.8,6.78,0,65.7,18.55
R02,BUS014,5,3,15,0,0,19.6,3186.1,1.98,0,34.4,10.25
R04,BUS014,8,0,21,0,0,24.1,2778.3,1.35,1,33.0,8.23
R04,BUS004,10,1,13,0,0,15.2,615.6,1.16,1,31.2,4.17
R05,BUS007,11,1,14,0,0,28.2,2186.6,2.84,0,36.8,5.55
R03,BUS018,5,0,15,0,0,24.0,1495.4,1.54,0,21.0,4.36
R01,BUS009,6,0,6,0,0,26.3,3486.7,0.79,0,28.9,7.91
R05,BUS012,9,6,9,1,0,25.0,3204.3,2.07,0,42.1,8.47
R05,BUS021,2,3,13,0,0,21.9,2516.7,1.13,0,25.4,7.89
R02,BUS008,11,5,15,1,0,27.8,3413.7,1.55,0,5.0,7.99
R05,BUS018,3,6,14,1,0,25.2,2413.7,0.85,1,73.1,5.92
R06,BUS008,6,6,20,1,0,19.1,1459.5,0.66,0,18.2,5.4
R01,BUS014,7,3,20,0,1,10.8,483.2,4.95,0,100.2,2.89
R02,BUS024,10,5,21,1,0,25.3,2323.7,0.05,0,17.8,5.08
R01,BUS024,3,2,16,0,0,22.2,1309.3,1.83,1,15.3,5.2
R04,BUS020,1,6,10,1,0,29.1,1474.2,1.48,0,5.0,4.59
R06,BUS006,9,0,11,0,0,26.3,2316.2,1.83,0,39.2,5.56
R01,BUS010,10,1,12,0,0,23.6,536.9,0.35,0,46.1,1.23
R01,BUS010,11,3,5,0,0,21.5,559.1,2.75,0,28.4,1.7
R03,BUS004,2,6,13,1,0,29.2,552.5,1.47,0,22.7,1.65
R02,BUS001,2,4,18,0,1,10.2,484.6,4.7,2,49.6,7.77
R02,BUS007,11,6,20,1,0,29.8,2139.9,2.6,0,20.8,5.58
R02,BUS015,10,6,14,1,0,26.0,3234.2,2.37,0,40.2,9.02
R02,BUS022,5,0,14,0,0,23.0,3367.7,2.72,0,21.9,9.5
R05,BUS023,4,5,19,1,0,25.0,1970.2,2.31,0,41.2,5.08
R06,BUS010,11,3,10,0,1,21.2,2889.7,4.84,0,59.2,9.27
R02,BUS019,5,6,14,1,0,23.3,2704.4,1.15,0,42.6,7.47
R03,BUS001,6,1,8,0,1,13.2,1310.1,4.59,0,75.4,8.33
R03,BUS009,6,2,9,0,1,13.3,2545.0,4.5,0,59.9,11.92
R02,BUS004,5,0,11,0,0,14.5,2230.7,1.23,1,11.9,9.95
R02,BUS006,5,0,22,0,0,20.8,2442.2,1.05,0,18.2,6.71
R03,BUS024,1,2,12,0,0,14.6,2924.5,0.09,0,33.0,13.04
R02,BUS004,12,3,17,0,1,7.5,1875.9,5.96,0,68.8,17.36
R02,BUS003,7,1,13,0,0,18.0,875.8,2.41,0,13.3,3.36
R02,BUS017,3,0,12,0,0,20.0,2426.4,0.01,0,45.5,7.56
R01,BUS002,4,1,5,0,0,23.3,2064.3,0.46,0,18.1,5.08
R05,BUS012,2,6,13,1,0,22.0,2093.6,1.65,0,29.6,6.41
R06,BUS005,10,2,21,0,0,33.0,2320.3,0.47,0,5.0,4.09
R05,BUS007,2,0,22,0,0,16.3,291.4,1.79,0,34.5,2.04
R03,BUS009,2,5,17,1,0,23.1,1107.8,1.47,1,48.4,4.59
R06,BUS020,7,2,10,0,1,18.1,233.3,5.27,0,74.3,2.56
R05,BUS021,6,6,11,1,0,21.7,753.0,1.4,0,51.8,2.92
R01,BUS023,12,5,7,1,0,27.4,1393.2,1.95,0,42.2,2.83
R05,BUS004,1,6,13,1,0,32.8,1303.8,0.0,2,38.9,3.37
R05,BUS011,6,4,5,0,0,18.5,294.8,1.18,1,13.2,2.19
R01,BUS012,9,6,21,1,0,22.6,1460.9,2.13,0,46.6,4.88
R01,BUS002,10,2,22,0,0,22.2,913.1,1.56,1,29.8,4.55
R05,BUS021,12,5,5,1,0,25.7,2353.3,1.97,1,18.8,6.94
R05,BUS014,8,0,6,0,0,19.7,3124.4,0.0,0,24.6,9.81
R05,BUS017,8,6,5,1,0,28.8,3301.1,1.77,0,20.1,7.94
R02,BUS010,10,4,7,0,0,32.3,1071.2,0.54,0,51.9,2.06
R06,BUS010,8,1,20,0,1,16.6,2442.0,5.21,0,47.8,10.48
R05,BUS011,12,1,11,0,0,26.2,2010.3,0.0,0,18.7,3.89
R01,BUS010,10,0,11,0,0,24.5,2465.8,2.27,0,36.3,8.08
R06,BUS012,9,1,14,0,0,26.4,682.3,0.44,0,33.6,1.2
R03,BUS020,6,4,16,0,0,29.6,635.4,1.35,0,37.7,2.43
R01,BUS009,1,1,20,0,1,15.5,2966.0,5.6,0,68.6,13.61
R01,BUS013,2,3,19,0,1,12.0,2866.3,5.21,2,88.1,18.36
R01,BUS004,7,1,5,0,0,26.4,1120.3,0.0,0,31.0,2.98
R04,BUS022,12,5,16,1,0,33.2,593.1,2.14,0,20.8,1.26
R03,BUS011,6,0,7,0,0,18.4,703.1,3.88,0,48.0,3.41
R05,BUS003,7,4,5,0,0,14.8,3107.8,1.1,0,28.9,13.74
R01,BUS019,1,1,17,0,1,11.0,1307.8,4.26,0,53.1,8.53
R01,BUS012,5,1,22,0,0,23.2,233.1,2.31,0,37.1,1.05
R05,BUS009,2,6,6,1,0,35.6,1477.4,2.25,1,13.6,4.35
R06,BUS006,11,6,5,1,0,33.7,3395.1,2.3,0,13.7,7.48
R04,BUS013,9,4,17,0,1,8.6,1438.6,4.5,0,88.6,12.32
R06,BUS018,6,5,20,1,0,17.0,2456.0,0.93,1,39.0,10.58
R01,BUS004,6,6,9,1,0,25.5,396.8,1.28,0,47.0,1.62
R01,BUS016,9,3,13,0,0,19.1,2516.0,0.59,0,38.7,7.55
R05,BUS009,6,3,22,0,0,22.1,2118.9,1.07,0,36.3,6.07
R03,BUS010,6,0,14,0,0,19.3,2860.4,1.86,0,13.1,10.68
R02,BUS022,5,6,21,1,0,24.7,1935.8,2.17,1,53.3,6.41
R02,BUS008,3,5,18,1,0,28.6,969.8,1.42,0,49.5,2.51
R03,BUS023,3,1,7,0,0,32.0,1294.2,0.68,0,36.2,3.14
R04,BUS023,11,3,5,0,0,27.5,2745.4,1.01,0,43.6,7.03
R04,BUS006,11,2,16,0,0,27.6,2724.3,0.77,0,24.8,6.19
R04,BUS021,12,2,22,0,0,25.6,3194.6,0.28,0,25.2,7.97
R02,BUS003,9,0,5,0,0,23.0,2773.1,0.96,0,51.2,7.14
R06,BUS004,4,6,20,1,0,33.1,1562.5,1.26,0,36.6,3.11
R01,BUS009,9,5,12,1,0,24.4,1346.0,1.17,0,26.7,3.66
R03,BUS002,5,2,17,0,1,13.9,1801.8,5.62,0,73.0,10.14
R03,BUS003,1,2,20,0,1,12.5,225.3,6.23,0,79.5,5.04
R04,BUS008,8,1,19,0,1,20.7,1048.4,5.28,1,82.5,5.93
R06,BUS022,12,6,15,1,0,33.5,740.8,1.75,0,33.8,1.77
R02,BUS017,8,3,10,0,1,12.0,670.0,5.28,0,81.1,4.97
R02,BUS017,10,4,20,0,1,11.2,3145.7,2.96,0,62.1,18.66
R05,BUS014,8,6,18,1,0,19.7,1707.4,1.67,1,38.8,7.47
R01,BUS022,4,5,18,1,0,25.5,2043.3,1.21,0,40.6,5.57
R02,BUS009,3,2,14,0,0,13.9,2380.0,1.25,2,24.3,12.55
R04,BUS023,7,4,19,0,1,14.5,1590.1,4.85,0,72.0,9.1
R05,BUS007,3,3,6,0,0,18.9,1895.2,1.29,0,41.7,6.02
R01,BUS023,10,3,7,0,0,16.9,1188.3,1.45,1,27.9,5.05
R02,BUS018,2,0,20,0,1,7.1,204.8,5.53,0,68.8,4.58
R02,BUS010,4,1,21,0,0,27.9,1289.3,1.56,0,41.4,2.97
R03,BUS014,4,0,19,0,1,12.3,3139.6,4.93,0,55.2,16.85
R03,BUS004,10,0,6,0,0,29.1,3340.7,1.97,2,32.9,8.96
R03,BUS012,1,3,22,0,0,19.5,670.3,1.03,0,6.9,2.89
R06,BUS017,10,2,9,0,1,19.0,3065.4,6.79,0,77.5,11.92
R05,BUS022,6,5,21,1,0,21.7,2752.4,2.33,0,42.9,9.22
R05,BUS012,11,3,15,0,0,25.2,749.5,0.0,0,48.5,2.06
R03,BUS022,1,0,22,0,0,21.7,607.1,2.42,1,14.6,3.94
R03,BUS023,3,2,7,0,0,17.8,3377.3,0.89,0,40.6,12.47
R02,BUS012,7,4,16,0,0,25.4,3341.4,0.2,0,30.5,7.44
R04,BUS021,5,4,11,0,0,25.6,2296.4,0.83,0,50.8,5.51
R05,BUS002,3,2,12,0,0,21.9,1917.1,2.88,0,22.5,6.83
R01,BUS011,12,4,13,0,0,18.2,2313.6,2.52,1,28.5,9.61
R03,BUS003,6,3,20,0,1,11.4,465.1,4.73,0,77.4,3.89
R01,BUS007,2,3,15,0,0,21.7,377.8,1.59,1,40.0,1.58
R03,BUS022,4,2,13,0,0,17.2,2751.3,1.32,0,49.4,10.43
R04,BUS008,1,5,21,1,0,24.3,658.2,1.9,0,36.5,3.43
R02,BUS016,12,2,5,0,0,19.1,2666.9,2.32,0,54.3,9.15
R05,BUS019,6,1,12,0,0,12.9,1365.9,0.73,0,32.0,6.35
R03,BUS008,5,2,6,0,0,20.3,718.5,1.56,0,37.4,3.6
R02,BUS005,8,5,11,1,0,40.6,3476.4,2.27,1,52.6,5.52
R04,BUS012,1,1,8,0,1,11.5,416.9,5.58,0,62.3,4.45
R03,BUS021,4,0,9,0,1,12.6,2576.9,4.3,1,74.8,15.68
R06,BUS018,7,0,13,0,0,20.0,620.9,1.46,0,14.1,2.05
R01,BUS017,11,0,14,0,0,27.8,3460.5,0.84,0,37.5,7.66
R01,BUS006,5,5,10,1,0,25.8,2696.5,2.1,1,34.0,7.85
R02,BUS015,8,5,20,1,0,35.0,1215.0,2.07,0,39.4,2.99
R03,BUS008,6,2,5,0,0,25.1,3351.7,0.22,0,36.8,7.48
R02,BUS007,1,3,12,0,0,24.1,3495.6,2.32,0,29.2,9.58
R01,BUS013,8,4,10,0,1,13.5,2162.9,6.1,0,39.5,11.93
R06,BUS015,6,6,12,1,0,30.3,1958.0,0.89,0,28.4,4.31
R01,BUS022,4,6,11,1,0,25.2,994.5,1.63,0,6.0,3.16
R06,BUS002,9,2,5,0,0,26.6,3006.5,2.47,0,5.0,6.65
R02,BUS019,1,0,15,0,0,24.5,2238.0,0.96,0,41.2,5.84
R03,BUS014,5,2,15,0,0,26.2,1813.5,0.86,1,44.4,4.89
R04,BUS024,5,0,13,0,0,35.4,266.0,2.0,1,28.0,2.89
R02,BUS017,11,6,8,1,0,27.2,3341.6,0.0,0,55.0,7.13
R06,BUS014,5,6,17,1,0,25.1,1836.4,1.42,0,56.8,6.03
R05,BUS004,11,5,10,1,0,19.0,3348.2,2.61,0,5.0,11.9
R01,BUS004,1,1,5,0,0,18.4,253.1,2.75,0,46.5,1.78
R03,BUS011,5,5,6,1,0,24.8,3377.2,0.77,0,22.4,8.54
R06,BUS022,3,2,10,0,1,13.0,1482.2,5.19,0,51.7,8.29
R05,BUS022,2,4,18,0,1,15.8,587.8,5.42,0,88.1,4.11
R05,BUS015,8,5,19,1,0,33.8,741.5,0.0,0,53.8,1.8
R04,BUS022,4,5,13,1,0,28.3,441.8,2.51,0,47.4,1.65
R01,BUS010,12,2,9,0,1,13.2,3115.6,4.51,0,65.6,15.64
R03,BUS021,4,1,15,0,0,23.9,2313.0,1.28,0,38.1,5.67
R05,BUS014,2,1,22,0,0,23.8,2133.8,1.66,0,58.3,6.3
R05,BUS008,2,6,8,1,0,41.8,3058.4,3.33,0,30.6,5.27
R05,BUS005,2,6,10,1,0,29.1,1541.8,1.79,0,13.8,4.39
R04,BUS013,11,5,10,1,0,36.3,1042.6,0.53,0,48.8,2.01
R01,BUS007,4,2,17,0,1,12.2,1028.0,5.93,1,75.1,7.92
R05,BUS012,1,1,9,0,1,8.3,2124.3,6.27,1,80.5,18.87
R04,BUS012,4,1,16,0,0,16.6,2168.8,1.26,0,24.7,8.14
R02,BUS001,6,6,8,1,0,23.7,1244.0,1.71,0,25.3,3.83
R04,BUS023,9,5,8,1,0,23.3,2249.5,1.42,1,25.8,6.48
R02,BUS015,9,6,21,1,0,28.1,2589.0,1.02,0,11.9,5.33
R06,BUS023,10,6,19,1,0,27.2,3267.5,1.01,0,51.2,6.61
R04,BUS014,7,2,6,0,0,18.4,645.9,1.44,0,52.8,2.57
R04,BUS020,3,5,13,1,0,21.2,2295.9,0.82,1,26.0,8.29
R06,BUS018,5,0,5,0,0,19.4,782.4,1.61,0,54.2,2.91
R02,BUS004,6,1,22,0,0,17.6,1458.5,0.85,0,34.5,4.63
R06,BUS008,10,6,21,1,0,38.3,2634.4,0.96,0,36.1,5.41
R03,BUS009,4,0,8,0,1,16.2,2323.2,6.53,0,27.7,10.95
R03,BUS016,4,6,6,1,0,27.3,1292.4,0.0,0,8.9,3.52
R06,BUS001,11,1,20,0,1,19.9,2736.6,5.0,0,70.1,9.25
R01,BUS018,7,5,8,1,0,13.5,629.5,1.23,1,9.2,3.55
R06,BUS007,6,6,14,1,0,28.0,2549.4,1.04,1,54.5,4.98
R04,BUS001,6,0,12,0,0,18.6,791.0,2.2,1,43.8,4.77
R03,BUS015,6,5,9,1,0,30.2,1705.8,1.4,1,19.2,4.6
R01,BUS022,7,6,5,1,0,25.7,742.6,0.91,1,28.8,3.16
R02,BUS007,9,5,21,1,0,31.7,534.6,2.86,1,21.8,3.79
R01,BUS005,5,6,11,1,0,13.1,3461.1,1.0,2,33.0,18.92
R05,BUS021,12,4,18,0,1,18.3,2984.5,4.35,1,73.4,11.47
R03,BUS012,7,2,16,0,0,15.9,1275.8,2.08,0,60.5,5.2
R03,BUS012,1,5,9,1,0,28.8,1733.7,3.2,1,5.0,5.34
R02,BUS011,8,0,18,0,1,14.9,3354.1,4.09,1,58.2,15.23
R02,BUS023,9,2,19,0,1,20.6,2391.8,5.22,0,72.6,9.44
R05,BUS019,4,6,19,1,0,30.3,3083.0,2.37,0,52.5,7.31
R01,BUS005,7,2,11,0,0,24.0,1321.6,2.75,0,34.0,5.03
R03,BUS004,7,2,17,0,1,13.6,1704.4,4.91,0,46.6,9.98
R01,BUS006,11,4,14,0,0,15.8,1615.2,1.79,0,5.0,6.96
R04,BUS002,8,5,6,1,0,29.3,3439.6,2.54,1,43.3,8.27
R04,BUS011,10,6,15,1,0,24.1,1786.4,0.84,0,23.2,5.09
R03,BUS021,1,1,15,0,0,23.9,3030.4,1.76,2,36.1,9.7
R02,BUS006,5,3,12,0,0,24.2,506.0,2.96,0,22.9,2.18
R06,BUS024,9,1,6,0,0,19.3,2684.4,1.22,0,50.9,8.56
R02,BUS007,11,5,16,1,0,32.0,223.8,0.81,0,49.3,0.3
R02,BUS001,2,4,14,0,0,26.7,556.9,1.32,0,62.3,1.29
R03,BUS018,11,0,5,0,0,19.4,386.5,2.07,0,48.0,2.46
R02,BUS017,3,5,16,1,0,27.5,914.1,2.31,0,38.0,2.04
R04,BUS024,11,2,14,0,0,21.1,2062.9,1.77,0,46.6,5.98
R02,BUS009,9,5,20,1,0,17.5,1831.4,0.8,0,52.3,7.22
R04,BUS013,12,2,19,0,1,14.8,1611.1,4.96,0,72.4,8.05
R03,BUS006,4,4,8,0,1,9.8,1339.7,4.51,0,36.5,9.11
R03,BUS023,12,5,10,1,0,28.5,2149.8,1.69,0,35.9,4.57
R05,BUS002,1,6,14,1,0,27.1,2863.3,3.45,1,46.0,8.99
R06,BUS012,12,2,15,0,0,17.9,1888.9,2.42,1,29.1,7.69
R02,BUS021,9,4,9,0,1,14.9,2734.4,6.09,1,64.5,14.5
R01,BUS018,2,3,22,0,0,21.5,2379.9,2.9,1,33.9,8.68
R04,BUS019,8,0,9,0,1,15.7,2831.8,4.38,0,69.8,12.01
R06,BUS018,12,2,15,0,0,13.9,3276.4,0.83,0,41.3,14.97
R03,BUS022,8,3,12,0,0,23.0,2774.7,1.57,0,33.4,6.93
R05,BUS001,1,0,15,0,0,17.8,1503.3,2.61,0,43.0,6.37
R05,BUS013,1,6,13,1,0,34.4,2666.0,2.35,1,51.5,6.8
R06,BUS023,12,1,13,0,0,19.3,893.5,1.74,0,56.1,3.06
R05,BUS016,7,6,17,1,0,22.5,283.5,1.39,0,51.3,1.69
R03,BUS004,2,1,8,0,1,20.6,2609.6,4.56,0,70.3,9.06
R03,BUS023,3,2,21,0,0,20.9,1219.4,1.56,0,41.0,3.95
R05,BUS015,4,5,11,1,0,18.0,3205.6,1.37,0,16.0,10.77
R03,BUS006,4,1,18,0,1,11.0,238.0,5.17,1,66.6,3.54
R02,BUS005,6,1,5,0,0,23.5,3234.7,0.15,0,47.2,7.21
R01,BUS003,8,0,8,0,1,20.9,811.4,4.97,0,73.5,4.51
R01,BUS013,3,3,20,0,1,12.9,2953.4,4.7,0,77.7,16.26
R05,BUS014,12,2,20,0,1,8.4,1419.9,5.28,1,70.5,13.41
R03,BUS013,4,0,10,0,1,11.5,1903.4,5.82,0,72.9,12.43
R05,BUS016,12,0,19,0,1,13.7,2908.2,4.82,0,74.8,14.3
R06,BUS022,6,1,19,0,1,23.6,1705.4,5.11,0,63.8,6.11
R01,BUS020,1,0,22,0,0,24.8,351.1,0.75,2,50.6,2.79
R05,BUS018,9,6,18,1,0,28.2,1738.5,1.92,0,21.9,5.5
R06,BUS005,5,3,21,0,0,17.7,2311.3,0.0,0,39.6,8.94
R03,BUS016,8,6,11,1,0,28.8,315.8,1.13,0,31.8,0.65
R02,BUS011,7,6,12,1,0,27.5,1708.5,2.22,0,60.4,5.42
R04,BUS002,7,2,5,0,0,13.4,1819.5,1.48,0,10.2,7.98
R04,BUS006,7,2,9,0,1,12.1,1416.5,5.35,0,73.7,9.32
R05,BUS022,10,1,6,0,0,22.7,587.2,1.44,1,40.6,2.8
R06,BUS014,4,4,10,0,1,14.3,1973.0,5.01,0,56.9,11.51
R05,BUS023,12,6,16,1,0,28.8,3026.4,2.31,0,5.0,7.5
R01,BUS002,4,0,8,0,1,10.2,1358.8,5.98,0,56.2,10.26
R05,BUS005,6,2,21,0,0,19.3,536.8,1.11,0,33.2,1.16
R05,BUS024,4,2,14,0,0,20.3,2160.0,1.41,0,50.3,7.28
R05,BUS014,11,5,15,1,0,31.6,633.9,0.61,0,30.1,1.64
R01,BUS003,6,6,11,1,0,26.5,3250.3,1.66,0,45.3,7.87
R04,BUS014,9,5,12,1,0,29.5,1342.3,2.96,1,41.0,4.06
R02,BUS004,11,6,15,1,0,24.4,1219.2,2.93,0,52.5,4.6
R05,BUS002,6,1,16,0,0,21.9,3405.8,0.72,0,14.0,9.93
R05,BUS008,2,0,9,0,1,15.6,3366.7,3.85,0,55.7,14.52
R01,BUS005,7,0,8,0,1,8.1,1900.4,5.15,0,57.5,15.78
R06,BUS007,1,4,11,0,0,19.6,3169.1,1.31,0,18.0,10.13
R04,BUS005,4,1,17,0,1,10.0,2198.5,4.06,0,53.9,15.36
R01,BUS021,11,2,12,0,0,30.7,374.0,1.83,0,40.0,1.74
R04,BUS012,10,0,10,0,1,13.3,700.7,4.82,1,66.1,5.89
R04,BUS024,2,5,5,1,0,22.7,1611.5,1.4,0,20.9,4.5
R04,BUS012,4,6,13,1,0,33.5,3094.0,2.08,1,15.8,7.84
R02,BUS017,12,4,15,0,0,22.5,1704.1,2.91,0,48.7,4.75
R06,BUS006,3,6,10,1,0,35.3,1322.2,2.32,0,39.2,3.93
R02,BUS020,4,2,17,0,1,17.3,2793.1,5.64,1,80.2,12.54
R03,BUS002,9,6,7,1,0,25.4,1788.9,2.53,1,28.0,5.98
R02,BUS022,7,0,12,0,0,21.3,857.7,0.0,1,37.8,3.01
R03,BUS024,5,6,8,1,0,25.3,589.8,0.0,0,73.6,2.29
R05,BUS014,2,4,18,0,1,9.6,2644.0,5.28,0,59.6,18.36
R06,BUS016,6,2,12,0,0,9.9,2856.3,1.2,0,45.6,18.57
R01,BUS015,3,5,9,1,0,28.5,516.5,2.05,0,21.3,1.5
R04,BUS024,2,2,13,0,0,23.1,872.7,1.35,0,40.0,2.68
R01,BUS016,12,5,7,1,0,24.0,2193.8,1.91,0,38.0,6.12
R01,BUS011,12,2,17,0,1,15.1,1525.6,6.5,0,103.1,7.87
R03,BUS004,11,6,19,1,0,25.3,1709.4,1.28,0,58.8,4.77
R06,BUS006,5,2,18,0,1,21.8,2767.9,5.54,0,66.4,8.59
R04,BUS023,11,1,16,0,0,22.7,2757.0,2.06,0,68.6,7.15
R04,BUS024,7,3,13,0,0,22.0,2550.5,1.74,0,32.9,7.32
R01,BUS001,3,6,15,1,0,26.4,618.6,0.0,0,34.7,1.22
R02,BUS002,9,0,14,0,0,12.7,3165.9,1.15,0,30.4,15.83
R03,BUS016,7,5,7,1,0,27.0,2866.6,2.39,0,43.7,6.5
R04,BUS016,9,2,17,0,1,15.6,1057.2,5.57,0,96.5,6.81
R05,BUS019,4,3,7,0,0,10.1,3115.0,2.01,0,26.1,18.91
R06,BUS019,3,1,14,0,0,18.1,1999.8,2.24,0,53.4,7.21
R04,BUS018,7,2,17,0,1,7.6,2259.2,4.66,0,49.4,20.19
R01,BUS009,11,1,7,0,0,16.2,2616.9,1.79,0,44.6,10.9
R06,BUS018,12,3,6,0,0,28.5,3181.0,2.55,0,16.8,7.59
R01,BUS004,7,6,20,1,0,24.8,661.1,2.34,0,11.9,2.8
R02,BUS002,3,2,16,0,0,24.4,1035.3,3.0,1,32.6,4.49
R04,BUS019,1,4,6,0,0,15.6,2246.8,2.27,0,44.3,9.23
R03,BUS008,8,6,7,1,0,28.2,2029.4,0.76,1,51.1,5.31
R03,BUS012,5,4,20,0,1,23.9,954.9,4.1,2,67.3,6.62
R04,BUS020,1,3,17,0,1,17.6,1789.5,3.77,0,88.4,7.34
R04,BUS016,4,2,9,0,1,18.1,2487.1,4.84,0,35.6,10.37
R06,BUS001,4,3,8,0,1,14.2,438.1,5.99,0,65.6,3.57
R03,BUS002,8,3,12,0,0,30.5,3351.5,3.42,0,39.3,8.51
R06,BUS001,2,5,9,1,0,29.1,623.4,2.91,0,55.1,2.78
R05,BUS019,5,0,17,0,1,13.8,3108.7,5.02,0,85.7,15.72
R03,BUS010,12,5,11,1,0,24.2,2678.0,0.86,0,40.9,7.81
R04,BUS008,3,6,6,1,0,28.8,2302.0,2.52,0,50.0,6.14
R05,BUS019,2,5,10,1,0,29.9,3166.2,0.55,0,38.6,6.31
R01,BUS017,2,4,17,0,1,12.9,2473.6,5.18,0,44.2,14.22
R05,BUS022,9,1,18,0,1,14.3,2244.9,4.45,2,54.9,12.53
R02,BUS021,7,3,14,0,0,23.1,1373.9,0.93,0,43.9,4.12
R04,BUS001,9,5,7,1,0,27.9,1904.5,0.71,0,24.9,4.31
R03,BUS015,6,0,16,0,0,22.5,2292.8,1.94,1,44.4,7.88
R03,BUS002,1,4,12,0,0,28.2,3349.0,1.46,1,91.6,8.16
R04,BUS016,8,4,14,0,0,20.2,2653.7,2.99,0,49.9,8.52
R03,BUS004,12,6,11,1,0,24.9,1846.5,0.63,0,5.0,5.22
R01,BUS020,3,3,13,0,0,24.9,1095.6,1.68,0,48.8,3.71
R06,BUS020,7,0,13,0,0,21.1,3322.2,1.6,0,52.6,10.25
R02,BUS014,7,2,19,0,1,14.6,1608.5,4.97,0,87.3,8.31
R03,BUS024,7,0,10,0,1,17.6,2613.8,6.31,0,107.3,11.7
R05,BUS021,1,6,16,1,0,29.4,2154.7,2.09,0,36.3,5.5
R01,BUS014,5,4,17,0,1,11.9,826.6,5.74,0,77.4,5.83
R04,BUS006,9,3,5,0,0,13.2,3480.2,2.71,1,5.9,17.53
R03,BUS006,11,2,14,0,0,26.4,2152.4,0.64,0,25.2,6.22
R05,BUS024,3,5,6,1,0,25.9,2740.1,0.94,0,42.8,6.66
R02,BUS013,2,5,11,1,0,29.7,1911.0,2.26,0,47.5,5.04
R01,BUS013,5,6,16,1,0,22.3,3318.8,1.23,0,38.5,9.72
R02,BUS017,4,4,5,0,0,29.5,2473.0,2.13,0,51.4,5.65
R04,BUS019,11,6,14,1,0,29.3,1745.5,0.0,1,50.7,3.98
R01,BUS016,11,6,6,1,0,22.1,2486.8,1.67,0,21.4,7.42
R05,BUS002,2,4,17,0,1,16.6,3273.2,4.24,1,56.6,14.77
R06,BUS009,2,0,15,0,0,22.4,1600.7,1.93,0,40.2,5.92
R02,BUS012,6,4,10,0,1,12.9,2580.6,5.89,0,57.8,13.24
R05,BUS009,5,6,15,1,0,23.2,1626.6,1.71,0,37.4,4.38
R05,BUS021,4,5,14,1,0,35.4,2220.0,2.76,0,41.8,5.15
R05,BUS021,5,3,16,0,0,26.7,499.5,1.46,0,21.0,1.98
R02,BUS001,3,2,9,0,1,10.5,468.9,6.09,0,99.4,5.32
R02,BUS010,6,1,7,0,0,25.8,2075.2,0.44,0,35.6,5.09
R05,BUS012,3,5,20,1,0,34.7,2383.4,1.54,0,43.3,4.48
R05,BUS016,10,2,13,0,0,17.9,487.6,2.36,1,34.4,2.43
R02,BUS006,7,2,19,0,1,19.3,1854.5,4.23,0,72.3,7.27
R01,BUS015,12,6,7,1,0,32.0,2392.1,0.71,1,23.8,6.55
R02,BUS002,8,5,22,1,0,15.9,1876.9,2.48,0,47.0,8.72
R03,BUS012,1,5,21,1,0,24.1,2686.7,1.65,0,33.4,7.89
R04,BUS001,4,6,20,1,0,32.4,1928.6,1.84,0,55.2,3.96
R02,BUS003,7,1,7,0,0,25.5,865.9,2.13,0,29.4,2.48
R05,BUS010,12,3,15,0,0,19.1,2345.8,0.44,0,22.3,7.22
R03,BUS011,9,3,10,0,1,13.1,3113.6,5.35,0,30.5,16.79
R01,BUS008,6,5,13,1,0,23.2,2098.7,1.0,1,22.0,7.27
R06,BUS013,6,4,20,0,1,19.8,2024.6,5.99,0,50.8,8.32
R02,BUS003,6,3,5,0,0,27.3,2013.0,1.08,0,19.5,5.12
R06,BUS014,4,3,13,0,0,24.8,1595.9,1.8,0,29.9,4.26
R06,BUS021,12,6,22,1,0,35.4,3308.5,2.15,0,20.4,7.01
R01,BUS006,6,4,8,0,1,12.3,2917.7,4.2,1,51.6,16.51
R01,BUS021,12,1,14,0,0,21.4,1064.2,1.25,1,42.8,4.15
R05,BUS007,8,2,17,0,1,13.3,1529.9,3.56,0,70.1,8.44
R06,BUS019,4,5,5,1,0,29.7,977.6,0.82,0,24.8,1.93
R01,BUS023,6,5,13,1,0,36.2,1550.1,2.74,0,19.0,4.04
R02,BUS003,9,2,11,0,0,19.8,412.8,1.11,1,13.6,0.93
R04,BUS024,7,0,8,0,1,16.4,1774.6,5.79,0,56.4,7.97
R01,BUS021,8,3,21,0,0,12.4,1647.4,1.22,1,25.3,10.85
R01,BUS013,7,4,17,0,1,17.5,1900.8,4.85,0,91.5,9.66
R04,BUS022,2,2,5,0,0,17.4,516.4,0.45,1,41.6,2.91
R06,BUS017,6,6,8,1,0,33.0,3261.3,1.54,0,45.5,5.21
R05,BUS015,11,6,10,1,0,23.5,1016.5,0.15,0,24.6,2.91
R01,BUS004,2,2,9,0,1,20.9,1970.9,4.58,0,58.3,6.45
R05,BUS003,7,6,9,1,0,28.3,2781.9,1.61,0,19.2,6.84
R05,BUS016,7,0,14,0,0,15.3,3410.1,0.46,0,44.2,12.55
R01,BUS005,12,4,7,0,0,26.4,1501.8,2.87,0,41.7,4.66
R03,BUS024,11,2,11,0,0,19.3,2869.4,0.0,0,44.4,9.2
R03,BUS019,12,3,10,0,1,13.4,3305.3,6.45,0,92.7,17.47
R05,BUS002,2,5,13,1,0,25.7,2597.5,2.37,0,13.2,6.83
R03,BUS014,7,1,15,0,0,15.4,3444.6,1.66,0,15.3,13.58
R03,BUS020,9,1,12,0,0,16.8,1062.9,0.85,0,26.0,5.08
R04,BUS010,6,5,6,1,0,29.3,2909.9,1.43,0,56.0,6.43
R01,BUS014,2,5,7,1,0,26.3,1135.7,0.79,0,10.8,3.41
R03,BUS003,3,5,8,1,0,27.5,1040.9,1.86,1,55.0,3.8
R03,BUS009,3,1,20,0,1,14.8,221.2,5.38,0,52.5,3.5
R05,BUS023,6,2,16,0,0,27.3,3414.1,0.4,0,53.2,7.34
R05,BUS005,6,6,12,1,0,19.5,2052.6,0.51,0,13.7,7.14
R02,BUS024,5,1,22,0,0,18.7,1163.2,1.16,0,78.7,4.94
R03,BUS022,8,1,10,0,1,13.2,1090.2,4.17,0,60.3,6.9
R05,BUS022,7,1,10,0,1,15.6,439.4,5.11,2,59.6,5.59
R04,BUS004,11,6,17,1,0,23.7,580.0,1.91,1,73.0,2.3
R01,BUS012,8,5,18,1,0,25.9,1043.0,0.0,0,47.1,2.34
R01,BUS019,10,0,12,0,0,24.3,2464.6,2.06,2,5.8,9.6
R02,BUS008,2,5,9,1,0,27.9,832.5,0.8,2,38.8,4.88
R02,BUS021,10,6,13,1,0,39.9,2220.0,1.73,1,14.4,5.21
R02,BUS023,5,1,18,0,1,17.8,2060.3,4.91,0,87.6,7.64
R05,BUS005,8,4,12,0,0,19.4,1225.7,1.68,0,5.0,4.72
R01,BUS005,8,3,9,0,1,10.0,2863.5,5.0,0,50.0,19.1
R02,BUS019,10,5,21,1,0,34.0,1582.4,1.85,0,19.2,3.55
R03,BUS006,1,1,19,0,1,18.0,554.5,4.78,1,53.0,3.89
R05,BUS011,2,1,8,0,1,12.3,2460.9,4.83,0,89.0,12.27
R01,BUS008,11,3,18,0,1,12.1,2649.7,4.69,0,83.5,15.32
R02,BUS019,5,3,14,0,0,23.9,3050.9,2.34,0,11.6,8.83
R01,BUS011,5,6,18,1,0,29.0,2776.5,2.32,0,60.3,6.35
R01,BUS010,10,2,21,0,0,18.5,645.7,2.47,0,37.6,3.37
R01,BUS020,9,5,15,1,0,31.8,2060.1,1.09,0,40.7,4.18
R04,BUS011,8,5,11,1,0,19.0,3342.5,3.07,0,42.8,10.81
R06,BUS008,11,6,6,1,0,35.1,2042.4,1.14,0,6.8,4.33
R06,BUS012,8,5,7,1,0,25.1,1087.4,2.45,0,25.2,3.36
R05,BUS013,6,6,15,1,0,22.1,1800.3,2.02,0,52.2,5.36
R01,BUS004,1,2,15,0,0,23.5,3324.0,1.54,0,34.8,8.92
R04,BUS002,2,6,6,1,0,24.7,3054.7,2.27,0,19.6,8.66
R03,BUS005,11,2,8,0,1,6.7,1878.1,4.37,0,73.1,17.61
R01,BUS014,10,3,12,0,0,25.5,493.1,0.81,0,40.1,0.92
R04,BUS024,2,0,10,0,1,13.3,441.7,4.34,0,74.5,4.37
R03,BUS022,8,6,9,1,0,23.6,951.0,1.96,0,57.7,2.49
R01,BUS014,10,6,17,1,0,30.3,2565.5,1.44,0,17.8,5.47
R05,BUS024,5,1,13,0,0,21.7,2509.6,0.38,0,40.5,6.42
R04,BUS020,5,3,6,0,0,21.6,2468.9,0.55,0,46.0,6.61
R03,BUS009,6,2,7,0,0,21.6,1557.6,3.26,0,37.1,4.69
R03,BUS019,1,4,16,0,0,22.2,2999.6,1.54,1,34.3,8.56
R04,BUS021,11,0,9,0,1,15.9,2328.8,4.78,0,58.6,11.44
R05,BUS006,9,0,16,0,0,17.1,366.9,2.02,1,32.1,2.56
R05,BUS008,5,3,13,0,0,23.4,2950.4,1.16,0,28.7,7.64
R05,BUS023,12,5,11,1,0,22.5,1548.5,1.29,0,72.0,4.81
R03,BUS006,4,0,7,0,0,26.5,1899.7,2.62,0,47.2,5.05
R02,BUS007,11,0,6,0,0,23.0,467.3,3.03,0,29.5,2.56
R05,BUS019,9,2,18,0,1,14.8,912.7,5.34,0,73.6,6.53
R03,BUS003,4,5,21,1,0,24.7,414.8,0.57,0,51.1,0.8
R01,BUS022,4,3,5,0,0,28.0,2377.0,1.79,0,37.2,6.67
R03,BUS020,7,2,13,0,0,21.1,1321.5,1.11,0,53.8,4.46
R02,BUS008,10,3,17,0,1,13.7,628.5,4.96,0,70.5,4.4
R06,BUS021,7,3,8,0,1,15.1,1824.7,5.5,0,48.6,9.65
R03,BUS001,2,4,18,0,1,18.6,1237.1,4.59,0,53.2,5.22
R04,BUS024,11,4,8,0,1,12.6,841.0,5.26,0,43.7,6.59
R02,BUS014,9,2,5,0,0,23.1,1253.7,1.77,0,33.1,4.13
R02,BUS013,8,6,14,1,0,25.6,2797.2,1.31,0,29.5,7.22
R02,BUS020,2,5,12,1,0,29.3,2195.3,0.96,1,5.0,6.04
R04,BUS011,1,1,16,0,0,22.2,2767.2,0.62,0,28.9,8.42
R01,BUS009,11,2,17,0,1,14.0,2350.9,5.47,1,77.2,12.54
R06,BUS006,4,5,6,1,0,24.5,970.1,1.32,0,30.4,3.58
R04,BUS020,1,0,21,0,0,27.1,3188.5,2.05,0,30.1,8.14
R01,BUS017,8,3,11,0,0,24.8,1822.4,0.08,0,46.0,3.84
R05,BUS024,10,5,16,1,0,26.9,1647.0,1.14,0,40.8,4.25
R04,BUS011,12,3,9,0,1,11.0,1893.5,4.67,0,34.0,11.91
R03,BUS015,3,4,16,0,0,19.7,2712.3,2.48,0,31.5,8.72
R06,BUS002,8,6,10,1,0,30.1,2284.0,1.73,0,5.4,5.71
R06,BUS005,1,2,10,0,1,19.3,2288.8,4.7,0,43.8,8.92
R05,BUS020,2,1,7,0,0,16.3,986.9,0.7,1,44.6,4.65
R04,BUS013,2,1,6,0,0,17.1,763.6,2.22,0,21.6,3.4
R01,BUS012,1,1,22,0,0,23.1,781.4,0.67,0,37.6,2.11
R01,BUS003,6,1,5,0,0,21.3,1304.4,2.47,0,37.4,5.1
R05,BUS021,6,6,15,1,0,23.9,2711.3,1.44,0,5.0,7.16
R03,BUS006,11,5,21,1,0,15.6,1000.8,0.31,0,34.6,4.69
R03,BUS021,10,1,6,0,0,19.8,434.4,1.52,0,67.9,1.72
R01,BUS009,4,6,14,1,0,30.0,1246.0,0.76,0,26.1,2.38
R06,BUS003,7,0,7,0,0,29.3,2514.2,1.04,1,30.4,5.48
R02,BUS006,9,6,22,1,0,27.2,1287.2,1.59,1,58.4,4.02
R05,BUS003,10,6,17,1,0,27.7,1281.6,1.75,0,69.9,3.97
R03,BUS015,9,3,8,0,1,3.0,1385.7,4.32,0,42.2,30.13
R02,BUS020,3,1,8,0,1,18.7,1940.6,5.94,0,60.8,8.24
R06,BUS021,11,4,17,0,1,14.6,804.4,5.11,0,36.8,6.48
R01,BUS007,4,6,11,1,0,33.5,1024.9,2.0,0,42.5,3.9
R06,BUS002,5,4,5,0,0,21.9,3254.3,2.05,0,29.9,10.32
R05,BUS002,9,6,14,1,0,24.5,318.1,1.65,0,50.7,1.73
R06,BUS019,10,3,22,0,0,24.7,1757.6,2.27,0,41.7,5.18
R01,BUS013,4,4,7,0,0,20.9,2933.7,0.39,0,32.6,9.49
R02,BUS020,11,3,13,0,0,31.3,1167.0,1.22,0,50.0,2.41
R05,BUS021,7,5,21,1,0,34.7,2764.3,0.32,1,31.8,6.13
R01,BUS003,6,5,20,1,0,26.1,2567.2,0.0,0,12.8,6.6
R02,BUS003,12,6,17,1,0,24.5,3272.5,2.86,0,37.4,8.75
R04,BUS016,2,0,13,0,0,24.1,3379.4,0.97,0,28.6,9.49
R03,BUS023,5,5,17,1,0,25.7,3422.1,1.38,0,17.1,8.04
R03,BUS003,11,4,21,0,0,23.2,1030.9,1.21,0,5.0,3.44
R05,BUS018,12,2,16,0,0,28.0,2922.8,3.35,0,41.0,7.59
R02,BUS006,6,6,5,1,0,29.9,1358.5,1.34,1,27.8,4.48
R06,BUS005,8,2,12,0,0,13.5,1779.0,1.04,0,40.4,8.62
R01,BUS012,5,1,19,0,1,12.1,1561.5,6.1,1,61.2,10.48
R02,BUS023,4,2,19,0,1,15.5,1917.1,6.14,0,77.9,10.07
R06,BUS006,7,5,11,1,0,28.6,1775.1,0.99,0,57.3,4.3
R06,BUS007,11,6,22,1,0,25.4,3280.6,2.57,0,34.4,8.68
R06,BUS009,6,6,13,1,0,32.0,3218.2,0.72,0,35.3,6.81
R06,BUS023,5,1,9,0,1,13.6,1199.9,3.87,0,86.7,7.02
R01,BUS009,9,6,11,1,0,28.5,3039.6,0.58,0,7.8,6.34
R04,BUS017,3,2,8,0,1,14.1,1772.4,5.23,0,92.3,9.59
R06,BUS016,2,4,22,0,0,29.4,3359.2,2.26,0,58.4,9.11
R05,BUS019,3,0,13,0,0,22.1,2933.4,0.64,1,32.7,9.31
R06,BUS018,1,3,18,0,1,14.8,1893.9,6.24,0,70.3,11.34
R01,BUS004,1,5,21,1,0,28.6,598.3,3.83,1,41.1,3.06
R03,BUS002,10,2,18,0,1,13.2,2056.4,5.48,0,59.5,11.71
R03,BUS004,2,5,12,1,0,24.1,1836.5,0.04,0,24.4,4.87
R01,BUS009,7,5,11,1,0,24.3,936.5,1.72,0,41.0,3.33
R03,BUS021,3,5,19,1,0,19.4,1401.8,0.83,1,18.4,5.79
R01,BUS018,11,2,21,0,0,27.0,3202.2,2.02,1,32.4,8.74
R05,BUS014,2,0,12,0,0,19.6,3248.4,1.9,0,36.7,11.38
R06,BUS004,8,0,21,0,0,16.5,2041.9,2.4,1,48.6,9.02
R02,BUS021,10,1,5,0,0,27.7,1696.5,1.06,0,11.5,5.09
R02,BUS002,2,0,5,0,0,11.2,453.4,2.58,1,41.8,4.18
R05,BUS004,9,4,12,0,0,22.2,2315.2,1.34,1,36.6,7.18
R06,BUS001,2,3,7,0,0,26.0,2415.4,1.56,1,34.4,6.9
R05,BUS003,10,2,12,0,0,22.3,2989.4,1.21,0,8.4,8.69
R02,BUS020,10,1,20,0,1,12.3,2788.7,4.45,0,65.8,14.99
R06,BUS019,4,4,9,0,1,7.1,2292.2,5.16,2,61.8,22.73
R01,BUS024,8,2,5,0,0,21.2,1002.0,3.21,0,30.7,4.23
R05,BUS002,11,5,16,1,0,34.7,2217.1,1.46,0,30.7,4.57
R03,BUS008,11,4,20,0,1,15.9,3350.1,5.1,0,63.7,13.33
R03,BUS014,1,6,20,1,0,23.4,307.3,1.42,0,18.2,1.52
R01,BUS005,2,2,18,0,1,21.2,2595.8,4.52,0,67.7,9.08
R05,BUS012,12,4,11,0,0,26.5,1836.4,0.83,1,47.9,5.47
R06,BUS015,1,3,12,0,0,22.5,990.8,1.68,0,48.4,2.83
R05,BUS022,1,3,7,0,0,30.8,1824.4,1.3,2,60.9,6.21
R06,BUS013,1,2,22,0,0,18.9,2889.3,1.32,2,43.5,11.59
R06,BUS024,12,2,20,0,1,16.7,2679.8,5.09,1,70.8,13.0
R01,BUS008,3,0,13,0,0,19.9,3211.3,1.69,1,15.1,10.51
R04,BUS011,4,4,20,0,1,6.7,845.4,4.83,0,78.7,9.78
R02,BUS021,1,1,9,0,1,14.0,2970.9,6.52,0,51.4,14.81
R05,BUS013,10,6,12,1,0,25.2,1932.6,3.05,0,45.8,5.35
R05,BUS007,8,6,20,1,0,22.5,468.7,1.86,1,26.3,2.35
R03,BUS017,1,6,19,1,0,19.8,2179.0,2.07,0,54.5,7.13
R05,BUS014,7,4,20,0,1,17.2,1201.6,5.82,0,59.2,6.51
R01,BUS004,12,0,13,0,0,17.6,836.8,1.68,1,22.8,4.87
R03,BUS014,6,6,21,1,0,28.0,2996.5,1.02,0,21.9,6.71
R01,BUS016,9,4,13,0,0,22.6,966.3,1.89,0,12.8,4.64
R05,BUS006,6,6,19,1,0,22.2,2879.5,2.17,2,48.2,10.71
R05,BUS011,2,6,12,1,0,23.6,900.8,1.38,0,16.4,3.51
R01,BUS001,2,6,14,1,0,25.4,1854.4,1.3,0,39.5,4.82
R04,BUS006,8,6,9,1,0,21.3,2209.8,0.97,0,38.8,7.19
R05,BUS020,9,5,19,1,0,20.3,2697.1,1.42,0,24.8,8.18
R05,BUS011,6,2,12,0,0,19.7,725.8,0.49,0,40.8,3.32
R04,BUS009,11,3,7,0,0,13.7,2939.7,1.98,0,72.3,14.07
R06,BUS010,11,5,16,1,0,21.9,2979.2,1.92,1,10.8,9.24
R02,BUS020,2,3,18,0,1,15.4,1648.7,5.3,1,65.0,9.48
R03,BUS023,12,0,7,0,0,17.6,2891.1,1.85,0,11.2,10.76
R06,BUS004,10,2,19,0,1,14.0,1356.0,3.92,0,81.4,7.53
R05,BUS021,7,3,16,0,0,19.9,675.6,2.62,0,19.3,2.12
R03,BUS003,12,1,13,0,0,26.1,3085.9,2.34,1,20.3,9.13
R01,BUS017,9,1,9,0,1,13.7,2493.6,4.31,1,45.7,13.64
R04,BUS009,8,5,7,1,0,33.0,3498.9,1.77,0,45.7,6.54
R02,BUS010,2,2,17,0,1,13.9,545.0,6.12,0,29.8,4.19
R04,BUS023,7,3,11,0,0,31.5,570.2,0.73,0,43.3,1.69
R02,BUS002,1,4,6,0,0,12.8,956.0,2.91,0,45.4,6.16
R05,BUS009,12,5,19,1,0,29.5,1353.6,1.32,0,41.7,4.2
R04,BUS021,5,3,22,0,0,27.6,2806.9,2.16,0,27.5,7.89
R02,BUS002,1,2,10,0,1,11.1,2090.2,5.42,0,40.3,13.78
R03,BUS004,12,3,8,0,1,14.1,381.3,5.01,0,52.8,3.28
R06,BUS020,4,4,21,0,0,19.0,521.2,1.63,1,24.2,1.94
R05,BUS015,4,1,9,0,1,9.1,3036.1,4.52,0,66.5,21.55
R04,BUS019,7,0,6,0,0,22.6,1542.4,0.66,1,43.7,6.11
R06,BUS013,1,1,17,0,1,11.8,1914.0,4.92,1,69.0,13.07
R06,BUS011,8,5,17,1,0,33.8,869.8,1.57,1,40.2,2.98
R06,BUS006,12,6,6,1,0,23.8,1325.7,2.13,0,45.6,3.23
R01,BUS005,7,4,5,0,0,18.9,1308.0,1.79,0,15.2,4.83
R06,BUS021,5,5,19,1,0,32.8,1040.1,0.39,2,44.3,3.37
R04,BUS015,10,3,12,0,0,27.5,995.2,1.94,1,44.4,3.79
R05,BUS007,8,6,15,1,0,29.5,362.0,2.92,0,45.8,2.06
R03,BUS012,1,3,10,0,1,7.6,1677.7,4.83,2,114.5,16.6
R02,BUS006,8,3,13,0,0,26.2,2979.9,1.95,0,40.1,8.05
R04,BUS011,1,0,5,0,0,22.6,1571.5,0.62,0,28.5,4.09
R06,BUS008,11,5,13,1,0,23.9,867.6,0.0,0,23.8,2.01
R02,BUS022,4,3,17,0,1,13.9,2617.2,6.21,0,58.3,13.6
R04,BUS015,5,5,9,1,0,27.7,476.1,2.62,0,20.9,2.81
R01,BUS021,7,3,16,0,0,21.3,2089.1,1.94,0,25.9,7.05
R04,BUS001,5,3,9,0,1,19.0,2035.9,5.56,1,61.0,10.07
R02,BUS022,5,0,9,0,1,11.4,3123.7,5.44,0,73.7,18.92
R01,BUS018,12,2,18,0,1,15.4,1429.8,5.02,1,57.0,7.66
R02,BUS017,9,1,12,0,0,21.8,3386.8,2.23,0,41.6,10.82
R02,BUS004,2,2,19,0,1,14.5,1418.0,4.87,0,62.5,8.79
R05,BUS021,5,6,21,1,0,33.0,3026.2,2.78,2,31.6,8.18
R01,BUS010,1,4,10,0,1,15.2,264.1,5.37,0,50.4,2.59
R04,BUS022,6,0,21,0,0,15.9,737.7,0.37,0,34.4,2.96
R05,BUS010,9,1,7,0,0,15.9,561.4,2.25,1,50.5,3.95
R01,BUS023,9,4,16,0,0,30.1,2205.8,1.67,0,26.8,5.16
R02,BUS012,2,4,12,0,0,15.5,1734.7,2.62,0,47.9,7.18
R04,BUS004,5,2,14,0,0,28.6,1415.7,0.0,2,27.0,4.45
R02,BUS022,8,1,11,0,0,17.3,2500.1,0.7,0,27.3,8.26
R05,BUS020,8,2,19,0,1,7.8,1035.3,5.07,0,64.4,10.35
R01,BUS016,1,6,21,1,0,25.7,2803.1,1.88,2,48.5,8.86
R04,BUS008,3,0,22,0,0,29.4,635.6,2.72,0,60.5,2.04
R02,BUS015,5,0,12,0,0,25.6,1586.0,1.86,1,41.3,5.25
R02,BUS013,7,0,16,0,0,17.5,3474.9,2.25,0,51.5,12.7
R05,BUS022,9,2,14,0,0,24.5,2947.4,1.77,1,26.1,8.33
R03,BUS006,5,3,11,0,0,25.3,1879.7,0.0,0,23.0,4.54
R01,BUS002,3,5,6,1,0,23.6,286.9,2.12,0,25.4,1.26
R06,BUS024,12,1,17,0,1,17.4,443.4,7.16,0,90.5,4.46
R02,BUS006,11,0,13,0,0,24.6,3416.7,1.21,0,27.9,9.96
R06,BUS010,11,5,6,1,0,19.3,651.7,2.05,0,36.3,3.64
R06,BUS020,12,0,19,0,1,11.0,2641.4,4.12,1,47.6,15.78
R02,BUS011,1,3,13,0,0,16.0,1820.5,1.38,0,5.0,7.17
R01,BUS013,12,5,12,1,0,24.6,2803.2,0.88,0,29.2,6.89
R06,BUS004,5,1,5,0,0,25.7,2484.1,2.17,0,53.0,6.93
R05,BUS002,3,6,18,1,0,19.7,1689.9,3.43,0,42.5,5.4
R02,BUS011,1,4,11,0,0,26.5,3072.0,0.97,0,24.3,7.26
R05,BUS006,2,2,6,0,0,12.7,643.8,2.55,0,27.7,3.6
R06,BUS014,9,1,21,0,0,18.9,1139.3,1.31,0,27.8,3.97
R01,BUS021,2,1,9,0,1,15.7,3156.3,5.25,1,68.8,14.87
R04,BUS008,9,2,14,0,0,23.7,973.7,1.23,0,28.2,3.1
R02,BUS012,11,1,19,0,1,16.6,589.9,5.07,1,77.7,5.17
R01,BUS010,11,4,9,0,1,7.9,1609.5,5.21,1,75.3,14.35
R04,BUS021,9,1,7,0,0,22.7,1532.1,1.9,0,46.6,5.11
R04,BUS004,5,0,16,0,0,27.4,1481.7,0.85,0,23.7,3.32
R05,BUS023,4,1,21,0,0,15.9,2646.0,1.05,0,32.7,9.32
R05,BUS008,8,3,8,0,1,12.2,3253.4,7.63,0,76.9,19.0
R01,BUS009,5,1,22,0,0,15.2,1898.2,3.08,1,61.6,10.02
R04,BUS020,12,0,5,0,0,25.0,1560.2,1.85,0,31.0,3.87
R06,BUS023,9,0,13,0,0,24.4,3231.2,1.51,0,28.1,8.95
R06,BUS007,9,4,7,0,0,15.7,2592.7,0.45,1,37.5,11.26
R02,BUS003,2,5,15,1,0,29.4,1543.3,1.43,0,19.1,3.8
R03,BUS018,11,6,11,1,0,36.9,1015.7,0.48,0,15.3,1.72
R03,BUS023,3,1,21,0,0,16.2,2964.1,1.1,1,20.7,11.79
R05,BUS021,1,0,19,0,1,11.1,2515.4,3.32,0,41.2,14.26
R02,BUS018,2,2,21,0,0,16.0,3111.1,1.87,1,41.9,12.03
R06,BUS002,11,2,13,0,0,28.7,3456.5,1.8,0,43.9,8.37
R05,BUS020,10,6,17,1,0,25.2,3207.9,3.22,0,55.1,8.2
R05,BUS011,12,6,20,1,0,28.0,2289.5,2.16,1,47.3,6.33
R01,BUS020,6,4,19,0,1,8.5,2158.3,3.21,0,86.1,16.72
R03,BUS016,4,1,20,0,1,15.4,2330.2,5.2,0,69.3,9.98
R04,BUS013,8,2,7,0,0,23.0,2091.3,2.97,0,28.6,6.56
R06,BUS014,8,5,6,1,0,27.4,1618.0,1.12,0,26.9,3.23
R05,BUS003,7,6,14,1,0,18.0,1010.0,2.31,0,29.8,3.92
R06,BUS016,8,5,20,1,0,35.7,1046.5,0.82,1,43.5,2.83
R02,BUS013,11,3,12,0,0,15.5,1794.6,0.55,1,29.2,9.02
R02,BUS003,4,0,21,0,0,21.7,649.1,0.06,1,37.5,2.98
R04,BUS016,6,1,10,0,1,17.3,2946.2,4.54,0,57.9,11.94
R05,BUS021,7,4,20,0,1,15.2,3074.0,5.86,0,60.7,14.22
R01,BUS022,3,0,14,0,0,19.9,2176.4,1.17,0,57.0,6.84
R05,BUS017,1,2,18,0,1,10.6,2824.3,5.75,0,100.4,18.27
R04,BUS012,11,6,13,1,0,34.3,914.3,0.0,0,30.0,2.39
R01,BUS009,4,4,17,0,1,12.0,3453.6,4.18,0,66.9,19.55
R01,BUS014,1,4,18,0,1,9.8,2611.8,5.69,0,73.0,18.39
R02,BUS005,4,2,19,0,1,9.9,3422.0,5.31,1,67.3,23.49
R01,BUS016,6,0,17,0,1,10.5,2601.2,3.8,0,63.2,16.47
R02,BUS016,9,1,20,0,1,13.3,3328.0,5.71,0,65.4,17.43
R01,BUS002,6,3,10,0,1,10.9,1677.3,5.6,0,48.2,10.99
R06,BUS023,9,2,5,0,0,21.0,3284.7,2.13,0,23.7,11.24
R01,BUS009,7,0,5,0,0,28.2,2031.6,0.86,0,62.9,5.31
R04,BUS006,6,6,6,1,0,32.5,1756.5,1.68,0,5.0,3.77
R03,BUS013,4,6,12,1,0,26.0,1849.7,0.84,1,30.3,5.47
R03,BUS004,4,6,12,1,0,29.7,1366.6,0.5,0,44.1,2.82
R01,BUS013,7,1,11,0,0,19.2,1341.8,1.19,0,35.6,4.56
R04,BUS010,9,4,5,0,0,18.7,2687.9,0.64,0,10.4,9.87
R02,BUS010,11,2,14,0,0,20.8,3482.6,1.55,0,5.0,10.84
R04,BUS005,1,6,13,1,0,28.6,1109.7,0.23,0,8.2,2.66
R02,BUS015,7,5,20,1,0,24.3,1875.6,1.51,1,59.6,6.6
R01,BUS010,10,1,5,0,0,23.3,2388.4,2.12,1,73.2,7.41
R03,BUS004,3,4,17,0,1,14.5,1741.2,4.44,0,59.2,9.62
R04,BUS018,12,4,7,0,0,32.5,1181.0,0.89,0,15.7,3.11
R03,BUS003,1,3,9,0,1,16.3,949.4,5.86,1,61.4,7.06
R01,BUS002,4,4,20,0,1,3.0,3028.8,5.17,0,66.1,62.0
R06,BUS024,8,1,18,0,1,18.9,1482.5,5.16,1,68.6,8.18
R06,BUS018,10,5,6,1,0,33.5,2311.2,1.13,1,40.5,4.75
R03,BUS017,7,2,20,0,1,18.6,568.1,5.52,0,54.6,4.35
R02,BUS007,11,1,11,0,0,24.5,3003.5,1.26,1,44.5,8.48
R03,BUS019,8,4,9,0,1,12.7,2002.1,4.97,0,55.2,11.56
R06,BUS001,6,4,21,0,0,23.8,3477.1,0.24,1,76.1,10.27
R02,BUS009,1,5,5,1,0,26.9,2512.0,2.73,0,42.2,7.77
R03,BUS009,10,4,11,0,0,29.0,1740.7,1.3,0,35.0,3.7
R01,BUS020,3,5,8,1,0,29.8,2415.8,1.26,0,27.6,5.78
R01,BUS014,12,6,8,1,0,29.0,3134.1,2.31,0,59.1,6.47
R04,BUS003,4,3,8,0,1,18.7,1210.4,6.08,0,53.0,5.77
R04,BUS022,4,1,15,0,0,9.0,2620.6,1.91,1,43.4,19.22
R05,BUS006,8,1,11,0,0,21.5,3477.0,1.23,0,14.0,10.36
R05,BUS012,3,4,19,0,1,19.6,1045.4,6.31,2,41.7,6.83
R02,BUS019,2,6,7,1,0,30.7,2798.3,2.51,0,40.5,6.82
R05,BUS016,10,5,11,1,0,26.0,1555.6,2.65,0,48.6,4.5
R02,BUS013,7,2,19,0,1,10.7,3223.2,3.85,0,49.4,19.9
R03,BUS003,12,3,10,0,1,15.8,3073.3,5.1,2,55.1,15.72
R02,BUS022,10,6,12,1,0,23.2,1631.9,0.92,0,59.9,5.28
R03,BUS017,2,5,18,1,0,25.2,2405.0,1.45,1,40.1,6.82
R05,BUS005,10,0,9,0,1,18.0,212.6,4.36,0,74.9,2.91
R06,BUS017,5,2,22,0,0,18.1,1793.3,1.75,1,35.3,8.27
R03,BUS023,5,1,20,0,1,9.7,3204.7,4.37,0,55.1,21.85
R05,BUS001,10,2,5,0,0,10.2,1144.8,1.37,1,53.3,8.17
R05,BUS004,6,2,19,0,1,7.8,488.0,4.75,0,81.0,5.08
R06,BUS018,1,4,18,0,1,20.6,1222.5,4.76,0,65.9,6.17
R01,BUS011,12,4,14,0,0,13.3,831.1,0.53,0,43.8,3.9
R06,BUS016,9,5,6,1,0,32.7,1868.9,0.94,0,23.0,3.12
R01,BUS004,2,4,14,0,0,18.2,2502.4,1.27,0,25.2,9.22
R02,BUS024,7,0,16,0,0,25.2,2765.3,1.03,0,37.1,6.09
R03,BUS008,11,1,16,0,0,25.4,1942.0,1.3,0,29.4,5.87
R01,BUS018,9,0,9,0,1,15.6,3448.5,4.51,0,70.4,15.44
R06,BUS010,10,6,15,1,0,30.9,372.7,0.68,1,27.2,1.7
R05,BUS005,2,0,10,0,1,13.9,2041.5,5.61,0,38.4,11.55
R03,BUS021,10,4,17,0,1,14.1,709.4,4.67,0,83.4,4.26
R04,BUS020,5,5,16,1,0,28.6,1279.6,2.35,0,9.5,3.81
R02,BUS018,12,6,18,1,0,37.7,2199.3,1.55,0,21.3,4.41
R01,BUS003,12,6,15,1,0,29.1,3404.5,0.82,0,6.2,7.54
R06,BUS005,12,0,22,0,0,21.1,1287.6,1.95,1,36.4,5.89
R04,BUS003,8,5,7,1,0,24.6,491.7,1.86,1,5.0,3.44
R04,BUS024,3,5,11,1,0,22.2,291.3,1.22,0,58.1,0.3
R06,BUS020,4,1,19,0,1,13.9,694.6,6.22,0,71.9,5.52
R05,BUS017,5,5,8,1,0,33.9,1172.3,1.24,1,32.3,4.31
R06,BUS015,9,6,14,1,0,37.1,1225.2,2.99,0,14.9,3.88
R02,BUS003,9,3,16,0,0,15.0,2203.3,1.74,0,57.9,9.7
R03,BUS005,5,4,8,0,1,20.2,420.2,4.42,1,67.1,3.32
R06,BUS002,3,2,17,0,1,13.7,2808.3,5.2,0,87.4,14.88
R01,BUS011,2,4,7,0,0,22.3,3032.4,0.91,0,7.5,8.8
R05,BUS016,1,1,11,0,0,17.2,3328.8,2.06,0,50.8,12.93
R05,BUS021,6,6,22,1,0,26.4,2864.6,1.17,0,39.9,7.68
R04,BUS004,5,1,20,0,1,13.2,1325.4,6.48,0,48.4,8.67
R04,BUS003,7,1,18,0,1,19.0,1190.6,3.68,0,62.2,4.41
R05,BUS007,5,4,10,0,1,12.6,2064.2,4.14,0,75.0,11.48
R06,BUS003,4,0,19,0,1,17.5,1782.6,4.81,1,65.2,10.02
R03,BUS012,4,6,18,1,0,32.6,1902.8,2.03,0,48.5,3.86
R02,BUS022,3,3,10,0,1,15.0,1091.1,4.91,1,50.6,7.8
R06,BUS015,2,3,21,0,0,25.7,607.5,2.69,1,67.5,3.67
R05,BUS020,10,5,15,1,0,27.6,1756.4,0.48,0,38.9,4.23
R06,BUS011,6,3,22,0,0,34.1,2521.4,1.3,0,27.5,5.49
R02,BUS021,7,3,19,0,1,10.9,332.6,5.38,0,85.6,4.7
R01,BUS002,3,0,6,0,0,23.2,1365.5,1.2,0,42.4,5.34
R05,BUS010,11,5,11,1,0,25.1,2472.5,0.81,0,25.2,6.35
R02,BUS006,1,4,10,0,1,13.5,1054.4,5.51,0,52.9,7.74
R02,BUS021,1,6,5,1,0,31.9,2723.9,0.61,0,17.9,6.29
R01,BUS001,10,0,15,0,0,24.8,959.3,1.81,1,46.8,3.42
R05,BUS024,4,5,13,1,0,36.8,2487.0,0.22,0,51.2,3.77
R01,BUS021,3,6,10,1,0,23.8,2215.8,1.72,0,21.3,5.38
R04,BUS009,5,6,15,1,0,30.5,1807.8,1.05,1,27.2,4.52
R03,BUS018,7,0,15,0,0,24.3,805.3,2.74,0,46.1,2.45
R05,BUS012,11,5,18,1,0,24.6,2731.8,1.6,0,24.4,6.74
R04,BUS004,6,1,16,0,0,24.6,1317.7,1.81,0,32.9,3.53
R05,BUS008,3,5,10,1,0,29.0,2483.9,0.48,0,43.9,5.23
R04,BUS003,6,3,12,0,0,19.6,352.9,1.92,1,39.9,3.06
R04,BUS009,11,6,19,1,0,19.1,594.1,1.37,0,45.1,1.62
R06,BUS024,4,0,11,0,0,17.8,1357.3,2.48,0,33.7,4.74
R05,BUS024,10,4,10,0,1,26.1,2132.6,5.0,0,71.6,7.41
R04,BUS014,2,3,7,0,0,23.4,1759.1,0.24,1,58.3,4.71
R02,BUS011,3,2,14,0,0,24.1,729.9,0.49,0,17.2,1.12
R02,BUS001,2,4,6,0,0,23.0,2698.7,2.53,1,37.6,9.24
R04,BUS022,9,0,12,0,0,19.6,2654.8,2.3,1,32.0,9.72
R02,BUS018,6,0,18,0,1,13.2,2356.5,4.65,0,62.3,13.03
R03,BUS018,1,6,21,1,0,31.0,1840.7,0.94,0,62.6,3.24
R02,BUS019,5,0,8,0,1,16.6,517.0,5.21,0,79.1,5.35
R04,BUS015,7,2,14,0,0,19.1,3287.7,0.76,0,5.0,10.3
R05,BUS018,1,3,15,0,0,24.9,2320.6,0.36,0,30.9,6.09
R04,BUS012,8,5,6,1,0,22.5,2881.0,1.14,0,64.9,8.48
R06,BUS011,3,1,7,0,0,19.5,3065.6,1.89,1,13.4,10.81
R04,BUS006,12,0,21,0,0,22.3,2258.3,1.07,0,54.0,6.89
R02,BUS005,7,6,10,1,0,28.9,784.4,0.0,0,38.4,2.78
R01,BUS023,1,0,11,0,0,26.2,2958.3,0.85,0,23.6,7.47
R05,BUS011,12,5,17,1,0,26.7,554.3,0.69,0,39.8,2.25
R03,BUS019,2,1,7,0,0,13.2,2927.7,1.51,1,46.0,15.55
R02,BUS015,7,2,5,0,0,17.0,1508.5,2.17,0,41.4,5.28
R06,BUS013,3,6,21,1,0,28.3,2795.8,3.24,0,36.2,6.63
R01,BUS013,2,6,11,1,0,27.2,1158.8,0.19,0,25.4,3.21
R03,BUS021,5,2,19,0,1,9.6,2179.9,5.52,0,80.2,16.0
R05,BUS018,10,0,5,0,0,24.1,1746.9,0.99,0,53.4,3.5
R01,BUS023,9,3,14,0,0,22.7,946.4,2.83,1,34.7,5.11
R02,BUS002,1,6,21,1,0,28.7,644.5,2.49,0,12.8,3.27
R02,BUS004,11,3,10,0,1,18.2,2668.2,4.51,0,48.8,9.77
R06,BUS022,4,0,12,0,0,22.6,1373.1,1.94,0,34.5,4.66
R03,BUS019,3,1,15,0,0,27.8,1679.0,2.34,0,34.4,5.5
R01,BUS004,8,6,5,1,0,25.3,2544.2,2.56,0,45.7,6.74
R06,BUS015,7,3,11,0,0,11.0,3209.8,1.87,2,32.8,21.13
R01,BUS007,7,4,18,0,1,10.9,1514.7,5.13,0,66.1,11.25
R05,BUS022,8,6,9,1,0,21.1,2798.5,1.93,0,18.4,8.58
R01,BUS007,4,5,18,1,0,38.0,1860.9,1.05,0,31.8,3.23
R05,BUS002,11,2,8,0,1,3.3,718.8,5.23,0,73.0,14.1
R04,BUS019,3,3,19,0,1,9.8,2423.4,3.89,0,79.9,16.13
R06,BUS005,9,5,13,1,0,31.9,2245.8,0.51,0,37.1,4.0
R04,BUS016,3,1,12,0,0,13.6,1475.3,2.46,0,11.0,8.39
R06,BUS005,5,2,17,0,1,17.6,565.5,4.8,1,70.1,5.62
R04,BUS011,12,6,7,1,0,35.9,1934.1,1.1,0,43.6,3.05
R04,BUS012,3,0,18,0,1,18.6,3326.8,3.03,1,62.6,13.07
R04,BUS021,3,0,9,0,1,6.4,1250.1,4.57,0,86.6,14.6
R03,BUS005,8,4,9,0,1,13.7,2338.7,4.85,0,57.4,12.03
R01,BUS020,5,6,14,1,0,32.3,2381.6,1.67,0,41.5,4.89
R01,BUS019,5,5,12,1,0,19.7,2665.7,2.08,0,37.7,8.9
R05,BUS003,1,2,7,0,0,21.3,697.3,2.09,0,42.6,2.57
R05,BUS009,6,0,18,0,1,9.8,2120.7,5.29,0,40.1,14.43
R06,BUS016,1,4,13,0,0,27.9,1526.6,2.39,1,17.3,3.88
R02,BUS005,7,4,9,0,1,14.7,2027.4,4.17,0,75.4,10.73
R06,BUS002,9,1,10,0,1,7.6,2286.5,4.91,2,76.9,21.48
R05,BUS023,5,2,9,0,1,12.9,1330.3,5.12,0,41.7,8.3
R03,BUS024,5,1,19,0,1,17.7,3079.0,5.21,0,76.5,12.53
R06,BUS018,8,3,17,0,1,11.4,3327.3,4.51,0,39.2,19.1
R02,BUS012,3,6,20,1,0,31.4,846.7,1.02,0,30.1,1.84
R02,BUS003,2,1,17,0,1,9.2,766.0,4.84,0,63.7,6.61
R02,BUS022,9,3,16,0,0,21.0,2724.7,0.65,0,5.0,7.9
R01,BUS013,12,6,13,1,0,25.2,2038.0,1.44,0,30.8,5.27
R03,BUS011,2,5,7,1,0,26.9,1280.1,1.51,0,46.2,5.17
R06,BUS004,10,1,6,0,0,28.1,284.2,1.26,0,42.4,0.71
R06,BUS006,4,4,13,0,0,23.7,632.9,0.63,1,32.7,2.53
R03,BUS002,10,3,5,0,0,25.7,514.4,1.64,0,36.3,1.6
R05,BUS011,10,2,8,0,1,12.8,1709.3,5.3,0,52.8,10.27
R01,BUS006,7,6,21,1,0,25.0,2189.6,1.64,0,5.0,5.05
R06,BUS014,1,0,21,0,0,14.3,1595.3,2.19,0,74.0,7.53
R02,BUS009,9,0,16,0,0,20.9,216.6,1.85,0,58.2,2.08
R03,BUS011,9,1,6,0,0,23.4,2684.9,0.66,0,12.2,6.43
R01,BUS018,8,5,9,1,0,20.9,2212.8,2.46,0,24.3,7.59
R05,BUS008,1,0,6,0,0,27.9,1503.6,1.35,1,36.0,4.52
R03,BUS015,4,2,15,0,0,23.6,2131.7,2.59,0,31.4,6.51
R05,BUS022,3,1,21,0,0,23.1,3076.9,1.55,0,20.8,9.29
R06,BUS006,8,0,22,0,0,21.7,2705.9,0.85,1,33.5,7.77
R02,BUS010,10,6,19,1,0,32.3,278.6,0.44,0,16.3,1.66
R03,BUS010,4,0,22,0,0,24.5,2453.8,2.64,0,60.1,7.47
R01,BUS024,4,1,10,0,1,17.0,2603.4,4.94,1,74.0,12.11
R05,BUS017,10,0,6,0,0,20.8,1102.5,0.72,0,6.4,3.19
R01,BUS018,9,2,16,0,0,24.3,1924.2,1.28,0,53.9,5.54
R02,BUS024,7,2,5,0,0,25.0,3032.7,2.14,2,46.9,10.48
R02,BUS024,7,3,18,0,1,19.2,3201.6,5.89,0,76.1,12.21
R04,BUS011,2,3,16,0,0,22.5,2039.8,1.2,0,42.5,5.29
R04,BUS012,2,6,18,1,0,24.1,2770.8,2.54,0,17.3,8.45
R05,BUS001,9,5,12,1,0,29.1,3327.9,1.65,0,29.2,7.45
R06,BUS013,3,6,12,1,0,25.4,422.4,1.89,2,46.4,4.34
R04,BUS013,10,3,19,0,1,13.2,2452.2,4.92,0,58.4,13.63
R03,BUS008,2,1,22,0,0,19.6,3449.9,1.45,1,21.3,12.4
R05,BUS009,7,0,20,0,1,12.1,1266.7,5.96,1,75.6,8.97
R03,BUS024,9,5,6,1,0,33.9,2908.4,1.48,0,32.5,5.48
R05,BUS013,12,5,7,1,0,22.6,2810.5,2.48,0,30.3,8.39
R04,BUS021,4,3,19,0,1,21.9,2947.8,4.13,1,78.5,10.32
R04,BUS003,7,0,8,0,1,14.4,2095.9,4.48,0,85.1,11.02
R03,BUS014,1,5,19,1,0,29.0,2621.3,1.25,0,34.8,5.66
R02,BUS017,12,6,20,1,0,36.4,2132.6,2.0,1,59.8,4.93
R05,BUS023,6,3,19,0,1,19.5,996.3,4.96,1,58.0,6.84
R02,BUS002,3,0,22,0,0,29.5,1625.4,1.92,0,31.4,4.72
R03,BUS020,5,5,11,1,0,16.3,567.8,0.0,0,30.5,2.45
R01,BUS023,9,2,16,0,0,19.2,706.8,1.54,1,39.7,3.04
R05,BUS004,9,2,7,0,0,23.5,1057.6,1.52,0,23.0,2.83
R01,BUS021,1,3,16,0,0,18.3,2120.7,0.99,0,33.6,7.29
R04,BUS004,5,3,5,0,0,18.5,779.6,1.09,0,35.7,3.1
R06,BUS024,6,4,16,0,0,29.2,2523.5,2.52,1,26.1,6.45
R01,BUS001,12,1,19,0,1,15.8,3385.3,5.15,0,50.0,14.64
R02,BUS009,2,4,10,0,1,12.2,2003.7,4.99,1,65.0,12.58
R03,BUS006,11,5,22,1,0,20.3,1028.4,1.96,0,61.9,3.38
R04,BUS010,12,0,19,0,1,6.1,2353.4,4.51,1,54.7,26.11
R01,BUS005,2,1,22,0,0,23.3,2976.6,0.77,0,21.1,7.63
R05,BUS009,7,3,12,0,0,21.3,1636.2,1.31,1,47.6,5.95
R01,BUS004,9,1,21,0,0,30.2,757.9,1.27,0,64.1,2.96
R03,BUS013,2,6,5,1,0,24.4,2674.6,0.72,0,41.0,7.46
R02,BUS016,3,5,8,1,0,31.6,367.0,1.45,0,36.6,0.93
R02,BUS018,10,2,11,0,0,23.7,2251.2,0.0,2,28.6,7.08
R01,BUS015,6,2,18,0,1,21.1,1811.4,4.54,1,47.7,7.95
R01,BUS006,6,3,12,0,0,26.7,2184.6,0.87,1,24.2,5.14
R06,BUS023,5,0,21,0,0,20.8,1128.3,1.39,2,19.1,5.56
R06,BUS019,2,4,8,0,1,18.6,1180.8,4.77,0,53.4,5.53
R02,BUS013,5,6,5,1,0,20.8,1974.4,1.73,0,32.9,7.17
R02,BUS005,11,6,16,1,0,22.1,1127.8,0.0,0,55.8,2.77
R01,BUS002,10,3,13,0,0,25.6,1366.5,2.38,0,37.4,4.57
R05,BUS004,7,2,7,0,0,24.6,2983.6,0.0,0,29.8,8.1
R06,BUS007,11,1,7,0,0,25.8,762.3,1.41,1,25.7,3.8
R01,BUS018,4,2,8,0,1,15.1,710.6,3.75,0,80.7,3.76
R02,BUS016,9,4,19,0,1,9.5,1183.3,5.79,0,51.3,10.46
R04,BUS021,8,2,15,0,0,23.1,1350.3,1.6,0,46.0,4.39
R05,BUS002,9,2,10,0,1,5.6,2260.4,4.83,0,81.0,27.2
R01,BUS010,1,3,22,0,0,16.0,1097.1,1.63,0,45.1,5.0
R06,BUS004,3,6,16,1,0,33.8,3471.7,1.91,0,24.2,6.37
R06,BUS001,7,3,9,0,1,13.6,3118.4,5.81,0,65.2,15.29
R03,BUS004,5,3,12,0,0,21.1,1844.8,1.44,1,6.5,6.24
R04,BUS004,10,0,14,0,0,24.1,1974.3,2.64,0,41.9,5.92
R04,BUS023,1,4,14,0,0,20.8,2535.7,2.22,0,24.3,8.25
R06,BUS001,3,1,5,0,0,24.1,3174.0,1.22,0,59.0,7.69
R06,BUS024,4,0,17,0,1,18.1,2247.7,5.77,0,79.5,10.6
R04,BUS006,3,0,12,0,0,22.0,1331.5,2.17,0,19.5,4.77
R02,BUS017,12,4,16,0,0,21.6,2898.0,1.43,1,36.4,9.84
R04,BUS010,3,1,16,0,0,24.9,1819.7,1.4,0,31.9,4.71
R01,BUS006,12,3,14,0,0,19.4,215.2,1.86,0,74.3,1.41
R03,BUS016,1,1,18,0,1,21.9,421.9,4.37,0,19.1,2.47
R06,BUS004,11,6,9,1,0,28.7,1377.9,0.87,0,40.4,4.07
R05,BUS006,6,6,18,1,0,25.6,1147.9,1.05,0,31.0,3.65
R04,BUS010,6,0,18,0,1,9.5,967.5,4.38,0,75.6,8.01
R04,BUS024,3,2,13,0,0,27.6,2441.3,2.07,0,48.5,6.31
R03,BUS015,3,2,15,0,0,18.8,2741.6,0.98,0,27.4,9.44
R06,BUS016,4,4,13,0,0,28.1,331.2,0.79,0,14.5,1.5
R03,BUS017,10,2,5,0,0,14.3,2084.1,2.02,2,64.0,11.97
R06,BUS002,1,6,19,1,0,28.5,2671.0,0.69,0,26.5,5.3
R01,BUS009,5,4,10,0,1,6.1,1673.2,5.57,0,46.0,19.0
R01,BUS005,9,4,11,0,0,17.6,1057.0,1.94,1,42.9,5.4
R05,BUS013,2,6,16,1,0,25.0,2804.8,1.35,0,58.3,8.19
R03,BUS001,2,2,11,0,0,23.7,231.1,1.53,0,21.0,1.51
R01,BUS002,1,3,16,0,0,23.8,2584.9,1.53,0,54.0,6.7
R02,BUS005,10,6,7,1,0,28.4,2821.4,0.41,0,46.9,5.82
R01,BUS001,1,1,21,0,0,27.4,3058.5,0.0,1,54.9,8.13
R01,BUS001,11,2,20,0,1,16.5,3019.2,5.37,0,67.8,12.44
R05,BUS013,2,3,12,0,0,33.7,2661.8,0.87,0,59.8,4.67
R06,BUS013,9,6,19,1,0,28.3,2370.0,0.73,0,52.4,5.39
R03,BUS012,6,6,22,1,0,30.7,932.7,0.94,0,29.2,2.59
R04,BUS017,3,1,6,0,0,24.8,2436.4,1.23,1,47.8,7.5
R04,BUS003,9,0,22,0,0,28.1,315.3,1.62,1,28.1,2.4
R01,BUS016,9,4,19,0,1,17.2,1304.1,6.34,0,80.7,8.07
R02,BUS020,7,2,14,0,0,20.3,2625.2,1.3,0,6.8,9.13
R02,BUS024,1,0,6,0,0,18.3,3293.5,1.76,1,8.1,12.16
R06,BUS016,7,1,13,0,0,19.8,2075.3,2.07,0,29.5,6.11
R06,BUS019,8,1,14,0,0,24.8,1260.9,3.18,0,39.7,5.21
R01,BUS019,9,1,19,0,1,18.3,475.8,5.11,0,61.7,4.08
R04,BUS024,5,6,15,1,0,20.6,758.9,2.36,0,61.0,1.98
R03,BUS015,7,1,9,0,1,15.9,1752.5,4.69,0,66.4,7.95
R04,BUS017,4,6,15,1,0,29.9,2857.2,1.9,0,60.6,6.52
R01,BUS003,9,4,15,0,0,18.5,2537.9,1.53,0,9.1,8.43
R04,BUS015,3,2,14,0,0,26.3,2681.0,1.48,0,61.5,6.92
R05,BUS016,12,3,5,0,0,15.3,1270.3,1.66,1,14.3,6.57
R03,BUS006,6,0,10,0,1,15.8,202.1,5.34,0,78.4,3.28
R03,BUS019,7,5,22,1,0,27.8,2111.3,2.12,0,30.1,5.27
R03,BUS017,4,1,11,0,0,29.1,2896.1,2.49,1,8.1,8.69
R03,BUS006,8,3,9,0,1,8.9,236.2,3.83,0,62.3,3.29
R06,BUS014,7,4,5,0,0,13.7,2727.1,0.86,0,39.5,12.38
R05,BUS014,8,5,15,1,0,31.8,2039.1,0.09,0,64.2,3.17
R04,BUS022,9,5,8,1,0,37.7,1355.7,1.24,2,23.0,4.31
R05,BUS006,4,4,10,0,1,7.5,2555.8,5.68,0,82.1,24.62
R02,BUS016,2,0,22,0,0,23.8,1621.9,1.06,1,32.5,6.06
R02,BUS017,5,5,17,1,0,28.4,354.9,1.88,0,33.5,2.62
R02,BUS002,12,1,9,0,1,15.1,521.1,4.47,0,98.3,2.97
R06,BUS014,7,4,7,0,0,22.0,1140.8,0.98,0,44.8,3.68
R06,BUS007,10,3,13,0,0,20.8,3260.6,1.87,0,51.5,10.04
R02,BUS018,1,6,8,1,0,27.5,555.0,1.95,0,27.5,3.66
R05,BUS022,5,4,10,0,1,6.5,1810.1,4.61,1,51.4,19.18
R05,BUS015,6,3,20,0,1,14.3,910.1,4.35,0,44.6,6.36
R04,BUS010,10,6,15,1,0,19.0,809.5,0.81,0,37.0,3.0
R04,BUS003,11,3,14,0,0,23.4,1951.1,3.23,0,52.8,5.91
R05,BUS011,5,5,5,1,0,28.4,2759.9,1.65,0,42.0,7.25
R01,BUS012,12,2,20,0,1,21.0,386.4,4.66,0,74.3,3.31
R06,BUS004,3,0,12,0,0,14.1,1130.1,0.92,0,46.4,5.79
R01,BUS006,2,6,21,1,0,25.4,3404.4,1.43,0,48.7,8.6
R01,BUS012,6,6,20,1,0,34.4,1330.6,1.74,0,22.9,2.81
R02,BUS007,9,6,20,1,0,15.8,1607.6,0.99,0,10.9,7.23
R04,BUS008,6,3,6,0,0,23.5,2408.2,1.76,0,37.5,6.73
R05,BUS009,2,6,19,1,0,28.4,3356.3,1.36,1,39.9,9.23
R03,BUS012,9,6,5,1,0,21.3,572.3,1.86,0,55.3,2.12
R04,BUS007,10,0,13,0,0,20.7,870.8,1.21,0,23.0,2.26
R02,BUS018,3,3,17,0,1,17.6,1701.7,4.5,0,64.3,7.42
R05,BUS002,7,5,6,1,0,23.5,2883.6,0.0,0,24.4,7.5
R05,BUS018,4,5,9,1,0,30.1,2049.2,0.96,1,44.0,4.6
R01,BUS017,3,2,12,0,0,21.9,1466.5,2.62,1,29.7,5.66
R04,BUS017,9,5,13,1,0,29.0,884.5,2.35,0,29.0,2.96
R01,BUS007,1,5,19,1,0,31.5,498.6,1.16,0,15.4,1.07
R04,BUS017,3,1,16,0,0,31.6,3388.8,2.32,1,49.0,8.37
R03,BUS014,7,5,8,1,0,31.0,3135.0,1.8,0,32.0,6.89
R06,BUS021,12,3,7,0,0,31.3,3073.2,0.0,0,16.7,5.59
R05,BUS016,12,3,18,0,1,13.3,3063.4,4.35,0,67.0,15.66
R06,BUS021,2,0,5,0,0,16.7,329.3,1.42,0,20.1,2.8
R03,BUS002,6,6,19,1,0,36.1,2575.6,1.76,0,25.7,4.05
R01,BUS005,8,6,5,1,0,25.5,1728.6,0.21,0,52.2,4.42
R03,BUS009,9,5,20,1,0,24.9,1171.1,1.4,1,16.7,4.6
R01,BUS021,10,3,7,0,0,28.8,1401.4,1.09,0,57.6,2.84
R02,BUS004,8,1,14,0,0,15.6,2481.0,0.3,0,35.5,9.75
R03,BUS010,3,4,9,0,1,21.9,3352.4,5.39,0,43.6,11.1
R01,BUS024,10,6,15,1,0,32.0,1933.2,0.49,0,28.1,2.55
R01,BUS023,8,4,12,0,0,23.9,2188.4,1.05,0,41.4,6.03
R06,BUS014,11,3,17,0,1,6.9,1774.9,5.37,0,71.0,17.22
R06,BUS003,9,2,7,0,0,29.1,1632.7,1.94,0,5.0,4.28
R04,BUS020,5,1,20,0,1,12.5,516.6,6.58,0,68.0,4.86
R01,BUS006,8,0,17,0,1,9.9,1393.6,5.0,0,57.0,10.61
R05,BUS016,12,0,22,0,0,24.6,1250.2,1.69,1,11.1,3.94
R03,BUS013,12,2,13,0,0,22.0,3002.4,1.29,0,35.5,8.94
R06,BUS004,3,1,20,0,1,14.1,1253.9,4.44,0,40.9,6.31
R05,BUS008,11,4,8,0,1,19.1,1002.0,5.42,0,65.4,5.52
R05,BUS021,9,1,18,0,1,14.0,2118.4,6.13,0,57.5,12.02
R04,BUS017,12,3,12,0,0,24.8,3085.3,0.98,0,18.6,7.45
R02,BUS010,9,1,7,0,0,19.4,1762.5,1.42,1,24.2,7.31
R06,BUS010,6,0,20,0,1,20.6,1807.0,4.18,0,72.8,6.39
R03,BUS001,12,6,19,1,0,30.7,2241.5,2.04,1,24.7,4.96
R01,BUS016,11,5,12,1,0,36.7,1391.6,1.04,0,27.7,2.75
R02,BUS003,1,6,15,1,0,23.8,1173.7,0.19,0,42.6,2.65
R02,BUS004,1,5,13,1,0,21.9,3243.4,1.7,0,26.1,10.42
R04,BUS005,8,3,5,0,0,13.6,1612.6,0.86,0,42.8,8.54
R01,BUS002,4,5,21,1,0,28.0,2992.7,1.01,1,37.6,9.05
R03,BUS022,9,4,13,0,0,23.8,2676.1,1.94,0,43.0,6.75
R04,BUS008,12,0,16,0,0,26.1,1511.8,2.5,0,6.2,4.99
R02,BUS020,4,3,15,0,0,34.9,2837.4,0.32,0,42.9,5.43
R03,BUS016,11,5,17,1,0,24.4,611.4,1.32,2,44.9,4.86
R02,BUS008,7,6,10,1,0,28.9,1080.8,1.82,1,47.8,3.82
R01,BUS017,1,4,22,0,0,19.9,546.9,1.72,0,19.7,1.5
R01,BUS016,2,2,5,0,0,32.2,474.5,0.02,1,43.6,0.59
R02,BUS023,8,6,11,1,0,20.9,1033.5,0.0,0,37.4,2.69
R06,BUS023,6,6,21,1,0,25.8,1282.6,1.94,0,37.1,4.24
R06,BUS013,10,5,6,1,0,24.4,2832.3,2.31,0,40.6,7.05
R02,BUS010,7,2,7,0,0,27.1,3104.3,1.63,0,40.5,7.7
R06,BUS024,7,0,7,0,0,21.7,776.1,0.43,2,51.2,4.49
R02,BUS024,9,1,21,0,0,20.6,3311.8,2.81,0,16.5,11.24
R04,BUS008,1,2,18,0,1,11.0,3441.9,6.03,0,50.3,21.7
R04,BUS020,2,0,15,0,0,24.1,2595.7,1.32,1,43.2,8.38
R04,BUS015,9,3,12,0,0,14.2,3408.3,2.39,0,51.3,16.01
R05,BUS015,9,0,7,0,0,21.5,3435.4,1.19,0,58.9,10.14
R02,BUS010,2,5,22,1,0,29.8,1498.9,1.7,0,61.2,3.65
R05,BUS023,2,5,16,1,0,30.8,1991.1,1.88,0,53.1,4.5
R06,BUS017,12,6,15,1,0,26.6,1279.4,1.69,1,37.4,3.62
R05,BUS012,7,5,19,1,0,35.8,1009.5,1.9,0,61.7,3.12
R05,BUS002,4,4,5,0,0,12.6,3258.7,2.4,0,23.0,16.2
R02,BUS023,2,6,15,1,0,27.0,647.9,0.86,0,32.9,2.55
R03,BUS018,1,4,19,0,1,12.6,3222.1,5.84,0,44.9,18.92
R06,BUS022,12,1,13,0,0,25.3,2058.9,1.69,0,40.0,5.59
R03,BUS022,5,3,7,0,0,19.6,2315.8,1.52,0,24.5,6.99
R01,BUS021,10,5,6,1,0,31.4,2242.2,2.2,1,32.5,5.9
R04,BUS015,5,2,20,0,1,13.2,2199.5,3.78,0,89.5,11.5
R06,BUS019,5,1,7,0,0,18.5,3445.0,1.34,0,33.2,11.97
R02,BUS003,3,4,11,0,0,23.3,307.7,1.56,1,32.1,2.1
R06,BUS009,1,4,17,0,1,14.2,2171.8,4.79,1,61.9,12.38
R04,BUS012,6,1,21,0,0,16.1,2458.2,1.29,0,47.3,9.54
R05,BUS007,3,3,22,0,0,24.5,1045.8,2.79,0,29.7,3.48
R05,BUS005,12,5,22,1,0,26.7,769.9,0.0,0,27.2,1.17
R04,BUS007,6,6,5,1,0,31.1,1426.2,0.36,0,61.9,3.08
R01,BUS010,7,6,19,1,0,28.4,847.6,1.9,0,31.5,2.81
R04,BUS014,8,4,14,0,0,19.3,1727.0,0.58,0,37.6,5.51
R02,BUS010,5,2,22,0,0,19.1,1927.9,1.01,0,28.5,4.58
R06,BUS019,10,5,12,1,0,29.6,2833.2,2.35,1,35.6,8.36
R06,BUS005,8,3,17,0,1,16.1,1988.9,5.82,0,57.4,11.01
R05,BUS023,11,1,18,0,1,17.3,1049.2,5.94,0,77.0,5.79
R02,BUS017,10,6,22,1,0,35.1,539.4,1.75,0,19.3,1.75
R01,BUS016,2,0,13,0,0,20.6,2238.6,2.15,1,30.3,7.71
R06,BUS020,11,0,19,0,1,13.7,1213.2,4.32,0,75.9,7.14
R01,BUS014,9,1,6,0,0,26.8,1073.7,1.38,0,81.6,2.72
R03,BUS003,3,0,18,0,1,13.4,846.9,4.48,0,40.3,4.65
R03,BUS002,6,0,21,0,0,21.0,2131.1,1.16,0,48.9,6.53
R06,BUS009,9,0,22,0,0,28.8,1584.4,0.7,0,28.1,3.48
R05,BUS011,9,6,13,1,0,36.3,2079.2,1.21,0,25.2,4.29
R01,BUS017,11,2,10,0,1,8.1,1241.7,4.41,0,58.9,10.69
R03,BUS006,7,2,11,0,0,18.8,3276.8,2.08,0,20.0,11.6
R03,BUS014,8,1,13,0,0,27.2,2229.1,0.56,0,40.3,5.89
R06,BUS014,6,1,5,0,0,19.7,603.8,1.94,1,46.4,2.92
R05,BUS005,4,2,6,0,0,10.2,3040.1,0.43,0,12.7,18.41
R01,BUS006,5,2,9,0,1,15.7,3496.1,3.6,0,41.4,14.62
R06,BUS017,11,4,10,0,1,10.5,3254.1,5.42,1,54.7,21.07
R06,BUS012,11,4,7,0,0,17.4,2332.3,2.16,0,23.2,8.43
R01,BUS002,10,4,14,0,0,23.8,1362.3,0.79,1,34.7,3.67
R06,BUS024,2,3,22,0,0,12.8,984.3,0.41,0,37.5,4.27
R02,BUS003,4,1,9,0,1,13.2,2464.0,4.0,1,64.3,14.33
R04,BUS024,12,1,6,0,0,24.2,3149.4,1.52,0,51.0,7.68
R01,BUS021,8,6,8,1,0,30.0,1024.7,2.88,0,57.3,2.88
R04,BUS004,6,3,12,0,0,20.0,921.7,0.42,0,28.8,3.79
R06,BUS018,11,6,13,1,0,31.1,3038.4,0.69,0,67.2,5.75
R03,BUS017,9,1,10,0,1,14.1,1819.0,5.21,0,38.6,9.32
R06,BUS013,7,1,9,0,1,4.8,3040.8,4.88,0,58.9,39.96
R01,BUS020,8,5,12,1,0,31.2,1613.1,1.88,0,67.4,3.31
R06,BUS010,1,6,10,1,0,26.2,1192.8,1.23,2,22.5,4.83
R02,BUS003,4,2,14,0,0,31.5,1667.6,2.31,1,23.5,5.44
R03,BUS006,10,5,16,1,0,29.3,1528.9,2.24,0,22.5,4.18
R03,BUS012,3,1,20,0,1,12.3,2981.4,5.52,0,67.0,17.09
R03,BUS021,12,0,13,0,0,16.3,2798.7,2.61,0,39.3,10.13
R03,BUS016,5,6,9,1,0,26.4,1944.9,2.47,0,45.3,5.47
R03,BUS014,5,6,21,1,0,33.0,1331.0,2.21,0,32.7,4.22
R02,BUS016,6,5,20,1,0,24.9,2332.6,0.89,0,45.5,6.25
R06,BUS002,10,0,9,0,1,19.3,1871.2,6.72,0,36.8,8.52
R04,BUS015,9,0,22,0,0,20.3,995.5,2.44,0,30.1,4.17
R06,BUS019,10,6,16,1,0,28.9,828.7,1.37,0,38.6,2.25
R03,BUS001,3,6,16,1,0,24.9,1677.7,2.72,0,24.8,5.03
R06,BUS018,9,1,9,0,1,16.8,3353.2,5.44,0,60.6,15.42
R06,BUS009,1,1,11,0,0,13.9,1324.1,1.67,0,32.4,6.85
R01,BUS010,3,6,21,1,0,38.2,1019.9,1.93,1,33.5,1.83
R05,BUS012,5,2,6,0,0,17.4,852.2,0.01,0,25.6,2.91
R03,BUS013,1,2,19,0,1,17.1,832.4,5.22,1,89.9,5.62
R01,BUS016,8,0,9,0,1,19.3,2605.2,5.58,0,54.1,10.08
R04,BUS009,11,5,5,1,0,26.5,2610.3,1.94,0,10.1,7.35
R02,BUS004,11,6,8,1,0,32.3,2866.4,0.82,1,34.4,7.14
R05,BUS023,4,2,13,0,0,17.2,1960.5,1.69,0,30.6,7.72
R03,BUS012,2,1,20,0,1,14.8,1357.8,4.19,1,50.5,7.46
R04,BUS007,8,5,11,1,0,32.0,3068.6,1.25,0,18.5,6.05
R01,BUS010,8,4,13,0,0,14.9,1216.8,2.84,1,7.5,6.94
R04,BUS003,8,4,6,0,0,21.0,416.2,2.1,0,49.6,1.97
R04,BUS023,4,5,20,1,0,32.3,1266.7,2.38,0,52.1,3.51
R01,BUS018,10,6,14,1,0,28.1,3175.6,0.99,0,33.0,5.73
R06,BUS006,6,3,17,0,1,13.8,1190.9,5.29,0,63.8,6.6
R06,BUS022,1,2,16,0,0,24.3,1338.9,1.48,0,40.8,3.54
R02,BUS022,2,0,11,0,0,26.3,3275.5,0.65,0,24.2,7.99
R02,BUS012,12,3,10,0,1,15.0,726.7,6.86,0,53.4,5.74
R02,BUS004,11,1,5,0,0,25.1,629.6,2.42,0,53.3,2.22
R06,BUS010,5,6,10,1,0,26.5,1956.8,1.74,0,28.3,5.83
R01,BUS013,3,0,7,0,0,25.3,448.5,1.6,0,26.9,2.09
R06,BUS006,9,3,20,0,1,17.3,2435.0,7.08,0,58.9,10.84
R03,BUS020,2,3,16,0,0,16.6,869.7,1.49,0,40.2,2.74
R02,BUS019,1,1,14,0,0,13.5,2849.6,1.16,0,61.1,12.05
R01,BUS015,2,2,21,0,0,26.4,839.0,2.06,0,34.6,2.85
R06,BUS014,9,5,10,1,0,31.7,2125.2,2.45,0,30.3,6.29
R04,BUS016,2,3,17,0,1,16.3,1633.5,5.97,0,77.6,8.04
R06,BUS017,10,3,5,0,0,27.0,2303.0,0.41,1,56.4,4.88
R02,BUS022,1,0,13,0,0,26.4,2512.3,0.54,0,22.3,6.77
R05,BUS008,4,2,8,0,1,14.6,1736.4,5.54,0,52.9,8.0
R02,BUS006,10,6,17,1,0,21.7,3128.8,0.92,0,34.9,8.66
R06,BUS021,9,6,5,1,0,31.8,1266.6,2.81,0,9.3,3.93
R04,BUS008,1,1,15,0,0,30.2,2139.2,1.33,0,53.7,5.99
R06,BUS011,1,6,8,1,0,25.2,2248.3,1.83,1,45.5,6.63
R04,BUS023,10,1,10,0,1,20.4,3446.4,5.23,0,61.1,11.49
R01,BUS020,3,6,5,1,0,28.1,3348.7,1.79,0,8.9,7.2
R02,BUS024,8,0,15,0,0,17.8,699.4,2.0,1,45.7,3.78
R01,BUS013,9,1,14,0,0,20.6,694.7,0.04,0,22.5,2.25
R02,BUS010,4,1,5,0,0,21.9,3330.6,2.72,1,41.6,11.45
R06,BUS017,3,0,14,0,0,24.8,254.2,1.75,0,59.1,0.96
R02,BUS010,12,1,17,0,1,8.2,1950.8,5.78,1,57.4,17.21
R05,BUS004,6,0,21,0,0,24.1,2419.5,1.24,2,52.0,8.0
R01,BUS016,6,6,8,1,0,30.1,723.9,1.33,0,41.2,2.31
R03,BUS008,7,4,14,0,0,14.1,2985.9,1.2,0,64.4,12.38
R04,BUS015,2,0,17,0,1,17.2,1356.3,3.78,0,73.9,5.66
R01,BUS001,11,3,22,0,0,24.7,499.6,2.01,0,40.2,1.92
R06,BUS017,9,0,18,0,1,11.0,255.6,4.52,0,60.2,2.97
R04,BUS013,6,3,17,0,1,20.8,3303.1,5.08,0,72.2,10.52
R04,BUS006,8,5,17,1,0,31.6,2277.8,1.15,1,16.1,4.71
R06,BUS021,11,5,9,1,0,26.0,460.5,0.63,0,30.6,1.64
R01,BUS020,8,3,19,0,1,13.4,856.6,4.95,0,81.2,4.46
R06,BUS023,6,6,17,1,0,26.6,2269.4,2.57,0,22.2,5.43
R01,BUS014,8,2,19,0,1,12.4,2982.9,5.66,0,80.4,16.38
R02,BUS016,8,1,10,0,1,19.9,1142.4,6.06,0,69.9,7.0
R02,BUS012,7,4,12,0,0,23.6,427.4,0.34,0,15.6,0.3
R06,BUS021,12,5,11,1,0,33.6,1693.4,1.36,0,52.5,2.98
R06,BUS017,3,0,7,0,0,21.2,3158.0,0.58,0,29.3,9.62
R02,BUS021,1,3,10,0,1,13.5,702.8,2.82,1,93.2,3.76
R01,BUS002,1,3,16,0,0,25.1,525.8,1.72,0,28.7,1.05
R03,BUS009,8,3,19,0,1,16.9,1568.4,5.37,1,82.6,7.35
R05,BUS015,10,6,15,1,0,26.2,2724.0,2.12,0,33.8,7.12
R05,BUS015,4,5,14,1,0,32.1,829.3,1.61,0,22.8,3.81
R02,BUS009,10,1,22,0,0,20.3,1191.3,0.83,0,19.5,3.29
R02,BUS010,9,6,15,1,0,29.4,2007.7,1.51,0,57.4,4.49
R02,BUS008,12,4,6,0,0,17.4,2572.0,1.09,0,45.6,10.41
R06,BUS014,8,2,10,0,1,19.2,2425.7,5.47,0,44.9,9.61
R03,BUS021,10,5,7,1,0,20.8,3066.3,1.92,0,29.9,8.81
R04,BUS024,12,5,19,1,0,21.7,2182.0,1.0,0,51.1,6.05
R01,BUS023,11,5,16,1,0,27.5,696.2,2.56,0,33.7,1.57
R04,BUS024,12,0,6,0,0,31.5,1400.8,1.56,1,38.6,3.66
R03,BUS012,4,0,22,0,0,21.3,1687.3,0.35,0,33.1,4.62
R05,BUS024,5,2,5,0,0,26.3,2218.5,2.17,0,50.3,6.06
R02,BUS006,10,6,15,1,0,27.3,935.1,1.64,0,27.0,2.22
R03,BUS012,12,5,10,1,0,31.6,2214.6,1.44,0,40.5,5.63
R06,BUS018,8,4,13,0,0,25.6,1042.4,1.7,0,30.1,2.29
R01,BUS023,12,5,15,1,0,25.8,1625.2,1.82,0,29.2,4.28
R05,BUS003,6,3,20,0,1,14.4,2249.2,4.62,0,79.0,10.8
R04,BUS013,11,6,21,1,0,27.1,1569.8,2.43,0,25.2,5.3
R05,BUS012,10,4,14,0,0,19.1,350.7,0.06,0,17.3,1.1
R03,BUS008,3,2,8,0,1,16.0,1976.3,4.98,0,96.2,8.44
R02,BUS007,8,2,19,0,1,16.0,2289.9,5.29,0,76.6,9.59
R04,BUS011,2,6,20,1,0,23.7,825.2,1.75,0,33.5,2.67
R01,BUS017,2,0,11,0,0,31.4,2617.7,2.71,1,33.4,6.82
R05,BUS004,8,2,5,0,0,23.2,1380.9,1.2,0,45.9,3.59
R02,BUS001,8,5,20,1,0,28.9,1675.5,1.33,0,13.4,4.36
R03,BUS005,6,1,8,0,1,8.0,2091.4,5.08,0,55.2,17.92
R02,BUS018,3,0,6,0,0,11.3,3379.1,1.44,0,14.4,19.86
R03,BUS015,11,4,19,0,1,10.7,2298.7,5.28,1,67.1,15.36
R05,BUS009,5,5,21,1,0,34.0,233.1,0.67,0,21.0,0.42
R06,BUS014,4,1,17,0,1,12.6,2883.4,3.88,0,81.0,15.63
R06,BUS020,7,6,21,1,0,30.2,1235.1,1.52,1,22.9,3.35
R05,BUS004,10,0,7,0,0,27.2,1430.5,1.97,0,35.7,4.21
R06,BUS005,11,1,18,0,1,12.1,1340.4,5.05,0,87.1,9.34
R04,BUS021,10,2,20,0,1,13.7,341.9,4.68,1,58.2,5.18
R03,BUS022,9,6,19,1,0,23.7,3376.4,2.51,0,32.5,9.74
R03,BUS020,5,2,13,0,0,23.6,2073.2,1.65,2,42.4,8.17
R06,BUS016,1,2,13,0,0,21.5,1090.6,0.12,0,23.1,3.67
R04,BUS003,5,3,19,0,1,18.6,3372.0,4.35,0,61.8,13.32
R06,BUS007,10,3,10,0,1,11.1,2851.4,4.83,0,71.1,17.97
R02,BUS020,7,4,21,0,0,17.4,2809.3,2.06,0,43.8,10.91
R05,BUS022,11,0,13,0,0,30.7,2482.8,2.4,0,52.6,5.88
R02,BUS006,11,2,14,0,0,21.1,433.4,2.18,0,46.1,2.49
R03,BUS004,11,6,6,1,0,26.2,595.3,0.73,0,43.4,2.35
R06,BUS024,11,0,15,0,0,14.7,3109.2,1.77,0,34.4,13.82
R04,BUS010,1,1,5,0,0,17.0,1145.7,0.93,1,21.6,4.63
R01,BUS022,4,2,5,0,0,25.9,3190.2,1.84,0,43.4,7.92
R02,BUS016,1,6,15,1,0,29.5,817.7,0.0,0,27.3,2.77
R04,BUS022,11,6,17,1,0,24.0,3217.7,1.58,0,57.9,8.29
R04,BUS010,1,1,19,0,1,13.1,333.1,5.45,0,75.3,4.07
R01,BUS018,4,2,5,0,0,29.3,2580.3,1.53,0,13.6,5.09
R04,BUS011,8,2,19,0,1,18.6,2053.1,5.07,1,63.8,9.11
R04,BUS021,11,5,22,1,0,33.0,2748.0,2.3,0,72.8,6.74
R03,BUS010,11,2,9,0,1,11.5,2855.9,5.48,0,70.2,17.3
R01,BUS020,12,0,17,0,1,16.1,1771.7,4.43,0,71.5,8.52
R06,BUS012,3,1,16,0,0,21.7,476.8,1.66,1,28.6,1.88
R06,BUS005,10,6,13,1,0,29.2,544.5,1.17,0,33.0,1.14
R02,BUS002,10,6,8,1,0,23.4,1616.2,0.0,0,27.0,3.94
R02,BUS016,4,0,10,0,1,10.1,2943.1,5.3,1,66.3,21.13
R06,BUS015,5,1,6,0,0,26.2,1184.9,0.7,0,58.3,3.45
R06,BUS006,1,4,19,0,1,15.4,508.7,5.27,0,43.3,4.88
R01,BUS018,2,4,22,0,0,24.2,2634.0,1.38,0,16.1,7.44
R03,BUS012,3,4,11,0,0,19.7,1940.7,2.18,1,43.9,7.75
R01,BUS013,12,4,7,0,0,21.9,3119.8,1.57,0,36.9,9.96
R04,BUS013,10,6,17,1,0,28.7,2971.5,1.81,0,29.7,6.98
R02,BUS001,7,5,11,1,0,32.5,2035.8,1.19,0,49.2,4.34
R04,BUS007,9,5,21,1,0,24.6,452.7,0.25,0,64.6,0.75
R03,BUS002,5,5,20,1,0,29.4,847.4,1.77,0,15.6,2.78
R01,BUS018,2,6,10,1,0,32.0,2299.2,2.75,0,38.8,5.49
R06,BUS022,5,3,6,0,0,21.8,3429.5,1.02,0,47.7,9.82
R05,BUS007,4,6,12,1,0,29.6,2849.5,2.51,0,32.1,7.07
R05,BUS011,5,0,15,0,0,24.5,1474.1,2.54,0,38.0,5.28
R06,BUS014,11,6,7,1,0,27.0,1333.8,2.44,0,6.0,4.14
R03,BUS019,6,3,17,0,1,21.7,3055.2,4.85,0,84.7,10.32
R02,BUS007,4,5,9,1,0,27.1,1535.9,1.0,0,49.4,4.16
R04,BUS023,12,3,16,0,0,23.7,2917.7,0.65,0,26.9,8.04
R01,BUS003,5,0,10,0,1,15.1,1713.1,5.64,0,82.9,8.97
R04,BUS017,3,3,21,0,0,20.2,3369.6,2.5,0,50.0,11.12
R04,BUS022,12,3,18,0,1,9.8,2023.9,7.18,0,47.1,15.59
R03,BUS024,9,3,11,0,0,11.7,324.9,1.76,0,27.7,2.0
R04,BUS022,12,1,5,0,0,20.3,2777.3,1.54,0,17.2,8.98
R02,BUS007,3,4,15,0,0,29.6,3039.8,2.57,0,49.6,6.47
R05,BUS012,4,2,16,0,0,22.9,490.4,1.17,0,43.2,1.07
R01,BUS014,10,6,6,1,0,26.1,1901.2,0.0,0,29.6,3.73
R01,BUS001,7,4,17,0,1,19.2,1260.0,5.4,0,55.3,6.52
R02,BUS009,8,5,10,1,0,32.0,2060.7,1.4,0,50.4,5.23
R06,BUS017,9,6,11,1,0,20.9,3424.1,1.27,0,38.8,11.79
R04,BUS001,3,2,15,0,0,19.2,3285.3,1.55,1,34.2,11.9
R05,BUS023,11,1,6,0,0,21.1,2613.0,1.5,0,40.0,8.77
R04,BUS010,6,5,19,1,0,27.2,2578.4,2.12,1,27.5,8.33
R01,BUS011,1,4,13,0,0,25.2,3415.8,1.19,0,5.0,9.27
R03,BUS021,4,2,12,0,0,19.8,1487.1,2.16,0,69.4,5.53
R05,BUS004,8,2,20,0,1,15.0,2488.2,5.87,1,83.4,13.54
R05,BUS013,10,6,8,1,0,33.3,2490.7,1.29,0,43.4,5.32
R06,BUS011,6,6,13,1,0,23.0,616.9,1.46,0,35.2,2.58
R06,BUS003,8,5,21,1,0,26.8,962.6,1.59,0,42.3,3.68
R05,BUS012,1,2,8,0,1,8.1,745.4,4.18,0,60.1,8.05
R01,BUS011,10,6,12,1,0,30.8,1337.7,0.26,0,29.9,2.41
R05,BUS021,7,3,18,0,1,15.8,2372.2,6.03,0,80.7,11.07
R05,BUS016,2,5,21,1,0,30.2,3381.2,1.77,0,43.5,6.66
R01,BUS002,12,4,10,0,1,10.4,1341.4,6.25,0,70.5,9.7
R01,BUS012,11,6,7,1,0,16.5,2048.8,1.97,2,44.9,10.69
R06,BUS014,10,0,8,0,1,18.1,1423.8,3.87,1,64.6,7.77
R04,BUS008,8,5,22,1,0,43.7,990.8,0.94,1,33.5,3.31
R04,BUS019,1,0,12,0,0,18.8,751.1,1.09,0,52.4,1.89
R02,BUS002,1,2,8,0,1,14.6,2238.7,4.11,0,63.9,11.04
R06,BUS013,6,1,12,0,0,19.9,1909.6,2.25,0,39.4,6.18
R01,BUS012,5,0,7,0,0,24.0,694.7,2.34,0,42.3,2.08
R02,BUS020,8,2,15,0,0,22.0,1393.2,1.44,0,19.0,4.82
R01,BUS012,12,1,16,0,0,17.3,364.3,1.56,1,31.4,2.37
R02,BUS010,10,2,18,0,1,20.3,1484.3,5.32,1,63.0,7.39
R04,BUS014,4,6,11,1,0,33.9,2807.6,2.29,0,34.1,6.12
R05,BUS011,11,1,7,0,0,26.9,2979.1,1.36,0,35.8,7.28
R03,BUS012,9,5,17,1,0,27.1,343.3,0.36,0,17.4,1.43
R03,BUS017,7,4,17,0,1,15.0,2212.7,5.21,0,81.5,11.93
R05,BUS011,10,4,8,0,1,15.5,2852.0,5.5,0,66.2,13.57
R03,BUS018,10,3,6,0,0,23.7,2572.6,2.56,1,37.6,8.99
R06,BUS004,8,3,9,0,1,17.6,3108.2,4.83,1,74.8,13.24
R04,BUS014,7,0,20,0,1,10.7,1108.6,5.23,0,61.0,7.4
R02,BUS023,2,1,15,0,0,23.1,2470.0,0.45,0,43.9,6.66
R05,BUS020,10,4,22,0,0,17.6,2445.7,1.62,0,29.7,9.21
R01,BUS024,9,2,13,0,0,24.5,2623.2,2.35,1,21.4,8.65
R02,BUS009,7,6,17,1,0,27.6,2927.8,2.78,0,41.7,7.78
R01,BUS007,7,3,18,0,1,23.6,2627.0,5.45,0,78.8,9.37
R01,BUS005,11,3,8,0,1,19.1,2815.2,4.98,0,62.7,10.25
R03,BUS017,2,6,16,1,0,19.8,1071.8,0.11,1,45.4,4.88
R02,BUS017,3,3,9,0,1,16.3,2085.3,4.6,1,39.7,10.98
R02,BUS003,1,1,7,0,0,16.3,2808.3,1.46,0,31.8,10.78
R01,BUS008,7,5,6,1,0,25.2,1360.3,1.87,0,69.4,4.48
R04,BUS003,12,3,5,0,0,24.6,1591.8,2.31,0,38.9,5.62
R05,BUS001,1,3,5,0,0,25.8,3467.7,1.36,0,30.0,8.87
R01,BUS014,7,1,7,0,0,23.1,2789.5,0.0,0,15.6,6.63
R04,BUS007,11,3,21,0,0,17.4,2482.0,0.98,0,49.7,7.79
R05,BUS016,9,2,18,0,1,11.8,1475.5,5.4,0,63.8,9.4
R03,BUS011,7,0,16,0,0,23.5,840.6,1.48,0,20.7,3.61
R06,BUS016,1,1,17,0,1,11.7,3385.5,5.63,1,66.0,19.99
R01,BUS008,6,3,6,0,0,23.1,1884.8,0.75,2,39.0,7.42
R01,BUS007,8,4,12,0,0,24.1,2405.2,1.61,0,47.8,6.8
R02,BUS006,8,2,13,0,0,22.6,2838.7,2.06,0,41.7,8.63
R02,BUS018,3,1,8,0,1,15.6,1606.7,6.97,2,91.9,10.42
R06,BUS016,12,5,16,1,0,21.5,368.1,3.07,1,54.2,3.1
R04,BUS002,10,2,19,0,1,15.3,586.2,3.81,2,59.0,5.94
R05,BUS022,4,1,6,0,0,26.9,1001.6,1.77,2,24.7,5.21
R03,BUS020,9,6,16,1,0,28.2,2458.3,2.64,0,36.9,6.43
R01,BUS009,10,2,12,0,0,21.3,1984.0,1.14,0,56.8,6.43
R05,BUS003,7,5,21,1,0,29.8,3440.7,2.6,0,53.5,8.58
R03,BUS011,3,0,16,0,0,11.7,1133.0,0.13,0,28.6,6.68
R06,BUS017,6,3,14,0,0,12.1,917.6,1.74,0,50.8,5.15
R01,BUS024,2,6,11,1,0,24.5,1135.6,1.11,0,17.3,3.07
R05,BUS010,9,5,18,1,0,27.7,2370.5,1.56,1,34.1,6.53
R03,BUS019,3,1,11,0,0,30.3,1557.3,3.54,0,23.7,2.97
R05,BUS017,8,0,16,0,0,26.8,1007.0,0.24,1,39.5,2.43
R03,BUS003,12,4,9,0,1,6.9,3158.9,4.42,0,70.3,28.59
R05,BUS005,3,3,16,0,0,19.3,2183.3,2.11,0,47.0,7.96
R02,BUS017,3,2,8,0,1,13.2,3402.0,3.8,2,66.5,18.76
R01,BUS009,11,0,13,0,0,11.2,1430.5,1.67,0,45.7,8.18
R01,BUS014,8,2,16,0,0,17.7,1101.6,0.56,0,43.4,3.77
R05,BUS008,8,5,6,1,0,29.6,2454.6,1.93,0,60.6,5.92
R05,BUS012,3,2,16,0,0,21.0,3119.3,0.15,0,34.4,9.13
R06,BUS021,2,5,15,1,0,25.8,1934.5,1.53,0,31.6,4.03
R05,BUS010,4,5,16,1,0,37.1,2969.2,1.81,0,20.9,6.65
R06,BUS001,4,2,10,0,1,17.6,1499.8,5.17,2,66.8,10.68
R06,BUS007,8,3,12,0,0,11.5,1821.2,0.57,1,30.8,9.69
R01,BUS013,10,2,12,0,0,15.7,3467.7,1.43,0,12.6,13.22
R02,BUS017,7,3,12,0,0,16.4,795.2,1.92,1,62.6,4.58
R02,BUS016,1,1,9,0,1,5.8,879.9,5.01,0,45.6,11.39
R02,BUS008,5,2,16,0,0,16.5,765.5,1.92,0,39.1,2.89
R03,BUS018,8,4,17,0,1,12.2,2533.5,4.52,0,45.7,15.27
R03,BUS007,6,4,18,0,1,11.3,2826.9,5.19,1,57.4,19.77
R06,BUS005,1,0,11,0,0,21.1,2811.1,1.06,2,37.4,9.54
R03,BUS023,6,4,13,0,0,4.7,1298.7,2.1,0,27.6,16.33
R01,BUS023,2,2,16,0,0,25.6,3104.6,1.19,0,44.1,8.06
R04,BUS007,8,2,17,0,1,21.3,2876.7,5.15,0,64.0,10.38
R05,BUS010,3,0,16,0,0,30.6,2365.1,0.71,0,30.1,4.63
R04,BUS023,12,3,10,0,1,14.3,2021.8,5.79,0,52.6,11.3
R02,BUS013,11,0,9,0,1,19.6,2167.0,5.98,1,52.7,8.73
R06,BUS016,11,5,7,1,0,31.8,2980.3,1.05,0,22.1,7.3
R02,BUS008,7,2,14,0,0,21.2,2553.2,0.09,1,29.7,7.57
R04,BUS015,9,1,19,0,1,16.6,2931.6,4.76,2,79.0,14.62
R01,BUS002,7,6,8,1,0,31.1,3392.3,2.34,1,34.8,7.5
R06,BUS011,6,2,19,0,1,18.5,1732.7,5.44,1,50.6,8.18
R01,BUS022,11,6,8,1,0,27.2,1732.8,2.51,0,58.9,5.55
R04,BUS021,3,1,7,0,0,29.1,2268.2,1.59,0,35.6,6.29
R06,BUS012,11,4,16,0,0,17.3,1798.7,1.2,0,38.5,6.8
R03,BUS004,8,4,17,0,1,14.3,1945.5,5.6,0,61.1,11.61
R04,BUS014,8,3,15,0,0,29.4,654.8,1.59,0,52.2,2.25
R05,BUS002,7,4,8,0,1,15.3,1295.4,5.77,0,38.2,7.41
R01,BUS014,4,4,7,0,0,23.2,2938.1,2.03,0,37.6,8.59
R04,BUS017,6,3,7,0,0,16.0,1584.0,2.27,1,61.9,6.89
R03,BUS013,4,2,21,0,0,29.0,1052.8,1.73,0,38.1,2.3
R01,BUS014,9,0,13,0,0,24.0,235.1,1.86,0,31.4,2.17
R02,BUS023,1,0,9,0,1,17.8,2277.4,5.61,0,72.9,9.47
R01,BUS019,12,1,18,0,1,7.2,1427.7,5.7,0,74.6,13.73
R06,BUS001,9,3,9,0,1,10.6,247.5,6.33,2,92.4,6.41
R03,BUS021,9,5,16,1,0,23.6,2856.3,2.18,1,31.6,7.68
R03,BUS020,1,1,6,0,0,19.7,2886.1,1.93,0,34.9,10.65
R02,BUS016,2,4,8,0,1,17.0,523.5,3.72,0,49.9,1.39
R04,BUS023,4,0,19,0,1,11.6,232.1,4.5,0,53.1,2.84
R04,BUS023,10,0,17,0,1,18.6,1029.7,4.84,0,69.3,5.75
R01,BUS012,11,0,12,0,0,20.8,2822.8,2.66,0,5.0,9.96
R04,BUS008,1,5,15,1,0,31.2,2658.6,1.2,0,58.5,4.69
R02,BUS012,11,5,6,1,0,25.5,2058.4,0.95,0,46.9,4.56
R06,BUS002,2,3,15,0,0,22.6,337.9,0.8,1,32.6,1.48
R01,BUS007,12,1,15,0,0,12.0,929.3,0.85,0,46.1,4.29
R04,BUS023,4,3,13,0,0,31.3,1029.9,1.15,0,52.7,2.02
R03,BUS007,5,0,18,0,1,16.5,2909.4,6.57,1,64.0,13.23
R06,BUS010,1,5,14,1,0,19.5,2284.8,1.52,0,47.5,7.99
R01,BUS016,8,3,15,0,0,27.5,3372.1,0.59,0,48.3,7.61
R05,BUS010,10,2,15,0,0,26.5,1813.1,1.91,0,17.0,5.01
R04,BUS012,1,3,22,0,0,17.9,470.3,1.73,1,15.1,3.12
R05,BUS022,9,6,17,1,0,25.3,2925.7,0.25,0,29.4,7.59
R05,BUS014,7,3,13,0,0,22.3,2347.3,2.69,0,31.6,7.94
R06,BUS023,11,4,15,0,0,27.7,770.2,0.89,0,56.5,1.87
R01,BUS021,7,0,16,0,0,28.7,765.8,1.62,0,19.3,0.7
R01,BUS010,4,6,8,1,0,28.6,1927.0,1.38,1,40.6,6.56
R03,BUS015,8,3,6,0,0,19.2,1347.0,0.63,0,10.6,4.13
R06,BUS024,8,2,20,0,1,19.3,1989.2,5.47,2,71.1,11.47
R02,BUS008,3,2,8,0,1,19.4,2574.3,4.15,0,73.7,9.99
R03,BUS024,1,5,19,1,0,26.4,2122.0,2.15,0,15.6,5.87
R06,BUS021,3,5,22,1,0,33.1,1179.7,1.87,1,43.7,3.11
R06,BUS015,8,6,9,1,0,26.9,1694.5,0.36,0,41.5,3.92
R01,BUS003,7,2,9,0,1,18.1,553.7,6.08,1,64.0,4.95
R04,BUS011,7,3,15,0,0,15.2,676.8,1.62,0,41.4,4.21
R06,BUS022,7,0,21,0,0,23.2,2502.5,2.15,1,56.1,7.54
R05,BUS019,9,1,5,0,0,22.7,3223.4,1.27,0,18.1,9.49
R01,BUS002,8,6,17,1,0,23.4,1602.0,0.79,0,36.5,4.53
R06,BUS001,12,1,7,0,0,12.3,3424.7,1.79,1,30.5,18.16
R06,BUS024,6,0,18,0,1,18.2,1964.2,5.56,0,52.7,9.44
R02,BUS018,6,0,13,0,0,20.7,2904.9,1.37,0,50.5,9.32
R03,BUS024,5,5,17,1,0,21.0,517.9,2.61,0,25.3,2.51
R04,BUS011,5,0,6,0,0,19.1,3444.6,2.1,0,5.0,11.89
R05,BUS022,6,2,17,0,1,16.4,676.3,5.69,2,79.7,6.38
R03,BUS010,9,5,21,1,0,30.8,1214.3,0.79,1,23.6,4.08
R01,BUS005,8,0,8,0,1,15.9,2143.2,5.76,0,49.4,10.1
R02,BUS004,2,2,22,0,0,31.0,2608.6,0.79,0,56.0,5.33
R05,BUS015,3,0,19,0,1,9.9,2563.7,4.34,0,64.9,17.37
R03,BUS024,2,1,14,0,0,19.0,3233.7,1.56,0,33.7,10.01
R02,BUS009,8,6,15,1,0,16.9,3321.8,1.55,0,43.0,12.51
R02,BUS014,8,1,15,0,0,22.1,455.6,2.1,0,61.5,2.11
R01,BUS022,10,5,17,1,0,24.4,1496.5,3.04,0,58.2,4.84
R05,BUS017,12,2,15,0,0,21.4,2996.6,1.2,0,32.8,7.6
R02,BUS010,1,4,22,0,0,19.3,1470.2,1.47,1,22.9,6.45
R01,BUS007,9,3,19,0,1,15.0,2833.1,4.97,1,83.0,13.59
R01,BUS008,1,5,20,1,0,28.8,2937.0,1.08,2,36.9,9.53
R03,BUS022,12,5,8,1,0,22.8,2734.9,1.61,0,35.7,7.4
R01,BUS013,2,4,21,0,0,28.3,1394.9,0.34,0,34.5,2.44
R06,BUS022,10,4,6,0,0,21.7,2894.2,1.96,0,33.1,8.53
R01,BUS002,3,2,8,0,1,14.6,817.6,4.81,0,59.3,6.23
R02,BUS008,6,0,6,0,0,24.6,3218.8,2.68,0,20.9,8.26
R06,BUS018,3,2,16,0,0,26.2,1051.3,0.0,0,51.0,1.95
R06,BUS007,8,2,13,0,0,19.0,637.7,2.16,1,10.6,3.58
R01,BUS005,8,3,18,0,1,18.8,2859.1,6.26,1,84.4,13.2
R06,BUS001,5,0,7,0,0,21.7,1320.6,1.05,0,29.5,3.83
R06,BUS008,8,5,20,1,0,29.3,3399.2,0.93,0,21.4,8.46
R03,BUS017,10,3,16,0,0,27.3,3440.1,2.06,2,23.2,10.39
R02,BUS009,1,2,5,0,0,24.0,1269.1,1.77,1,38.6,4.29
R02,BUS016,10,6,5,1,0,29.5,2328.3,1.58,1,16.0,4.91
R04,BUS019,7,6,10,1,0,30.8,2624.5,1.92,0,28.7,5.58
R02,BUS005,8,1,22,0,0,20.3,612.8,1.5,0,42.8,2.92
R02,BUS010,1,2,12,0,0,20.3,357.1,2.56,0,38.5,1.66
R06,BUS002,3,2,5,0,0,28.0,757.9,0.73,0,33.3,2.03
R05,BUS024,5,6,16,1,0,32.0,1418.7,1.13,0,38.3,3.76
R03,BUS004,3,6,10,1,0,23.5,2988.8,2.41,0,32.0,9.75
R04,BUS009,2,0,14,0,0,23.4,2223.1,0.62,0,48.0,5.1
R02,BUS014,7,5,15,1,0,28.9,1198.8,2.15,0,35.1,2.97
R03,BUS015,4,1,7,0,0,35.4,1234.9,1.56,0,69.8,2.13
R04,BUS019,6,3,14,0,0,27.9,1436.1,2.87,0,68.6,2.71
R01,BUS014,8,0,5,0,0,20.4,1227.6,2.65,1,33.8,5.27
R06,BUS020,6,0,10,0,1,17.2,2164.8,4.76,0,56.3,9.31
R06,BUS011,4,2,17,0,1,14.3,1470.8,4.87,0,65.7,8.92
R01,BUS014,2,6,11,1,0,40.6,1785.4,1.63,1,35.4,2.9
R06,BUS019,11,2,18,0,1,13.2,1412.6,4.67,0,76.8,8.99
R05,BUS023,6,4,20,0,1,15.9,2534.8,4.58,1,61.1,13.72
R02,BUS023,8,1,17,0,1,17.6,2551.6,3.95,0,77.4,11.15
R06,BUS019,5,1,15,0,0,28.0,968.3,1.26,2,20.6,4.95
R06,BUS023,2,4,16,0,0,22.1,1251.0,0.85,0,45.8,4.04
R06,BUS017,6,1,6,0,0,27.6,375.9,1.95,0,70.3,1.81
R05,BUS019,8,4,14,0,0,25.5,2192.9,0.66,0,39.5,6.14
R03,BUS019,11,5,16,1,0,28.1,577.9,1.68,0,39.7,1.83
R04,BUS022,12,1,22,0,0,20.9,825.9,0.58,0,36.5,2.76
R04,BUS013,9,1,9,0,1,13.9,2347.0,5.4,0,72.3,11.57
R04,BUS019,4,1,21,0,0,25.6,2966.2,1.65,1,37.0,9.19
R04,BUS016,11,3,18,0,1,16.4,522.8,5.24,0,97.5,4.65
R02,BUS015,12,1,9,0,1,14.3,2241.7,4.49,0,71.3,11.55
R05,BUS019,11,3,18,0,1,9.5,346.6,5.61,0,61.5,5.72
R04,BUS020,1,6,6,1,0,24.4,2183.5,2.85,0,41.1,6.24
R01,BUS011,5,5,11,1,0,33.9,547.3,1.89,0,38.8,2.87
R02,BUS006,1,5,16,1,0,25.5,2068.9,0.91,0,35.8,5.5
R03,BUS002,10,0,12,0,0,21.7,941.0,1.43,1,49.6,4.67
R04,BUS016,2,1,8,0,1,16.6,2143.8,6.17,2,37.8,11.84
R05,BUS015,6,5,5,1,0,18.7,1523.1,1.77,0,26.1,5.44
R06,BUS021,9,0,15,0,0,20.0,2670.9,1.74,0,29.1,8.03
R06,BUS012,4,4,20,0,1,14.4,1400.7,5.15,0,75.8,9.09
R01,BUS008,7,4,16,0,0,21.1,543.6,1.31,0,47.0,1.72
R06,BUS007,10,2,22,0,0,19.3,2456.2,0.86,0,14.7,7.86
R02,BUS015,2,3,22,0,0,19.6,2552.8,2.73,0,46.2,9.24
R05,BUS001,5,4,19,0,1,19.3,2386.5,3.65,1,68.7,9.57
R03,BUS015,1,1,12,0,0,22.7,1539.7,1.96,0,43.3,5.51
R04,BUS001,5,6,16,1,0,24.2,439.8,0.76,0,46.0,2.15
R04,BUS019,2,3,17,0,1,15.8,2026.0,5.93,1,59.5,10.57
R02,BUS004,7,5,6,1,0,17.2,1860.6,0.9,0,24.5,6.47
R03,BUS021,6,3,10,0,1,16.9,3133.0,3.21,1,59.2,13.01
R06,BUS001,5,5,13,1,0,28.5,3360.0,1.28,1,57.5,8.34
R01,BUS002,7,0,18,0,1,11.3,3399.6,5.24,0,79.7,20.63
R02,BUS015,6,6,15,1,0,34.2,459.5,1.27,0,20.4,1.15
R04,BUS017,12,0,14,0,0,28.3,3463.2,1.46,0,5.0,9.08
R04,BUS004,4,5,6,1,0,30.7,2730.2,2.5,0,64.0,5.52
R03,BUS004,5,6,22,1,0,34.5,783.1,1.38,0,57.5,2.07
R06,BUS016,9,2,6,0,0,23.3,2371.9,2.15,0,49.9,7.42
R05,BUS007,3,5,17,1,0,29.9,725.0,2.69,1,31.4,3.64
R04,BUS011,7,5,20,1,0,30.3,2580.1,2.01,1,38.7,6.57
R05,BUS023,3,1,6,0,0,24.0,1826.4,1.86,0,40.0,5.84
R03,BUS013,4,6,14,1,0,26.0,2463.9,1.48,0,32.5,6.33
R06,BUS020,9,2,9,0,1,17.9,1684.7,4.42,0,98.2,6.71
R02,BUS005,5,0,15,0,0,29.5,3460.6,1.03,1,19.4,7.8
R04,BUS004,3,6,20,1,0,28.8,1493.3,1.98,0,33.1,3.42
R01,BUS013,7,5,16,1,0,20.5,2090.0,1.14,0,22.9,6.25
R06,BUS001,5,1,9,0,1,19.5,1015.6,4.64,0,59.2,4.53
R05,BUS016,1,4,8,0,1,17.5,2947.7,6.32,0,52.2,13.4
R04,BUS016,1,2,6,0,0,11.5,1946.1,1.16,0,30.9,11.61
R01,BUS024,9,4,9,0,1,15.8,2844.5,5.4,0,52.6,11.8
R01,BUS016,3,1,9,0,1,16.7,1863.4,4.98,0,76.1,8.17
R04,BUS018,12,0,21,0,0,20.5,1092.2,2.76,0,33.9,4.82
R06,BUS020,4,3,8,0,1,13.5,3464.5,4.74,0,69.7,17.43
R04,BUS024,6,5,15,1,0,14.1,3215.2,2.12,0,44.1,15.16
R03,BUS022,4,6,19,1,0,30.0,1485.4,1.45,0,28.8,3.86
R06,BUS007,2,0,7,0,0,21.4,1888.0,1.74,0,29.6,5.71
R06,BUS007,2,5,13,1,0,28.4,611.7,0.84,0,38.9,2.02
R03,BUS015,5,6,7,1,0,30.8,2969.7,2.34,0,28.1,6.93
R04,BUS018,7,3,21,0,0,19.0,2476.2,2.18,1,48.9,8.78
R05,BUS003,5,4,19,0,1,12.8,2345.1,5.28,0,64.0,12.46
R05,BUS015,11,5,14,1,0,34.3,1146.4,0.39,0,30.0,1.38
R03,BUS023,10,5,15,1,0,27.3,1679.1,0.33,0,24.4,3.72
R06,BUS004,7,5,11,1,0,30.9,3177.1,0.83,1,38.1,8.33
R05,BUS008,7,0,8,0,1,13.6,1208.2,6.28,1,77.8,8.13
R02,BUS022,5,6,7,1,0,27.4,967.2,1.96,0,24.7,3.31
R02,BUS006,12,6,10,1,0,27.1,2215.8,1.09,1,20.8,6.95
R03,BUS014,11,4,20,0,1,8.5,2505.5,5.35,0,44.8,20.14
R06,BUS019,8,1,17,0,1,11.3,2068.5,3.97,0,58.2,12.88
R01,BUS024,12,6,6,1,0,30.2,718.3,1.56,0,41.0,2.81
R06,BUS024,1,3,6,0,0,30.3,1044.3,1.03,0,58.9,2.81
R05,BUS022,7,5,5,1,0,19.2,692.6,0.87,1,31.6,4.34
R04,BUS024,10,5,16,1,0,25.7,644.2,1.75,0,48.6,2.95
R05,BUS023,11,4,8,0,1,9.8,1004.2,5.64,0,54.2,9.47
R04,BUS018,8,5,16,1,0,27.7,1743.8,1.16,0,45.1,3.89
R05,BUS022,1,1,14,0,0,10.5,2274.4,1.21,1,20.7,15.05
R03,BUS017,1,5,17,1,0,30.4,3067.2,2.38,1,42.1,7.98
R01,BUS023,10,3,19,0,1,14.4,3058.2,6.04,0,62.1,16.24
R04,BUS020,11,0,20,0,1,8.8,2264.7,4.15,0,56.4,15.71
R04,BUS004,10,5,20,1,0,29.1,2562.9,2.26,0,22.7,6.68
R01,BUS016,7,6,22,1,0,29.7,2616.8,1.57,0,29.6,6.08
R06,BUS002,12,6,21,1,0,35.1,3000.8,1.06,0,32.6,5.3
R01,BUS003,8,0,18,0,1,13.4,2865.6,5.38,0,75.1,14.21
R05,BUS021,6,5,17,1,0,28.6,1875.3,1.3,0,36.3,4.64
R01,BUS011,5,3,7,0,0,20.9,1705.8,2.12,1,7.5,5.84
R05,BUS013,1,2,8,0,1,13.0,2526.9,4.5,0,45.0,14.43
R04,BUS006,7,2,14,0,0,18.0,3296.5,0.9,1,45.5,12.09
R01,BUS002,10,3,9,0,1,11.5,638.6,6.5,1,80.0,8.24
R06,BUS004,6,0,8,0,1,13.6,1508.1,5.42,0,84.7,9.0
R03,BUS006,9,1,11,0,0,19.0,2617.4,3.02,0,9.1,8.34
R05,BUS001,8,5,19,1,0,28.1,1812.2,1.33,0,59.4,4.66
R06,BUS020,2,0,8,0,1,12.1,3400.3,3.96,0,73.6,19.65
R06,BUS022,4,2,19,0,1,13.0,2095.6,4.39,0,65.6,10.42
R04,BUS014,4,6,22,1,0,32.2,1063.9,1.02,1,24.5,4.24
R02,BUS015,11,5,10,1,0,33.6,1262.0,0.63,0,7.2,1.91
R02,BUS013,1,0,19,0,1,15.2,2153.4,4.2,0,92.0,8.82
R06,BUS019,6,0,8,0,1,15.4,752.2,4.69,0,71.3,4.25
R02,BUS005,9,4,9,0,1,11.9,1533.6,4.48,0,65.2,9.13
R01,BUS020,7,4,7,0,0,29.7,2474.4,0.42,0,46.8,4.96
R05,BUS013,5,5,5,1,0,32.3,1734.6,1.04,0,40.2,3.38
R06,BUS002,11,1,9,0,1,11.5,538.1,3.84,0,87.4,4.83
R05,BUS005,11,6,8,1,0,32.0,2055.9,2.06,0,5.0,4.15
R04,BUS001,2,2,15,0,0,25.5,2089.6,1.18,0,51.8,4.91
R06,BUS005,3,4,11,0,0,20.2,1134.9,2.11,0,39.1,4.96
R01,BUS021,5,2,21,0,0,23.7,2079.7,2.89,2,51.7,9.57
R01,BUS019,11,1,10,0,1,14.8,1756.5,5.72,1,80.0,10.24
R01,BUS018,11,1,11,0,0,19.8,936.2,0.4,0,18.7,2.72
R06,BUS006,6,6,12,1,0,27.8,2132.5,1.66,1,43.3,4.28
R05,BUS001,12,5,15,1,0,28.9,2965.6,2.09,1,33.6,7.66
R05,BUS013,5,1,15,0,0,16.5,2864.9,1.78,0,48.9,11.78
R03,BUS004,8,0,19,0,1,11.4,3331.5,4.45,0,86.6,19.27
R03,BUS015,6,0,10,0,1,18.6,1081.1,5.15,0,81.1,5.76
R01,BUS023,8,3,21,0,0,26.5,3121.3,1.05,0,43.7,8.07
R06,BUS014,7,0,12,0,0,18.8,3257.4,0.14,0,37.8,10.3
R04,BUS023,11,1,12,0,0,20.2,708.1,1.46,0,61.7,1.92
R01,BUS010,12,2,15,0,0,24.6,1577.5,2.35,0,24.4,4.12
R06,BUS020,9,1,10,0,1,10.5,1668.6,4.63,0,77.1,10.44
R06,BUS023,4,0,5,0,0,12.8,3245.4,1.14,0,10.6,16.01
R02,BUS024,8,1,11,0,0,22.8,1076.9,1.55,0,13.6,3.16
R06,BUS010,6,2,14,0,0,20.1,1119.8,0.38,0,45.3,3.97
R05,BUS016,6,2,19,0,1,13.8,3347.3,4.91,2,66.5,18.42
R02,BUS018,11,0,20,0,1,15.0,2494.8,3.21,0,68.9,10.6
R03,BUS016,3,6,11,1,0,24.5,494.4,0.0,0,21.3,1.19
R06,BUS003,2,4,9,0,1,14.6,2475.9,5.96,1,78.8,13.74
R05,BUS006,10,2,18,0,1,16.4,1795.3,4.91,0,70.0,8.41
R03,BUS008,11,6,16,1,0,24.2,2906.1,0.33,0,56.6,8.04
R04,BUS009,12,1,14,0,0,16.0,2032.7,3.07,1,27.6,9.48
R02,BUS012,4,6,21,1,0,23.7,963.3,0.0,1,56.4,2.92
R04,BUS011,4,0,8,0,1,12.8,3333.9,4.01,0,68.0,17.65
R01,BUS006,9,1,15,0,0,31.1,3238.2,0.63,0,24.0,6.14
R04,BUS014,5,4,13,0,0,23.7,3386.0,0.98,0,49.2,9.43
R04,BUS003,10,0,22,0,0,12.8,274.1,1.83,1,53.9,2.7
R02,BUS009,2,4,20,0,1,18.9,3299.1,5.6,0,48.3,12.7
R04,BUS013,7,4,22,0,0,19.7,3226.5,1.75,0,38.7,11.11
R02,BUS021,3,2,22,0,0,21.6,3209.4,1.11,1,28.3,9.94
R01,BUS003,1,4,17,0,1,15.4,985.2,5.75,1,65.4,6.99
R02,BUS006,12,3,17,0,1,14.0,1131.5,4.6,1,57.6,7.19
R06,BUS010,7,6,18,1,0,21.7,1045.0,0.64,0,35.4,2.48
R04,BUS001,8,1,19,0,1,15.2,3280.9,5.21,0,71.2,14.75
R03,BUS003,12,2,7,0,0,32.2,1249.7,2.3,0,55.5,4.14
R02,BUS016,3,6,15,1,0,26.1,1687.5,0.87,0,27.8,4.11
R01,BUS006,1,0,19,0,1,14.7,1526.1,4.77,0,93.8,8.91
R02,BUS016,9,6,14,1,0,29.9,392.7,0.29,1,43.5,2.25
R04,BUS020,1,3,11,0,0,26.6,1354.7,2.76,0,18.7,3.72
R04,BUS023,8,4,13,0,0,22.4,3081.5,2.52,0,34.2,9.58
R01,BUS005,8,1,19,0,1,11.0,233.5,5.41,0,59.2,3.36
R04,BUS002,3,3,5,0,0,27.2,1305.9,2.77,0,24.7,3.88
R01,BUS011,10,2,19,0,1,11.0,547.4,5.73,0,62.9,5.05
R04,BUS023,12,6,6,1,0,29.9,1631.7,2.21,1,26.8,4.32
R05,BUS016,11,1,21,0,0,22.9,1335.3,2.19,0,20.3,4.46
R01,BUS002,12,0,22,0,0,24.4,645.5,1.57,0,36.9,1.96
R02,BUS021,12,6,19,1,0,34.8,1673.8,1.63,0,20.0,3.53
R01,BUS015,4,4,15,0,0,16.6,1439.2,0.69,0,25.4,5.74
R01,BUS016,2,3,15,0,0,27.4,1369.9,1.65,0,23.5,3.91
R03,BUS009,3,5,14,1,0,28.1,3495.3,2.42,1,53.8,9.7
R03,BUS023,6,5,18,1,0,37.4,3084.5,0.0,0,40.6,4.98
R06,BUS022,4,1,9,0,1,17.6,528.7,5.49,1,89.3,4.29
R04,BUS013,5,6,10,1,0,25.8,3003.1,0.23,0,29.7,5.77
R05,BUS003,11,3,8,0,1,13.7,2057.3,4.95,0,67.3,11.55
R01,BUS002,3,4,12,0,0,27.4,1714.5,1.55,0,70.1,4.31
R01,BUS021,7,5,11,1,0,26.2,1289.8,2.05,0,49.0,2.24
R05,BUS021,1,0,17,0,1,10.7,1072.2,4.91,0,53.8,7.68
R06,BUS007,12,5,18,1,0,30.1,1566.3,2.04,0,41.0,3.69
R06,BUS018,9,5,14,1,0,23.5,1379.2,2.49,1,51.5,6.15
R03,BUS023,3,2,21,0,0,20.3,978.8,0.4,0,45.0,4.68
R06,BUS018,6,0,6,0,0,20.0,3059.1,3.07,0,50.3,10.84
R05,BUS012,9,0,22,0,0,14.3,599.6,1.33,0,49.3,3.01
R06,BUS019,6,0,18,0,1,11.4,3267.2,6.63,1,46.3,19.9
R04,BUS013,3,5,11,1,0,31.4,2635.9,1.92,0,48.4,5.81
R02,BUS007,11,0,7,0,0,12.8,985.0,2.26,0,29.7,5.39
R05,BUS015,8,0,13,0,0,15.6,2721.8,1.59,0,8.5,11.55
R01,BUS006,9,4,20,0,1,14.3,607.1,4.85,0,70.5,5.24
R04,BUS008,1,2,18,0,1,15.9,2522.9,4.22,1,74.5,12.39
R01,BUS009,11,0,19,0,1,6.4,3314.0,4.76,0,46.3,33.14
R02,BUS021,8,3,13,0,0,23.0,2749.8,1.92,0,58.4,8.47
R05,BUS013,4,1,6,0,0,23.5,2624.7,3.3,1,23.9,9.03
R05,BUS008,4,4,16,0,0,25.7,664.3,0.86,0,49.1,1.74
R05,BUS018,2,2,9,0,1,13.2,2720.9,4.57,0,54.1,15.01
R06,BUS006,4,1,8,0,1,17.6,1753.5,3.82,1,67.6,8.05
R04,BUS019,11,0,18,0,1,14.0,1783.8,4.61,0,71.7,8.6
R01,BUS018,10,5,7,1,0,27.1,1149.0,0.71,0,31.0,2.91
R05,BUS021,10,1,17,0,1,18.4,1632.1,5.81,0,88.2,8.37
R06,BUS011,10,1,12,0,0,14.1,2763.8,0.53,0,32.6,12.25
R01,BUS016,5,2,12,0,0,17.9,1401.5,1.85,0,44.5,5.03
R01,BUS006,3,0,14,0,0,23.6,2034.3,2.69,0,47.6,5.67
R05,BUS017,3,5,21,1,0,28.0,2856.5,1.16,0,21.6,6.59
R06,BUS008,12,3,6,0,0,16.4,2234.3,3.77,0,45.1,10.43
R01,BUS010,10,5,13,1,0,24.5,1887.7,1.92,0,17.7,4.44
R05,BUS017,11,0,13,0,0,15.9,2424.4,1.46,1,40.5,9.56
R03,BUS011,5,3,12,0,0,28.9,952.4,0.73,0,47.6,2.17
R01,BUS016,8,1,20,0,1,13.4,1684.7,5.47,0,33.1,9.06
R02,BUS003,7,3,19,0,1,11.7,851.8,4.9,0,68.4,7.36
R03,BUS002,3,1,22,0,0,21.4,1314.3,0.86,0,37.6,4.82
R06,BUS011,4,1,14,0,0,27.2,1474.2,1.05,0,26.2,4.44
R02,BUS024,11,3,18,0,1,14.8,1148.6,6.22,0,64.9,7.72
R01,BUS013,9,5,12,1,0,29.8,1559.5,1.75,0,44.8,3.69
R03,BUS012,12,0,15,0,0,23.8,2613.2,1.21,2,25.0,9.83
R02,BUS011,3,0,15,0,0,27.4,2845.8,0.94,0,36.9,6.95
R04,BUS023,7,0,13,0,0,23.6,717.6,1.19,0,35.1,2.58
R02,BUS011,8,4,14,0,0,14.4,469.4,2.37,0,38.6,2.58
R03,BUS008,5,6,14,1,0,28.8,2070.9,1.85,0,48.3,4.1
R02,BUS021,7,3,13,0,0,20.6,1750.8,0.95,1,41.2,6.18
R02,BUS023,10,2,18,0,1,15.8,2461.7,4.83,0,82.0,11.5
R05,BUS008,5,1,8,0,1,14.2,2058.5,4.73,0,66.2,10.48
R05,BUS003,6,1,6,0,0,26.1,2582.6,1.54,1,41.5,7.45
R05,BUS016,7,0,13,0,0,14.8,2045.0,0.12,0,41.6,7.95
R06,BUS019,11,6,6,1,0,29.0,2716.4,1.63,0,56.3,5.75
R06,BUS013,1,2,17,0,1,14.8,1258.1,4.96,1,58.1,7.91
R02,BUS005,10,6,5,1,0,25.1,512.5,1.94,0,46.3,2.63
R04,BUS007,5,3,14,0,0,22.1,2892.0,1.05,1,37.5,9.15
R02,BUS009,3,0,21,0,0,26.8,2439.2,0.51,2,37.9,7.34
R03,BUS013,9,6,15,1,0,38.5,1426.5,1.96,0,36.7,3.78
R04,BUS001,4,3,16,0,0,22.6,1032.6,2.7,0,39.3,4.98
R04,BUS005,8,5,11,1,0,24.6,825.3,0.6,1,29.4,3.91
R04,BUS019,10,3,16,0,0,17.8,2656.5,0.18,0,18.7,8.31
R03,BUS001,3,5,17,1,0,38.8,664.2,1.84,1,32.7,2.19
R05,BUS023,12,0,22,0,0,23.3,1355.2,2.02,1,36.3,4.79
R03,BUS019,7,5,8,1,0,24.6,422.5,1.78,0,23.3,1.93
R06,BUS009,7,4,21,0,0,25.9,2147.9,0.03,0,52.5,4.9
R01,BUS009,10,4,22,0,0,24.3,1947.1,1.48,1,35.5,5.42
R02,BUS012,6,0,5,0,0,28.0,2780.5,1.22,0,57.9,6.76
R02,BUS008,2,3,11,0,0,28.3,2870.1,1.95,0,37.5,6.45
R05,BUS013,5,5,6,1,0,34.5,2413.2,1.67,1,32.3,5.38
R01,BUS012,12,2,16,0,0,13.7,805.0,1.8,1,26.8,4.3
R05,BUS008,2,5,20,1,0,27.8,358.2,0.92,1,10.2,1.39
R05,BUS010,1,5,13,1,0,37.1,1243.5,2.61,1,23.8,4.5
R02,BUS012,2,6,13,1,0,29.0,1153.5,1.28,0,32.5,2.38
R02,BUS019,9,0,7,0,0,14.8,3264.6,1.46,0,52.8,13.61
R01,BUS022,9,3,11,0,0,18.7,3043.8,0.77,0,10.1,10.17
R04,BUS011,12,3,11,0,0,22.2,564.6,1.73,0,55.7,2.34
R06,BUS005,10,1,15,0,0,18.1,3099.2,1.63,1,26.4,11.31
R03,BUS022,4,5,22,1,0,30.6,1396.0,2.64,0,19.2,3.4
R03,BUS020,8,3,5,0,0,19.2,1540.6,3.01,2,52.7,8.28
R05,BUS006,8,1,6,0,0,19.7,1122.9,0.66,0,21.1,3.02
R01,BUS008,12,6,21,1,0,33.2,500.4,1.72,0,37.9,2.96
R06,BUS002,7,2,8,0,1,20.2,2015.0,5.01,0,79.4,7.3
R06,BUS004,4,0,15,0,0,30.3,2804.3,0.69,2,40.1,8.22
R03,BUS004,11,5,6,1,0,28.0,3226.9,2.58,0,40.4,8.92
R03,BUS023,12,3,6,0,0,24.6,529.1,3.34,0,20.9,2.39
R02,BUS002,2,3,14,0,0,20.2,1966.0,1.44,0,75.5,7.17
R01,BUS004,6,6,13,1,0,27.1,1831.9,0.33,0,48.3,3.51
R04,BUS023,2,2,22,0,0,14.9,3034.8,1.91,0,52.8,13.68
R01,BUS010,4,5,10,1,0,21.7,3127.6,2.78,0,30.9,11.08
R06,BUS004,1,1,15,0,0,20.6,3362.6,1.34,0,21.1,10.99
R03,BUS022,4,5,6,1,0,21.8,1986.4,1.09,0,20.8,4.95
R02,BUS016,4,3,21,0,0,26.1,1624.7,1.47,0,50.9,4.4
R04,BUS014,7,1,7,0,0,33.1,985.8,2.17,0,44.4,1.84
R05,BUS015,4,0,16,0,0,22.0,421.4,2.46,0,5.0,1.3
R05,BUS024,12,0,8,0,1,18.7,2566.9,5.13,1,68.2,11.55
R04,BUS017,11,2,17,0,1,15.0,2549.5,4.3,0,78.4,13.36
R01,BUS006,8,5,13,1,0,28.8,205.0,2.01,0,53.3,0.93
R04,BUS023,2,0,14,0,0,23.7,1995.5,2.83,1,37.3,6.43
R02,BUS010,4,3,12,0,0,27.7,841.1,0.91,0,41.8,3.18
R05,BUS007,9,3,22,0,0,24.5,3491.8,2.42,0,45.8,8.9
R06,BUS008,6,5,12,1,0,27.5,1519.3,0.3,0,51.2,2.8
R02,BUS022,9,4,11,0,0,30.2,3042.4,1.0,0,44.4,6.38
R01,BUS001,12,3,8,0,1,11.5,3430.5,4.49,0,51.1,19.38
R03,BUS018,4,6,19,1,0,33.1,3300.1,0.83,1,60.1,7.89
R03,BUS023,4,6,14,1,0,24.5,444.9,2.21,0,61.3,2.18
R01,BUS004,11,4,17,0,1,10.7,2650.2,5.56,0,66.4,16.45
R05,BUS018,8,3,9,0,1,9.4,2197.9,3.94,0,56.8,15.96
R02,BUS023,12,6,21,1,0,29.4,2499.0,1.86,0,5.0,5.78
R01,BUS024,10,3,22,0,0,25.7,1974.3,1.25,0,25.4,5.4
R01,BUS010,10,5,5,1,0,31.1,1137.3,1.99,0,66.5,3.48
R04,BUS024,6,4,12,0,0,25.2,2823.3,0.73,0,37.6,7.43
R04,BUS011,7,0,16,0,0,19.8,417.4,0.89,1,5.0,1.91
R02,BUS005,11,3,12,0,0,18.4,549.8,1.09,0,49.6,2.62
R02,BUS006,4,4,14,0,0,18.8,820.6,1.2,0,10.2,2.87
R03,BUS018,7,1,20,0,1,13.4,2619.6,5.65,1,57.0,14.39
R05,BUS012,1,6,7,1,0,25.1,1262.8,1.14,0,37.0,3.3
R05,BUS013,11,0,14,0,0,24.7,2148.9,3.1,0,56.2,5.39
R01,BUS008,7,6,16,1,0,33.1,2124.0,2.25,0,45.2,5.23
R05,BUS010,8,0,15,0,0,25.2,1577.1,2.29,1,45.6,6.42
R01,BUS013,8,1,22,0,0,21.5,3240.3,1.11,0,28.2,9.4
R05,BUS009,1,4,18,0,1,17.2,3235.1,4.61,0,59.9,12.7
R06,BUS011,7,6,8,1,0,21.1,2297.9,0.49,0,43.3,7.41
R06,BUS023,5,3,22,0,0,20.3,2128.0,1.15,0,55.3,6.74
R04,BUS005,8,4,18,0,1,15.5,1335.1,5.64,0,74.5,8.21
R05,BUS015,3,5,11,1,0,33.1,3298.1,0.59,1,49.3,6.75
R05,BUS018,5,5,16,1,0,28.7,867.4,1.42,0,44.5,2.98
R03,BUS011,4,3,15,0,0,27.4,1816.8,2.14,0,42.3,4.39
R04,BUS016,6,1,11,0,0,20.5,2284.3,1.18,0,26.4,6.71
R06,BUS019,1,4,14,0,0,21.4,2847.4,0.79,0,50.3,9.04
R03,BUS006,9,5,16,1,0,20.9,491.4,1.84,0,28.4,2.85
R04,BUS015,5,4,6,0,0,12.7,2071.5,0.68,1,25.5,10.36
R03,BUS006,10,3,12,0,0,33.2,2403.2,2.17,0,44.7,5.03
R05,BUS002,12,4,19,0,1,8.6,827.7,4.77,1,71.4,8.64
R03,BUS008,7,0,13,0,0,21.4,3176.5,1.3,0,58.3,9.02
R06,BUS014,6,2,7,0,0,19.1,3359.3,1.7,0,24.3,11.29
R04,BUS005,11,6,11,1,0,35.5,1339.2,1.5,1,70.0,4.58
R05,BUS015,1,2,8,0,1,10.4,3049.0,4.04,0,73.7,18.63
R03,BUS013,3,1,6,0,0,19.3,2740.1,1.03,0,41.8,9.54
R03,BUS003,9,0,22,0,0,25.9,2616.4,1.93,0,59.3,7.11
R05,BUS010,2,2,11,0,0,15.1,891.2,1.46,1,25.8,3.75
R02,BUS015,11,0,18,0,1,11.6,2894.7,5.34,1,94.6,17.81
R05,BUS008,2,1,14,0,0,34.5,603.0,2.28,2,48.8,3.85
R03,BUS007,7,4,15,0,0,19.2,3122.2,1.86,0,37.7,10.12
R02,BUS009,5,1,5,0,0,24.7,2505.2,1.62,0,24.0,6.68
R04,BUS024,6,0,17,0,1,18.1,2751.8,5.68,0,71.1,12.48
R03,BUS012,8,0,15,0,0,21.0,918.1,1.47,1,54.2,3.78
R06,BUS004,2,6,20,1,0,18.9,715.1,0.12,0,32.5,1.93
R05,BUS007,10,5,20,1,0,22.9,2119.2,1.42,0,24.5,6.35
R02,BUS003,9,6,14,1,0,31.1,3051.3,1.34,0,33.8,6.11
R03,BUS013,5,6,13,1,0,23.2,974.8,3.13,1,27.1,5.11
R06,BUS005,6,6,8,1,0,26.2,835.2,0.17,0,34.2,1.33
R06,BUS023,5,6,10,1,0,28.2,2865.5,2.2,1,29.9,8.86
R02,BUS015,1,1,15,0,0,29.3,2711.4,1.53,1,13.7,7.94
R03,BUS022,2,2,11,0,0,20.0,663.7,1.52,1,25.8,3.23
R05,BUS008,8,4,11,0,0,13.7,2861.2,0.0,0,19.8,12.85
R04,BUS006,11,4,12,0,0,26.9,2328.5,1.5,0,31.6,5.89
R01,BUS021,9,4,20,0,1,12.7,3459.7,4.93,0,65.5,18.16
R01,BUS005,8,1,11,0,0,12.2,3195.6,1.87,1,32.5,17.66
R06,BUS017,7,3,7,0,0,22.8,2934.4,2.49,0,20.4,8.72
R05,BUS015,10,1,10,0,1,12.1,1462.4,4.38,0,76.1,9.88
R06,BUS015,8,0,9,0,1,12.1,1820.5,5.75,0,42.6,10.96
R05,BUS011,1,2,15,0,0,25.7,1856.5,1.32,0,25.3,5.77
R04,BUS020,8,2,17,0,1,11.4,905.9,4.26,1,81.8,7.24
R06,BUS004,1,6,20,1,0,25.8,2501.5,2.53,0,21.6,6.17
R02,BUS021,2,1,14,0,0,21.5,1194.7,0.22,1,46.2,3.45
R06,BUS019,10,3,14,0,0,25.9,232.5,2.32,0,39.0,0.3
R03,BUS011,2,2,18,0,1,15.6,3026.3,4.68,1,71.0,14.9
R05,BUS021,9,3,5,0,0,19.9,2005.5,2.36,0,18.2,6.65
R06,BUS015,1,1,12,0,0,25.5,2491.9,2.33,0,38.5,6.75
R06,BUS015,11,0,6,0,0,25.5,517.6,1.02,0,43.8,1.72
R06,BUS004,3,4,10,0,1,18.6,1944.7,4.52,1,58.6,8.27
R03,BUS011,9,0,19,0,1,20.2,1699.3,4.42,0,39.4,6.69
R02,BUS017,11,6,15,1,0,23.1,1618.1,0.0,0,44.1,3.45
R06,BUS018,2,1,9,0,1,9.8,534.6,5.1,0,81.1,4.95
R04,BUS009,5,0,20,0,1,11.4,1203.1,4.55,0,76.6,7.53
R02,BUS022,12,0,12,0,0,18.6,994.3,0.81,0,50.6,3.58
R05,BUS005,3,3,8,0,1,9.8,485.5,3.81,0,65.8,3.93
R01,BUS019,11,5,22,1,0,28.4,1140.6,2.4,0,23.2,3.66
R02,BUS002,10,1,17,0,1,21.1,2196.5,4.9,0,77.3,6.69
R06,BUS017,3,0,9,0,1,14.1,351.0,2.63,1,76.5,3.68
R03,BUS011,11,5,10,1,0,32.9,713.9,1.19,0,6.9,1.62
R05,BUS018,3,1,19,0,1,15.2,612.7,3.99,0,40.3,4.56
R02,BUS016,12,5,22,1,0,18.2,577.6,0.77,1,35.6,2.66
R03,BUS010,3,0,11,0,0,19.0,3015.9,0.06,0,21.5,9.9
R01,BUS020,9,4,15,0,0,30.1,2298.1,0.38,0,31.2,4.65
R05,BUS003,6,4,8,0,1,6.4,3023.0,5.95,0,79.2,31.31
R03,BUS002,6,0,13,0,0,20.6,1665.0,2.28,1,42.1,6.87
R04,BUS003,1,4,19,0,1,13.6,3081.8,4.8,1,76.0,16.26
R02,BUS013,8,3,17,0,1,18.9,3118.2,4.03,0,49.7,11.39
R05,BUS014,8,6,15,1,0,26.1,3152.4,1.51,0,32.7,8.05
R06,BUS013,8,4,15,0,0,21.0,1928.6,2.14,0,33.1,5.38
R02,BUS012,5,5,11,1,0,28.8,2419.7,2.85,1,23.8,7.3
R01,BUS002,10,1,8,0,1,16.9,2127.8,5.06,2,51.8,11.95
R03,BUS005,11,0,13,0,0,19.7,995.6,1.91,0,65.3,4.38
R03,BUS011,10,3,9,0,1,11.8,2352.1,4.19,0,92.5,13.76
R03,BUS010,10,5,15,1,0,36.6,354.0,1.47,0,46.3,1.27
R01,BUS013,6,4,12,0,0,20.8,1140.9,1.38,1,43.6,4.64
R03,BUS011,12,4,17,0,1,21.3,1240.7,4.93,0,69.9,5.3
R02,BUS020,1,1,6,0,0,22.3,901.1,0.0,0,18.1,1.6
R05,BUS017,10,3,9,0,1,16.0,1567.7,5.37,1,89.9,9.22
R02,BUS022,2,5,10,1,0,23.3,234.9,1.43,0,40.1,1.72
R04,BUS014,12,0,16,0,0,29.2,3065.0,1.4,0,19.8,7.32
R06,BUS017,4,5,8,1,0,24.5,1687.6,0.77,0,17.4,5.13
R04,BUS016,6,4,14,0,0,24.2,1097.7,1.86,0,5.0,2.7
R06,BUS013,5,3,8,0,1,21.0,600.5,4.49,0,44.0,4.08
R05,BUS005,11,5,21,1,0,24.4,2451.0,2.32,0,48.5,7.1
R03,BUS003,5,4,7,0,0,23.3,1107.3,1.34,0,26.4,2.48
R04,BUS019,2,1,15,0,0,23.5,1901.5,2.42,0,25.2,6.07
R06,BUS017,7,2,22,0,0,18.3,3401.8,1.71,2,47.9,14.48
R02,BUS013,4,1,5,0,0,14.2,1216.9,1.11,0,36.0,5.05
R04,BUS002,9,1,11,0,0,22.7,2337.0,0.62,0,52.1,5.52
R02,BUS014,10,4,12,0,0,14.3,2081.1,1.85,0,49.7,9.5
R01,BUS006,8,0,5,0,0,24.5,1767.0,0.94,0,15.6,4.52
R04,BUS007,2,0,11,0,0,22.1,1589.7,1.17,0,55.1,4.35
R02,BUS020,2,6,20,1,0,28.9,309.0,1.06,1,37.7,0.71
R06,BUS012,12,6,7,1,0,35.6,2555.6,1.75,0,50.4,5.05
R06,BUS002,4,1,5,0,0,24.2,2797.5,0.39,0,18.6,7.41
R02,BUS016,11,6,9,1,0,29.1,634.5,1.54,0,47.0,2.18
R03,BUS013,6,5,5,1,0,32.8,2401.4,1.78,1,25.3,6.22
R01,BUS011,6,1,22,0,0,20.4,3125.3,1.61,1,37.4,10.59
R04,BUS021,4,1,8,0,1,14.2,1756.4,5.16,1,109.3,10.41
R05,BUS023,2,2,9,0,1,12.2,1375.8,3.8,0,80.1,8.15
R01,BUS023,8,3,14,0,0,25.3,2457.7,0.0,0,48.4,5.24
R01,BUS007,8,4,8,0,1,13.4,2770.9,4.7,0,67.6,14.04
R02,BUS004,5,0,6,0,0,25.4,3043.6,2.87,0,45.0,8.5
R02,BUS023,8,4,7,0,0,16.1,2731.2,1.41,1,65.7,11.62
R03,BUS002,1,2,20,0,1,14.0,720.6,4.34,1,83.9,6.67
R04,BUS002,8,5,8,1,0,37.5,3334.3,1.56,0,8.0,6.6
R01,BUS002,2,6,15,1,0,31.6,1292.8,0.39,0,44.6,2.17
R01,BUS009,2,4,21,0,0,19.9,1122.1,2.05,0,42.3,3.5
R01,BUS022,12,0,10,0,1,12.3,2674.5,5.13,0,70.2,14.61
R05,BUS017,1,1,14,0,0,22.1,1191.4,1.85,0,45.9,4.43
R05,BUS014,7,1,15,0,0,23.4,3108.9,1.35,0,7.2,8.31
R01,BUS017,8,6,17,1,0,24.9,2456.1,2.8,0,20.5,6.89
R06,BUS019,3,1,9,0,1,18.7,2735.5,5.31,0,71.3,9.98
R06,BUS009,10,4,21,0,0,26.7,2656.2,2.74,0,40.9,8.06
R04,BUS002,8,6,22,1,0,23.6,3456.5,1.13,0,34.2,9.07
R01,BUS013,2,4,19,0,1,19.6,2946.5,4.54,0,60.0,11.42
R01,BUS022,8,5,6,1,0,40.5,2102.7,1.32,2,16.3,4.51
R05,BUS023,12,3,9,0,1,11.6,565.2,4.69,1,69.7,5.09
R03,BUS001,12,0,15,0,0,22.4,3429.3,1.27,0,48.4,10.14
R05,BUS005,2,1,20,0,1,13.6,2803.8,5.69,0,68.4,14.47
R03,BUS008,9,0,11,0,0,20.0,3393.0,2.49,0,38.5,11.77
R05,BUS024,6,3,22,0,0,30.6,845.3,0.41,0,13.8,1.39
R03,BUS019,5,4,17,0,1,9.9,824.6,6.78,0,70.7,6.64
R06,BUS018,9,5,21,1,0,31.8,1491.6,1.76,0,18.5,3.69
R05,BUS002,12,3,13,0,0,27.6,1594.2,1.92,0,5.1,4.84
R02,BUS024,9,4,14,0,0,17.6,2085.7,1.16,0,45.5,8.06
R01,BUS024,5,4,12,0,0,19.5,501.3,1.44,0,52.9,2.51
R02,BUS021,6,5,10,1,0,26.2,2012.6,2.22,1,37.9,6.65
R03,BUS023,4,4,18,0,1,15.2,1888.2,5.55,1,86.3,10.84
R01,BUS014,7,2,15,0,0,18.7,834.7,1.11,0,18.2,2.54
R02,BUS024,4,1,13,0,0,26.1,1914.0,1.39,0,27.1,3.67
R02,BUS022,12,1,17,0,1,13.6,804.6,3.95,0,81.7,4.97
R04,BUS006,7,6,20,1,0,20.7,2741.4,1.29,0,33.4,8.86
R06,BUS019,6,3,10,0,1,14.5,1282.7,4.12,0,42.3,6.99
R06,BUS004,7,5,14,1,0,23.7,2527.7,1.82,2,46.0,9.3
R04,BUS023,2,4,18,0,1,18.7,252.7,5.69,0,76.6,2.37
R01,BUS005,11,5,19,1,0,24.3,1584.9,1.42,0,32.6,4.68
R06,BUS012,9,6,18,1,0,21.5,666.9,1.42,0,35.0,3.16
R02,BUS022,7,2,18,0,1,14.4,2159.5,5.94,0,73.1,10.6
R05,BUS023,4,0,10,0,1,16.8,974.1,5.99,0,79.9,5.72
R03,BUS018,8,5,13,1,0,23.2,1110.4,1.32,0,5.0,4.57
R01,BUS020,1,2,5,0,0,17.5,1750.3,0.31,0,19.7,6.27
R02,BUS024,1,0,17,0,1,9.0,3123.4,5.78,0,53.0,23.64
R02,BUS013,10,0,20,0,1,14.4,1334.3,5.55,0,66.5,7.67
R02,BUS017,10,1,6,0,0,15.7,1427.5,2.22,0,44.0,6.6
R02,BUS003,12,2,5,0,0,25.9,3159.6,1.62,2,47.7,9.93
R06,BUS013,11,5,12,1,0,28.1,2472.7,1.84,0,36.5,6.58
R05,BUS018,5,2,7,0,0,19.5,2703.1,1.64,0,20.0,8.38
R01,BUS021,9,0,21,0,0,23.8,748.2,2.35,0,49.8,2.69
R01,BUS010,5,4,5,0,0,17.6,2313.7,0.71,0,17.0,8.52
R05,BUS004,9,3,12,0,0,16.5,1485.7,2.32,0,24.9,7.35
R02,BUS011,2,4,6,0,0,21.3,1525.2,1.68,0,50.6,4.72
R01,BUS006,12,5,19,1,0,35.0,3136.5,0.0,2,43.0,7.44
R06,BUS004,1,2,15,0,0,28.8,2777.0,2.16,0,19.5,7.22
R06,BUS020,2,0,7,0,0,13.7,2421.6,2.18,1,18.7,12.55
R02,BUS019,7,3,7,0,0,23.4,3371.5,1.63,0,36.8,8.81
R01,BUS004,5,3,16,0,0,16.8,215.5,1.43,1,32.1,1.98
R01,BUS017,7,1,16,0,0,24.1,2340.0,2.02,1,35.0,7.4
R05,BUS011,12,1,13,0,0,25.9,1461.3,0.6,0,51.6,3.58
R04,BUS018,11,3,14,0,0,26.1,1342.1,2.06,0,70.2,4.46
R02,BUS021,12,4,9,0,1,12.4,1943.9,5.49,1,49.0,12.37
R02,BUS017,12,1,22,0,0,19.8,847.6,1.09,0,51.8,3.85
R01,BUS009,7,4,9,0,1,12.6,1972.1,4.57,1,67.4,11.26
R02,BUS005,8,3,18,0,1,16.0,1633.0,4.02,0,55.3,7.67
R02,BUS002,10,5,8,1,0,20.8,1495.9,2.3,0,15.9,4.76
R04,BUS015,7,0,13,0,0,22.7,1991.5,1.21,1,43.4,5.39
R06,BUS009,11,5,12,1,0,30.1,2282.9,1.51,0,20.3,5.41
R04,BUS007,2,5,10,1,0,32.1,2437.9,1.91,0,50.3,5.75
R06,BUS001,1,4,17,0,1,15.5,1345.2,5.72,0,52.0,7.45
R03,BUS012,3,0,15,0,0,14.1,2624.2,1.58,0,49.6,10.98
R04,BUS009,12,1,15,0,0,25.0,1359.8,0.84,1,5.0,3.93
R01,BUS023,8,2,20,0,1,10.6,806.4,6.23,1,43.0,7.7
R01,BUS001,7,5,5,1,0,30.7,1802.3,2.3,1,19.9,5.03
R04,BUS021,2,4,8,0,1,12.4,2082.2,6.74,1,67.8,13.53
R01,BUS017,4,0,9,0,1,17.0,1425.9,5.58,2,58.4,9.57
R05,BUS005,9,3,20,0,1,18.2,1266.5,4.21,0,73.7,4.83
R01,BUS003,5,5,5,1,0,26.6,1123.0,0.07,2,17.2,3.99
R04,BUS008,11,3,15,0,0,19.9,1217.6,0.72,0,43.6,4.31
R02,BUS007,10,0,20,0,1,14.2,798.4,5.6,2,76.4,6.41
R01,BUS016,4,5,7,1,0,34.7,2495.5,0.01,0,21.2,4.71
R06,BUS020,2,3,17,0,1,16.3,3341.6,3.83,1,30.5,14.74
R01,BUS015,3,4,22,0,0,21.3,314.6,1.38,1,31.1,1.05
R02,BUS009,3,5,6,1,0,26.9,446.8,0.04,0,33.1,0.54
R03,BUS022,8,6,10,1,0,24.8,3300.3,1.28,2,5.5,9.45
R06,BUS014,9,2,22,0,0,22.6,971.6,1.44,0,33.0,3.14
R03,BUS012,5,5,5,1,0,30.1,1992.7,1.58,0,37.2,4.59
R01,BUS021,9,5,13,1,0,18.0,518.3,2.03,0,14.2,1.87
R06,BUS019,10,6,11,1,0,20.8,217.3,1.29,0,39.5,1.85
R04,BUS023,12,6,18,1,0,24.0,2611.6,0.55,0,22.6,7.15
R06,BUS001,3,4,19,0,1,15.3,736.2,4.94,0,57.7,5.02
R02,BUS007,9,2,6,0,0,21.7,1454.7,2.85,0,26.8,5.14
R05,BUS006,6,5,11,1,0,27.6,222.1,1.53,0,20.9,1.09
R06,BUS015,5,5,14,1,0,26.1,1870.2,1.41,0,33.1,4.93
R02,BUS005,9,4,7,0,0,29.4,3448.0,1.89,0,27.0,7.72
R03,BUS004,12,5,15,1,0,25.6,1241.3,0.0,0,16.2,2.87
R04,BUS002,3,4,8,0,1,22.2,2966.5,3.67,0,71.3,9.15
R04,BUS003,10,6,6,1,0,25.7,2457.4,3.01,0,26.4,7.28
R05,BUS013,3,6,22,1,0,33.4,2470.2,2.28,0,20.5,4.59
R04,BUS013,4,2,6,0,0,19.4,1937.7,1.01,0,69.6,5.8
R05,BUS001,4,6,11,1,0,28.9,1456.7,1.48,0,24.5,3.55
R02,BUS005,4,2,14,0,0,30.9,3403.6,0.56,0,13.2,6.07
R01,BUS002,5,1,11,0,0,21.4,2083.5,2.08,0,33.8,5.67
R05,BUS001,2,3,17,0,1,11.9,3049.2,4.75,0,42.6,17.95
R01,BUS013,4,1,17,0,1,16.7,2365.3,4.45,0,64.4,9.46
R05,BUS021,9,4,11,0,0,15.6,1485.2,1.14,0,21.5,5.89
R01,BUS016,1,1,11,0,0,12.4,724.5,1.39,0,36.8,4.32
R05,BUS017,2,1,21,0,0,21.5,3140.6,0.78,0,33.0,7.69
R04,BUS022,8,5,18,1,0,23.1,2159.6,1.9,0,49.7,6.29
R03,BUS015,9,1,8,0,1,10.8,3108.9,4.25,0,66.6,18.98
R06,BUS013,2,4,7,0,0,16.4,3093.6,0.97,0,32.8,10.98
R06,BUS011,9,1,15,0,0,29.1,2969.3,2.09,0,50.6,6.97
R03,BUS005,7,5,17,1,0,28.8,2102.4,0.0,0,46.8,5.05
R02,BUS020,8,6,18,1,0,25.5,2470.0,2.32,0,28.2,6.88
R05,BUS008,12,0,20,0,1,16.1,2669.1,5.74,0,61.5,12.93
R04,BUS012,9,4,15,0,0,23.1,1680.0,1.86,0,27.6,4.41
R04,BUS024,8,5,17,1,0,32.7,893.0,0.35,2,34.6,3.92
R06,BUS013,10,1,19,0,1,19.3,2615.4,5.16,0,76.6,9.92
R05,BUS010,12,5,21,1,0,27.0,2938.2,0.11,1,57.4,8.06
R06,BUS023,9,0,10,0,1,12.0,837.5,3.6,0,51.2,6.38
R04,BUS009,1,1,17,0,1,12.4,2903.8,5.4,0,67.2,15.94
R04,BUS006,9,4,18,0,1,11.7,2456.9,4.28,0,57.0,14.93
R03,BUS019,12,5,6,1,0,32.2,2791.8,2.35,1,45.2,7.68
R06,BUS016,1,2,19,0,1,17.7,3370.1,6.49,0,62.5,13.47
R03,BUS022,1,2,12,0,0,25.2,1571.3,1.43,0,42.7,3.53
R03,BUS023,10,3,6,0,0,16.8,1735.7,1.69,1,24.8,6.96
R06,BUS014,3,5,6,1,0,30.5,3006.0,2.51,0,35.9,7.46
R05,BUS011,3,3,5,0,0,28.6,534.1,2.15,0,48.8,1.7
R05,BUS004,10,0,15,0,0,22.5,2523.5,2.99,1,33.9,7.97
R02,BUS019,10,1,18,0,1,15.1,1021.2,4.79,0,85.2,5.27
R01,BUS022,11,6,9,1,0,35.2,2335.3,1.12,0,63.7,2.86
R06,BUS009,11,5,16,1,0,19.5,1289.4,1.67,0,51.7,5.1
R04,BUS017,6,1,7,0,0,22.4,1930.8,0.0,0,35.0,5.28
R01,BUS012,5,4,19,0,1,13.8,3238.9,5.81,0,55.6,16.67
R04,BUS022,5,1,13,0,0,26.0,1979.4,1.13,2,39.4,6.39
R03,BUS023,9,2,7,0,0,29.0,943.7,0.99,2,14.6,4.49
R02,BUS006,7,3,9,0,1,12.7,2378.6,5.42,0,67.5,13.89
R05,BUS018,7,2,22,0,0,24.6,2289.2,0.81,0,36.7,5.05
R06,BUS007,10,2,15,0,0,18.8,648.3,0.27,0,48.2,2.25
R02,BUS011,6,1,15,0,0,15.5,1758.5,0.65,0,35.5,6.76
R02,BUS018,9,1,15,0,0,21.2,3146.2,2.63,0,38.5,9.97
R03,BUS023,8,3,7,0,0,20.0,246.6,1.94,0,24.1,1.27
R03,BUS010,8,5,6,1,0,21.1,1483.7,0.27,2,47.4,5.35
R03,BUS008,3,6,15,1,0,25.8,3060.7,3.21,2,22.3,10.9
R02,BUS001,8,6,20,1,0,22.1,411.1,2.42,1,32.5,2.31
R05,BUS003,3,5,9,1,0,27.9,436.4,0.35,0,27.7,1.21
R03,BUS006,2,4,7,0,0,23.3,1064.9,1.85,0,50.4,2.97
R04,BUS023,8,6,14,1,0,34.1,2651.5,1.5,0,29.2,6.32
R03,BUS018,4,5,18,1,0,27.5,2052.4,1.21,2,24.7,7.77
R06,BUS003,8,6,11,1,0,31.3,1525.4,1.46,0,27.6,3.33
R02,BUS009,11,3,7,0,0,22.9,1811.2,1.39,0,21.5,5.99
R02,BUS016,1,2,20,0,1,13.1,3061.0,4.96,0,71.9,16.22
R04,BUS020,9,0,6,0,0,20.0,1892.8,0.0,1,29.4,6.35
R05,BUS003,9,1,6,0,0,18.0,1609.6,1.48,0,26.4,5.45
R05,BUS023,2,6,16,1,0,33.2,1295.8,2.08,1,38.9,4.51
R02,BUS022,3,4,13,0,0,17.1,1283.5,0.92,0,62.0,4.46
R05,BUS002,5,5,5,1,0,29.5,519.3,0.77,0,7.0,1.4
R05,BUS004,6,6,22,1,0,22.4,1121.3,1.12,0,58.1,3.55
R01,BUS003,1,4,7,0,0,21.3,1241.7,2.91,0,68.4,5.32
R02,BUS011,10,6,10,1,0,24.0,1018.6,0.77,0,29.8,3.29
R03,BUS022,10,0,19,0,1,7.2,889.2,5.46,0,61.4,9.4
R03,BUS020,11,4,8,0,1,14.5,2808.2,4.24,0,38.8,13.09
R02,BUS013,9,2,19,0,1,17.2,247.1,4.88,0,39.1,3.28
R02,BUS006,12,4,19,0,1,13.2,1694.8,4.18,0,61.6,9.7
R01,BUS006,4,1,19,0,1,10.6,3082.2,5.5,0,33.4,19.74
R04,BUS009,6,2,15,0,0,23.4,2254.6,1.99,0,17.1,6.77
R01,BUS006,5,6,22,1,0,31.1,840.3,1.06,1,34.4,2.29
R05,BUS016,3,5,19,1,0,25.9,2660.8,1.43,0,5.0,8.63
R01,BUS018,4,1,19,0,1,16.2,2185.8,5.74,1,25.1,11.68
R05,BUS009,6,6,18,1,0,36.5,1315.3,2.53,1,14.9,4.12
R06,BUS010,10,6,17,1,0,27.7,418.0,1.42,1,36.8,2.89
R03,BUS007,1,2,19,0,1,19.7,2136.6,4.21,0,56.3,7.75
R06,BUS008,11,2,13,0,0,18.2,2776.3,1.71,0,20.9,9.92
R02,BUS003,7,2,6,0,0,22.2,929.8,1.51,0,22.1,3.51
R03,BUS019,1,3,20,0,1,12.2,2297.8,5.8,0,74.6,14.36
R04,BUS015,6,3,14,0,0,21.9,1740.6,0.74,0,30.6,5.86
R01,BUS004,7,5,13,1,0,26.7,3135.3,1.38,0,35.7,7.63
R05,BUS001,10,3,6,0,0,20.4,1299.2,2.59,0,12.8,4.99
R04,BUS015,11,1,19,0,1,16.0,1136.6,6.15,1,54.3,8.02
R02,BUS010,2,0,10,0,1,12.4,3078.4,5.16,0,51.1,18.38
R05,BUS008,10,2,10,0,1,18.0,3022.1,4.62,1,27.7,13.16
R02,BUS008,2,1,17,0,1,21.5,1772.5,4.65,0,46.7,6.52
R06,BUS016,12,6,5,1,0,31.4,3001.7,1.97,2,30.7,9.01
R05,BUS006,6,1,5,0,0,17.5,3208.1,2.64,0,24.3,12.2
R03,BUS011,2,1,5,0,0,14.5,3216.1,2.99,1,54.7,14.39
R05,BUS005,12,6,7,1,0,27.9,2377.8,2.95,0,5.0,6.12
R01,BUS001,10,6,6,1,0,29.3,1037.6,1.39,0,10.7,3.99
R06,BUS020,11,5,11,1,0,24.7,1810.4,0.65,1,44.0,4.79
R01,BUS012,3,0,19,0,1,14.2,2280.5,5.65,0,86.7,13.02
R06,BUS011,3,6,7,1,0,34.5,1842.3,0.68,0,45.1,3.83
R06,BUS009,6,6,18,1,0,34.9,884.8,0.87,1,15.9,1.8
R01,BUS001,9,2,9,0,1,14.3,1350.9,4.81,0,63.3,7.91
R05,BUS021,8,4,5,0,0,26.5,2875.4,2.39,1,38.8,8.39
R04,BUS014,11,5,10,1,0,24.9,905.5,2.42,0,16.1,2.83
R05,BUS023,5,4,20,0,1,14.5,1570.5,5.1,1,76.8,10.11
R02,BUS005,6,0,20,0,1,12.3,485.4,7.07,2,63.8,7.49
R03,BUS012,10,4,6,0,0,23.8,530.6,0.97,0,22.8,1.95
R01,BUS022,6,1,12,0,0,17.4,1178.6,0.92,0,34.9,5.11
R05,BUS007,9,5,7,1,0,28.3,3349.0,0.82,0,16.8,6.12
R03,BUS021,2,4,21,0,0,21.3,1547.4,2.0,0,43.6,4.92
R02,BUS005,3,3,15,0,0,29.7,1185.1,1.6,0,47.3,2.85
R04,BUS015,7,2,18,0,1,17.1,1829.0,4.55,0,68.9,7.7
R04,BUS006,5,4,10,0,1,17.8,3116.7,5.48,0,62.1,13.26
R01,BUS019,3,6,18,1,0,32.3,403.9,2.81,0,28.2,2.92
R01,BUS006,4,1,11,0,0,16.0,899.4,1.92,1,30.8,4.93
R01,BUS024,7,3,14,0,0,16.6,2295.4,1.74,0,37.5,8.66
R04,BUS024,11,0,22,0,0,25.2,2635.5,1.91,0,41.1,7.91
R05,BUS013,10,1,22,0,0,24.4,842.9,0.49,1,22.5,3.33
R02,BUS005,6,0,20,0,1,15.5,981.3,5.48,0,63.8,5.33
R05,BUS008,10,4,22,0,0,21.9,415.7,3.28,1,29.0,4.01
R05,BUS020,9,4,12,0,0,14.8,2573.6,1.1,0,5.0,10.55
R04,BUS021,5,1,21,0,0,23.4,1569.7,1.59,0,30.5,5.01
R05,BUS008,7,6,8,1,0,31.1,2768.9,2.34,0,42.7,6.4
R04,BUS005,5,4,17,0,1,13.6,1759.5,5.08,0,49.9,9.61
R03,BUS014,8,6,19,1,0,30.3,231.1,2.44,0,25.7,2.34
R01,BUS023,4,4,13,0,0,22.3,3309.2,1.56,0,54.6,9.96
R04,BUS024,2,4,14,0,0,31.1,277.5,1.19,0,34.2,0.3
R03,BUS016,3,4,11,0,0,28.4,3374.1,2.61,0,44.3,7.68
R05,BUS006,3,1,10,0,1,10.0,3210.4,6.0,1,41.5,23.23
R05,BUS006,8,2,19,0,1,25.9,2183.7,4.88,0,48.7,7.84
R05,BUS018,9,6,21,1,0,30.5,2147.0,0.56,0,52.9,4.4
R03,BUS017,10,0,17,0,1,13.2,2505.5,5.3,0,34.8,14.26
R03,BUS013,11,6,6,1,0,23.7,1673.0,1.35,0,22.8,4.81
R06,BUS006,5,5,8,1,0,26.7,3330.3,1.82,0,23.8,7.64
R03,BUS022,5,0,19,0,1,11.9,1726.4,4.75,1,50.5,11.64
R04,BUS018,1,4,14,0,0,25.3,1348.2,2.16,0,26.7,4.03
R05,BUS012,3,3,19,0,1,18.2,2596.2,4.89,0,71.3,9.81
R04,BUS008,9,1,15,0,0,30.6,2749.8,0.34,2,56.1,7.58
R04,BUS005,7,3,13,0,0,22.4,859.2,1.47,0,42.6,1.96
R04,BUS009,4,2,13,0,0,22.7,2668.8,1.48,0,72.3,8.48
R05,BUS021,4,4,13,0,0,12.2,1191.6,1.32,0,53.1,6.54
R05,BUS014,7,1,5,0,0,14.4,1939.9,2.25,1,32.9,9.53
R03,BUS001,7,2,11,0,0,20.8,1101.0,0.89,0,21.2,4.58
R01,BUS023,11,3,8,0,1,14.7,1638.1,5.08,0,58.1,8.6
R03,BUS001,9,4,16,0,0,12.1,1240.7,1.55,0,36.8,6.32
R06,BUS012,11,1,8,0,1,17.1,2814.9,3.97,0,61.5,10.63
R05,BUS017,1,6,16,1,0,26.0,2558.6,3.16,0,38.4,7.36
R06,BUS015,5,4,10,0,1,18.5,2312.4,6.36,0,38.8,9.32
R05,BUS021,11,4,14,0,0,22.1,2066.5,0.64,0,29.8,6.53
R02,BUS023,11,6,10,1,0,26.9,1639.2,0.4,1,47.0,3.76
R05,BUS006,6,0,19,0,1,17.4,1392.6,5.1,0,42.2,6.76
R01,BUS010,9,5,19,1,0,30.9,2073.8,1.56,0,51.3,4.88
R03,BUS008,5,0,20,0,1,11.5,1094.7,5.05,2,43.1,10.35
R03,BUS009,10,5,12,1,0,28.1,2756.1,0.9,0,66.4,6.92
R04,BUS018,11,4,7,0,0,24.6,3072.5,1.74,1,62.5,8.66
R04,BUS005,2,1,20,0,1,13.9,2206.4,6.09,0,65.0,12.13
R05,BUS009,5,0,10,0,1,13.6,2054.8,5.23,0,36.6,10.66
R03,BUS003,8,1,7,0,0,23.7,1827.4,1.73,0,31.5,4.75
R03,BUS011,8,5,18,1,0,21.2,705.3,1.31,0,59.2,1.81
R03,BUS024,3,5,7,1,0,32.2,3385.7,2.98,0,30.2,7.4
R02,BUS023,12,2,5,0,0,24.0,1367.4,0.17,0,23.5,3.93
R05,BUS019,6,3,13,0,0,21.1,3102.0,0.48,1,55.3,9.73
R02,BUS011,5,1,16,0,0,25.0,2207.9,1.78,0,7.7,5.54
R01,BUS006,12,4,21,0,0,21.8,3441.0,0.96,0,26.6,10.05
R03,BUS013,9,4,17,0,1,14.5,2677.7,5.59,0,65.2,13.25
R02,BUS008,4,5,11,1,0,32.8,3239.6,1.56,0,29.8,6.31
R02,BUS015,12,2,14,0,0,15.9,2064.5,0.0,0,20.1,7.46
R01,BUS019,6,1,5,0,0,23.1,2171.6,1.21,0,49.3,6.8
R01,BUS014,12,5,20,1,0,26.0,2490.6,0.81,0,29.5,6.82
R02,BUS007,5,0,11,0,0,28.2,3006.5,2.21,0,30.1,7.41
R03,BUS001,7,1,14,0,0,21.4,492.8,1.49,2,30.6,3.25
R04,BUS013,9,5,11,1,0,26.9,1264.6,0.88,0,41.4,2.29
R05,BUS004,12,4,10,0,1,18.0,3066.6,5.0,0,49.7,13.23
R04,BUS001,1,5,10,1,0,30.1,1359.2,2.89,0,42.0,3.76
R04,BUS014,1,2,19,0,1,12.5,1084.4,4.41,0,81.9,7.8
R05,BUS015,6,4,11,0,0,26.6,2487.3,2.12,0,38.3,6.5
R05,BUS023,2,6,11,1,0,25.5,1285.5,2.01,1,45.0,3.74
R04,BUS018,9,6,18,1,0,30.3,1847.4,1.99,0,46.0,4.18
R01,BUS023,9,0,22,0,0,25.4,2116.3,1.55,1,46.2,5.12
R04,BUS004,2,6,5,1,0,31.2,2675.4,1.66,0,28.5,5.41
R02,BUS008,3,0,13,0,0,21.6,3485.1,0.0,0,9.4,10.22
R03,BUS016,11,0,5,0,0,29.8,2068.4,2.12,0,44.4,4.59
R06,BUS023,6,3,14,0,0,20.4,1439.3,0.24,0,46.4,3.92
R03,BUS024,10,0,22,0,0,17.8,264.7,0.7,0,27.8,2.22
R01,BUS015,6,1,10,0,1,21.9,3039.0,4.28,1,87.1,11.19
R05,BUS012,3,6,21,1,0,30.1,3097.4,2.2,0,56.7,7.5
R06,BUS016,7,4,22,0,0,18.2,2731.5,0.33,0,46.4,8.57
R06,BUS008,2,0,13,0,0,22.3,3102.8,3.83,1,51.9,10.73
R06,BUS010,6,3,19,0,1,9.1,1688.5,4.74,0,37.5,13.09
R01,BUS007,4,2,12,0,0,25.4,1674.3,0.78,0,51.5,3.74
R03,BUS009,6,3,18,0,1,19.3,2291.5,3.95,0,82.1,8.21
R01,BUS019,10,1,20,0,1,14.4,416.3,5.3,0,87.6,3.54
R03,BUS003,12,4,22,0,0,20.4,2019.5,2.13,0,48.8,6.61
R06,BUS005,4,0,21,0,0,19.3,1612.2,0.59,0,32.5,5.45
R03,BUS008,5,4,20,0,1,12.6,753.6,4.41,0,47.8,6.23
R02,BUS001,2,3,21,0,0,30.5,1448.4,1.39,0,31.7,4.17
R04,BUS009,2,6,15,1,0,28.5,1462.3,1.45,0,54.3,3.98
R03,BUS007,1,2,20,0,1,15.6,2146.2,6.25,0,80.6,11.43
R05,BUS024,11,3,14,0,0,28.7,1654.2,1.31,0,29.4,3.86
R06,BUS024,10,1,5,0,0,26.0,676.7,1.59,2,50.4,3.07
R06,BUS019,3,4,22,0,0,21.9,2353.4,1.41,1,36.0,7.07
R03,BUS003,7,0,22,0,0,30.6,1239.0,3.31,0,33.6,3.48
R03,BUS023,5,2,9,0,1,17.1,1919.3,6.08,1,82.2,9.6
R05,BUS017,4,2,18,0,1,14.1,3119.1,5.06,1,77.2,15.32
R05,BUS008,9,3,8,0,1,14.0,2751.0,4.97,1,77.8,13.81
R05,BUS012,2,3,13,0,0,20.8,539.1,0.91,0,8.8,1.76
R06,BUS018,11,3,18,0,1,14.5,1806.9,5.6,0,54.0,10.0
R01,BUS020,6,5,5,1,0,18.9,1490.8,1.91,0,20.3,5.37
R05,BUS023,1,0,14,0,0,16.7,1335.8,2.79,0,29.7,6.68
R02,BUS019,11,0,16,0,0,27.5,934.7,2.12,1,53.9,3.75
R03,BUS023,9,0,8,0,1,14.0,1149.2,4.73,1,50.9,7.02
R03,BUS019,6,0,17,0,1,7.4,1411.2,4.32,0,80.6,13.86
R03,BUS013,1,3,21,0,0,17.6,2191.8,2.11,0,34.1,7.81
R01,BUS002,2,2,9,0,1,14.9,1176.0,4.8,0,78.7,6.89
R02,BUS009,6,2,5,0,0,16.7,1180.8,0.27,1,24.2,5.68
R02,BUS002,3,5,17,1,0,24.8,2431.6,0.89,1,11.8,6.41
R01,BUS017,11,6,15,1,0,36.0,941.0,0.97,0,22.5,1.53
R04,BUS017,2,3,18,0,1,12.4,2004.7,4.19,1,53.4,12.44
R02,BUS002,12,3,11,0,0,23.0,2076.1,1.57,0,39.9,5.69
R04,BUS004,7,5,16,1,0,37.0,631.3,2.23,0,41.3,1.71
R03,BUS001,8,4,5,0,0,21.7,2927.6,2.41,0,6.8,8.94
R02,BUS018,9,2,9,0,1,9.1,2760.7,4.93,1,81.5,21.79
R04,BUS011,10,4,20,0,1,9.3,947.6,4.82,0,42.6,8.32
R05,BUS003,6,4,15,0,0,29.7,2008.4,0.38,0,39.5,4.4
R01,BUS019,11,1,10,0,1,15.1,555.5,5.52,0,43.8,4.62
R02,BUS019,3,3,13,0,0,25.9,1725.9,2.15,1,44.6,4.78
R03,BUS009,1,3,7,0,0,19.3,3019.5,0.78,0,39.1,9.62
R01,BUS007,1,0,6,0,0,6.0,652.0,0.81,0,38.2,6.67
R06,BUS007,7,4,17,0,1,14.6,409.4,4.58,0,53.2,3.59
R06,BUS015,3,4,12,0,0,19.6,2639.2,0.45,1,33.1,9.12
R05,BUS016,5,4,13,0,0,23.9,359.7,1.92,0,34.4,1.81
R05,BUS010,7,5,16,1,0,21.8,1333.0,1.25,0,41.2,3.01
R04,BUS005,7,4,21,0,0,22.0,1654.3,1.95,1,66.3,6.1
R01,BUS001,8,4,13,0,0,27.5,583.5,2.07,0,31.8,1.74
R02,BUS015,4,5,22,1,0,27.5,1407.6,2.2,0,8.5,3.25
R05,BUS016,12,2,20,0,1,9.9,3276.3,5.22,0,56.3,21.27
R04,BUS004,2,6,15,1,0,25.4,2543.6,3.02,1,50.9,8.68
R04,BUS016,11,0,17,0,1,12.7,1320.5,4.77,0,59.1,8.44
R06,BUS002,12,4,15,0,0,16.5,1175.4,1.64,0,28.1,4.67
R02,BUS013,5,2,5,0,0,20.0,933.6,1.38,1,40.4,3.69
R04,BUS024,6,3,7,0,0,21.7,2137.7,1.99,1,26.8,7.67
R05,BUS005,6,3,6,0,0,26.8,1911.4,1.77,0,45.0,5.79
R02,BUS012,1,0,9,0,1,15.3,353.2,4.11,0,79.4,1.84
R02,BUS015,9,4,14,0,0,21.1,1458.7,1.21,1,27.4,5.03
R04,BUS011,8,0,6,0,0,7.4,3110.1,0.1,1,53.3,25.44
R01,BUS011,9,1,5,0,0,19.3,522.9,0.58,0,52.7,1.83
R01,BUS003,10,4,16,0,0,22.3,1512.4,3.04,1,33.3,5.86
R04,BUS009,1,3,15,0,0,19.1,1601.1,3.21,0,22.3,5.64
R01,BUS004,5,0,22,0,0,19.7,639.1,1.31,0,46.6,2.44
R05,BUS019,10,1,5,0,0,20.4,1079.9,1.51,1,57.4,4.46
R06,BUS001,11,4,17,0,1,15.8,3468.8,5.53,0,57.8,15.19
R02,BUS004,9,6,12,1,0,37.0,761.3,1.96,0,29.7,2.88
R01,BUS016,9,4,8,0,1,7.9,822.0,5.66,2,59.0,10.73
R02,BUS012,2,3,17,0,1,20.2,2780.8,3.4,0,45.6,10.63
R02,BUS019,4,4,6,0,0,28.8,796.3,1.37,0,19.9,1.95
R05,BUS020,12,2,8,0,1,15.2,2808.7,4.29,1,42.6,13.11
R01,BUS011,5,5,10,1,0,21.6,3088.2,1.67,0,39.9,8.49
R05,BUS003,2,1,16,0,0,20.1,2767.8,1.81,0,38.6,9.77
R05,BUS007,11,2,11,0,0,19.4,3369.8,1.43,0,44.2,11.8
R04,BUS005,11,0,7,0,0,27.3,1404.7,1.2,0,49.2,3.82
R01,BUS010,8,4,21,0,0,25.0,2454.9,2.03,0,42.2,5.92
R05,BUS021,2,4,21,0,0,32.2,865.3,1.04,2,31.0,4.8
R04,BUS016,12,2,18,0,1,11.0,3496.1,4.84,0,48.8,21.61
R02,BUS008,4,6,11,1,0,21.2,1681.1,1.73,0,5.7,6.1
R01,BUS022,7,2,9,0,1,12.5,898.4,5.97,0,52.3,6.26
R05,BUS003,5,0,21,0,0,18.3,2531.8,2.6,1,23.9,9.9
R04,BUS001,2,1,13,0,0,18.8,2464.0,1.59,0,44.1,8.48
R02,BUS004,9,4,10,0,1,13.3,3263.1,5.3,0,52.0,17.04
R03,BUS003,1,3,20,0,1,10.9,3337.1,6.49,0,46.2,20.42
R04,BUS009,2,0,9,0,1,17.2,2603.2,5.19,0,58.3,11.2
R04,BUS019,8,4,16,0,0,21.0,989.7,2.03,0,21.0,2.61
R02,BUS001,3,0,14,0,0,27.7,2113.0,1.06,1,34.2,5.84
R06,BUS012,11,4,14,0,0,22.3,267.6,2.6,0,28.2,2.91
R04,BUS021,11,6,11,1,0,22.8,2451.9,2.0,1,39.6,8.6
R01,BUS015,2,2,7,0,0,35.2,2914.6,1.1,0,21.6,4.91
R06,BUS015,12,0,19,0,1,6.8,873.8,4.87,0,37.1,9.73
R01,BUS010,10,5,19,1,0,32.3,3071.2,2.13,0,9.5,5.18
R01,BUS023,8,1,16,0,0,15.7,721.5,0.77,0,22.2,3.57
R04,BUS024,10,3,10,0,1,14.4,2469.0,4.13,0,83.4,12.48
R05,BUS021,2,5,21,1,0,32.4,2393.5,0.0,0,37.6,4.5
R05,BUS020,10,3,20,0,1,20.1,1724.2,3.84,0,79.3,6.92
R06,BUS003,6,2,20,0,1,18.6,420.9,2.49,0,88.3,2.86
R04,BUS019,5,2,12,0,0,23.8,2270.8,0.84,0,37.2,7.44
R02,BUS012,4,4,5,0,0,22.3,3236.9,2.11,0,5.0,9.46
R06,BUS003,7,2,19,0,1,14.5,3286.5,6.12,0,68.1,17.07
R03,BUS007,4,4,21,0,0,24.5,2472.0,3.41,0,56.9,7.87
R05,BUS022,3,0,7,0,0,25.1,2230.4,0.48,1,16.7,6.05
R04,BUS012,2,6,15,1,0,29.4,482.5,2.51,0,19.3,1.13
R06,BUS011,10,1,18,0,1,14.9,2398.6,5.36,0,76.0,13.08
R02,BUS015,6,4,14,0,0,18.3,2483.0,0.0,0,37.0,8.19
R03,BUS010,10,6,14,1,0,27.8,749.1,1.46,0,43.4,1.92
R02,BUS023,7,0,12,0,0,21.0,2919.6,1.87,0,23.0,7.69
R05,BUS015,5,4,14,0,0,18.9,852.4,0.78,0,34.8,3.27
R06,BUS022,6,0,5,0,0,20.6,1210.1,2.28,0,48.2,4.07
R03,BUS011,11,3,13,0,0,24.0,1205.8,1.59,0,34.0,3.74
R03,BUS005,11,4,13,0,0,24.3,1785.2,1.66,0,34.9,4.87
R03,BUS003,11,4,20,0,1,18.3,1760.6,5.31,2,71.1,9.99
R05,BUS010,12,2,13,0,0,24.0,838.9,1.61,1,23.3,3.55
R03,BUS012,2,5,13,1,0,28.2,386.9,0.52,0,29.7,0.85
R04,BUS014,11,4,12,0,0,29.4,2824.4,0.42,0,36.5,5.56
R03,BUS011,7,2,7,0,0,23.8,2493.5,1.46,0,38.2,7.44
R01,BUS006,9,5,21,1,0,27.9,402.3,0.97,0,42.3,1.55
R06,BUS023,6,5,22,1,0,34.5,2239.3,0.9,0,36.2,4.39
R02,BUS003,3,3,16,0,0,17.8,1599.9,0.82,1,25.8,5.98
R03,BUS016,5,1,17,0,1,14.1,730.9,4.86,0,59.6,4.8
R05,BUS010,4,6,19,1,0,25.9,1897.6,2.04,0,36.6,5.17
R02,BUS001,8,1,9,0,1,9.7,2562.1,5.47,1,60.5,19.44
R01,BUS005,12,2,22,0,0,25.1,1241.7,1.18,0,38.8,3.11
R02,BUS013,7,0,20,0,1,11.4,1729.3,5.31,0,20.1,11.26
R06,BUS018,6,2,16,0,0,22.9,2030.7,2.29,0,51.5,6.55
R01,BUS007,10,0,19,0,1,14.8,1887.4,5.62,0,70.3,9.42
R06,BUS022,7,1,5,0,0,18.0,1173.3,1.03,0,47.1,3.18
R04,BUS023,6,0,7,0,0,19.5,1684.2,2.53,1,47.3,6.47
R01,BUS018,2,6,14,1,0,34.1,1213.4,1.2,0,5.0,2.62
R06,BUS018,10,3,22,0,0,18.4,3431.2,1.28,0,34.9,11.18
R04,BUS010,1,3,11,0,0,21.7,3495.1,1.91,0,47.4,10.95
R03,BUS002,12,3,19,0,1,11.2,2607.8,3.77,0,43.9,15.14
R04,BUS021,9,0,7,0,0,26.2,1511.3,2.21,1,5.0,4.76
R06,BUS005,2,1,19,0,1,14.2,1144.3,3.87,0,59.5,6.7
R02,BUS022,11,0,11,0,0,16.4,3119.8,0.86,0,17.0,11.44
R05,BUS015,3,2,15,0,0,22.0,2697.5,1.49,0,37.3,7.79
R05,BUS019,4,6,5,1,0,32.1,2175.5,1.18,1,22.0,6.85
R05,BUS016,8,1,15,0,0,22.0,1164.1,1.28,0,43.9,2.42
R04,BUS022,6,4,9,0,1,12.7,418.8,4.71,0,61.3,4.45
R03,BUS006,3,5,20,1,0,28.4,2672.3,2.69,0,56.2,7.01
R05,BUS007,9,0,12,0,0,27.0,1642.7,1.05,0,59.3,4.32
R05,BUS016,1,1,11,0,0,20.8,2621.1,1.65,2,43.6,10.78
R06,BUS012,9,3,7,0,0,21.6,601.9,2.56,1,20.5,2.13
R01,BUS007,3,0,20,0,1,9.0,2284.1,4.96,0,65.3,17.26
R03,BUS022,9,4,22,0,0,20.6,2077.6,0.04,0,26.4,6.28
R02,BUS017,1,5,17,1,0,25.5,2496.2,1.71,0,17.7,5.48
R03,BUS017,9,0,16,0,0,19.2,2927.2,0.9,0,31.5,10.18
R05,BUS012,11,1,15,0,0,29.6,860.9,2.96,0,28.4,3.52
R03,BUS014,10,3,13,0,0,25.2,1485.3,2.26,0,33.0,4.83
R05,BUS007,2,2,19,0,1,18.5,503.6,4.91,0,39.9,3.52
R05,BUS016,11,5,11,1,0,23.4,1058.2,0.72,1,43.7,3.47
R01,BUS013,6,0,11,0,0,34.8,1872.4,1.19,0,22.6,3.93
R06,BUS009,7,6,14,1,0,30.2,2384.6,1.23,0,38.4,5.08
R01,BUS019,7,2,6,0,0,24.0,2018.0,2.61,0,28.2,6.01
R05,BUS008,1,1,21,0,0,18.3,2463.9,1.47,0,34.7,8.25
R05,BUS023,10,1,21,0,0,22.2,352.9,1.59,0,37.9,1.98
R02,BUS017,8,2,13,0,0,26.9,1949.2,1.2,0,53.7,4.89
R03,BUS019,3,2,6,0,0,17.8,647.3,1.04,0,15.6,3.33
R02,BUS009,11,1,9,0,1,19.6,3442.4,4.92,0,62.3,11.88
R02,BUS021,12,4,20,0,1,10.5,1080.4,4.95,0,76.2,7.93
R05,BUS014,5,2,6,0,0,21.6,1231.1,1.77,0,28.8,4.37
R03,BUS012,3,0,10,0,1,18.7,2368.5,4.91,1,69.6,10.4
R02,BUS023,7,4,17,0,1,20.7,2297.5,5.31,0,67.9,8.75
R03,BUS008,4,5,15,1,0,30.5,976.8,2.72,0,42.5,4.12
R03,BUS001,4,1,16,0,0,17.5,881.2,1.37,0,5.0,3.6
R06,BUS018,10,2,20,0,1,19.8,1825.8,4.94,0,74.1,7.1
R04,BUS007,8,2,14,0,0,18.9,1644.9,0.63,0,44.0,5.0
R01,BUS004,10,4,9,0,1,12.7,816.6,5.64,0,84.1,4.83
R03,BUS022,2,4,12,0,0,16.0,332.7,1.38,0,48.8,2.25
R06,BUS011,4,1,9,0,1,8.6,1009.4,5.34,0,88.0,9.25
R06,BUS005,11,0,9,0,1,9.4,1956.0,4.99,0,72.5,14.26
R04,BUS003,3,4,10,0,1,6.5,1241.5,4.02,0,69.1,13.53
R02,BUS012,12,1,11,0,0,26.1,816.2,1.88,1,24.8,3.87
R03,BUS007,3,3,16,0,0,20.3,1983.4,1.98,0,47.0,6.57
R04,BUS017,8,1,7,0,0,10.8,2633.9,0.94,0,52.4,14.85
R05,BUS004,11,0,20,0,1,14.6,1857.8,6.56,0,28.3,9.97
R01,BUS021,11,5,21,1,0,32.5,487.6,2.85,0,35.9,1.31
R05,BUS004,3,3,21,0,0,27.0,3073.1,1.55,0,23.4,6.82
R02,BUS015,5,1,18,0,1,18.8,3097.2,4.11,1,71.5,11.7
R02,BUS024,5,2,13,0,0,17.9,3031.7,0.13,0,50.9,10.02
R06,BUS014,5,3,18,0,1,12.5,368.3,5.15,0,96.5,3.43
R01,BUS022,1,2,18,0,1,16.9,2987.3,4.47,0,86.9,12.56
R04,BUS007,11,2,15,0,0,29.4,1329.6,1.95,0,32.7,3.8
R06,BUS017,9,4,16,0,0,15.6,2824.4,1.07,0,22.3,11.66
R06,BUS017,9,5,9,1,0,25.8,2253.7,1.07,0,5.0,5.49
R03,BUS006,11,0,11,0,0,18.8,3477.6,2.89,1,39.5,13.35
R05,BUS020,2,0,18,0,1,13.5,1275.1,5.23,0,59.8,7.48
R06,BUS006,8,2,9,0,1,7.2,1352.9,4.44,0,61.7,13.25
R05,BUS007,3,1,9,0,1,14.2,1214.2,5.33,0,48.6,8.26
R05,BUS001,11,5,13,1,0,26.1,2904.5,3.43,0,81.7,8.4
R04,BUS018,2,5,19,1,0,29.6,835.1,1.41,0,28.2,3.83
R02,BUS013,3,1,9,0,1,10.8,2155.9,3.6,0,72.5,13.97
R01,BUS010,1,4,19,0,1,21.1,3417.0,5.67,0,59.1,11.96
R04,BUS009,11,1,14,0,0,23.5,2226.6,2.59,0,29.0,6.61
R05,BUS013,2,0,5,0,0,16.1,2262.2,1.34,0,33.3,9.59
R04,BUS023,8,2,5,0,0,21.8,499.0,0.22,0,26.4,0.33
R02,BUS021,10,3,14,0,0,21.2,1883.8,1.71,0,52.5,6.09
R02,BUS001,8,4,6,0,0,25.2,2998.4,0.75,0,34.3,6.7
R02,BUS009,8,5,18,1,0,30.2,3311.3,0.83,0,65.0,6.59
R04,BUS009,3,6,20,1,0,22.4,1400.6,1.49,0,46.9,5.3
R05,BUS020,6,4,9,0,1,11.3,2985.3,5.92,1,65.0,17.5
R03,BUS009,4,1,21,0,0,15.7,3082.5,0.93,0,44.1,13.25
R06,BUS008,11,2,9,0,1,15.8,363.3,4.61,1,71.5,3.93
R02,BUS007,7,4,20,0,1,14.6,684.5,6.19,0,54.4,5.3
R03,BUS018,10,3,13,0,0,23.4,2200.9,1.67,0,52.1,6.28
R02,BUS015,7,6,13,1,0,25.2,2472.3,0.67,0,26.3,6.26
R02,BUS004,5,1,10,0,1,14.6,365.2,5.59,0,49.0,2.17
R02,BUS003,8,2,17,0,1,12.0,2208.8,6.67,0,71.8,13.2
R03,BUS002,1,2,20,0,1,17.2,3498.4,5.01,0,69.0,14.7
R04,BUS006,8,5,14,1,0,22.2,1494.9,0.94,0,39.5,4.31
R02,BUS008,10,3,12,0,0,21.2,687.0,2.13,0,61.2,2.95
R06,BUS018,1,6,13,1,0,26.6,2031.2,0.92,0,31.6,3.55
R02,BUS008,8,4,15,0,0,21.3,1446.1,2.41,0,57.8,4.92
R05,BUS019,1,3,20,0,1,15.0,2970.3,4.71,0,55.1,12.7
R05,BUS004,1,1,13,0,0,17.2,3167.7,0.44,0,40.6,10.89
R02,BUS019,2,2,19,0,1,18.1,368.0,5.44,0,50.9,3.75
R06,BUS014,9,4,22,0,0,28.6,526.2,1.43,1,25.5,2.33
R05,BUS009,3,0,13,0,0,20.9,538.1,1.24,0,16.9,2.41
R06,BUS007,9,5,17,1,0,26.3,894.0,2.65,0,37.9,2.96
R01,BUS021,2,6,17,1,0,25.6,2241.3,0.39,0,38.0,7.03
R02,BUS017,6,3,6,0,0,18.2,3275.4,2.74,0,24.8,10.99
R03,BUS010,1,6,17,1,0,23.4,1848.1,1.31,0,10.3,5.3
R05,BUS022,1,3,17,0,1,10.6,3339.7,4.88,0,48.7,20.55
R01,BUS009,4,4,19,0,1,14.0,868.9,5.05,0,68.9,5.59
R02,BUS020,5,4,21,0,0,26.8,2405.4,1.86,0,10.5,6.86
R04,BUS014,2,0,22,0,0,19.9,1581.9,3.17,0,53.2,6.38
R02,BUS019,3,1,18,0,1,17.1,1313.1,2.66,1,62.4,5.56
R03,BUS005,5,0,22,0,0,13.8,3450.8,2.76,0,25.8,15.84
R05,BUS011,12,0,17,0,1,6.5,647.2,4.8,0,59.7,7.54
R03,BUS023,8,2,8,0,1,11.0,2354.6,6.04,0,74.3,15.4
R05,BUS013,11,4,6,0,0,27.4,2233.5,0.65,0,53.6,5.74
R06,BUS014,2,1,8,0,1,17.9,2787.7,4.06,0,54.8,10.83
R03,BUS016,7,1,21,0,0,20.7,2853.1,0.92,0,44.7,8.89
R03,BUS017,11,5,10,1,0,25.9,1009.0,2.72,1,56.7,5.61
R06,BUS011,9,0,10,0,1,13.7,1485.2,4.67,0,61.5,8.39
R02,BUS021,3,5,19,1,0,27.5,2580.9,0.68,1,55.7,6.63
R02,BUS019,9,5,18,1,0,22.7,725.3,1.32,0,38.8,1.36
R05,BUS012,7,4,22,0,0,20.8,572.6,2.06,0,43.0,2.44
R04,BUS012,7,3,19,0,1,13.6,741.4,4.18,0,64.0,4.59
R05,BUS013,7,6,19,1,0,14.5,1488.5,2.17,0,61.3,6.82
R03,BUS021,9,1,22,0,0,15.2,2002.7,1.55,1,32.8,8.54
R05,BUS012,3,1,10,0,1,12.3,589.9,4.56,0,70.0,5.2
R04,BUS019,1,1,6,0,0,31.3,1263.9,1.45,2,52.9,4.51
R02,BUS024,4,3,22,0,0,22.1,1069.0,1.87,0,49.9,3.47
R01,BUS016,4,5,12,1,0,26.1,2814.2,1.12,0,46.9,6.99
R01,BUS022,1,2,19,0,1,11.5,1908.1,4.88,1,62.1,12.9
R01,BUS016,4,4,13,0,0,20.7,2100.5,0.84,2,41.0,7.76
R01,BUS013,11,0,19,0,1,16.6,395.1,3.32,0,52.1,3.02
R01,BUS022,6,0,6,0,0,22.1,3431.0,0.8,0,7.2,9.47
R01,BUS021,2,6,11,1,0,31.9,2257.8,0.0,0,52.4,4.98
R01,BUS004,2,0,6,0,0,23.2,2260.3,2.34,0,24.2,7.71
R05,BUS007,4,1,15,0,0,27.6,2272.9,1.36,0,17.5,4.13
R01,BUS011,2,6,9,1,0,22.3,3293.8,0.99,0,38.3,9.4
R05,BUS021,5,6,21,1,0,31.4,2622.9,0.41,0,37.7,5.12
R03,BUS019,10,1,16,0,0,26.7,1105.9,1.87,0,37.0,3.7
R06,BUS016,8,3,9,0,1,20.8,506.3,5.98,1,71.4,5.14
R02,BUS020,2,4,5,0,0,20.8,616.2,2.12,0,26.8,1.9
R02,BUS009,6,0,13,0,0,20.4,2596.2,1.55,1,42.4,9.36
R05,BUS013,12,2,15,0,0,19.3,3254.5,2.51,0,44.0,11.02
R06,BUS016,3,2,13,0,0,28.0,3012.6,1.88,0,41.7,5.94
R05,BUS010,1,6,14,1,0,32.1,571.9,1.29,1,27.0,2.51
R04,BUS005,7,0,12,0,0,28.8,547.9,1.42,1,50.0,1.83
R03,BUS007,6,0,5,0,0,17.2,554.8,1.24,1,20.0,3.15
R01,BUS008,5,1,8,0,1,14.3,2528.7,4.47,0,73.2,13.3
R05,BUS023,8,3,18,0,1,19.6,2154.5,6.1,0,50.6,8.81
R02,BUS021,3,2,11,0,0,24.2,1166.3,1.75,0,52.4,3.32
R03,BUS002,5,4,11,0,0,20.6,1972.7,0.85,2,67.2,9.1
R01,BUS006,7,6,13,1,0,32.6,547.3,1.7,0,33.8,1.62
R02,BUS021,10,4,6,0,0,18.5,2932.1,1.8,0,48.3,9.63
R04,BUS012,3,1,8,0,1,17.1,905.6,6.22,0,64.1,6.42
R05,BUS019,5,3,12,0,0,21.5,1858.5,1.58,0,22.4,6.66
R02,BUS019,1,2,8,0,1,14.6,2768.3,5.3,1,78.2,13.97
R05,BUS019,8,0,6,0,0,17.5,2930.0,1.31,1,51.5,11.45
R03,BUS009,5,0,16,0,0,13.9,1045.5,1.66,0,28.8,5.68
R06,BUS019,9,6,9,1,0,27.2,1623.2,2.18,1,59.9,4.38
R05,BUS008,4,1,6,0,0,24.4,3487.7,0.51,0,26.0,8.07
R01,BUS016,4,4,22,0,0,21.6,3061.1,1.29,0,49.0,8.4
R06,BUS022,11,1,21,0,0,20.5,2857.2,1.19,0,23.0,9.23
R06,BUS007,8,1,20,0,1,15.4,461.9,4.76,1,68.0,5.31
R02,BUS008,11,1,10,0,1,8.5,2453.3,5.4,1,78.6,20.07
R04,BUS005,6,6,11,1,0,34.8,1040.7,1.65,0,24.9,1.48
R03,BUS002,2,4,17,0,1,10.9,756.3,5.36,0,75.6,8.29
R06,BUS006,1,5,7,1,0,37.8,3086.4,0.35,1,45.4,5.97
R03,BUS022,9,1,11,0,0,25.9,1608.3,1.04,1,41.6,5.48
R05,BUS021,7,6,16,1,0,33.7,2981.1,2.01,1,5.0,6.16
R05,BUS017,1,4,6,0,0,21.6,527.6,2.63,0,24.7,2.62
R04,BUS022,1,5,7,1,0,24.3,1253.4,1.97,2,38.1,6.06
R01,BUS018,12,5,16,1,0,31.7,654.2,1.21,0,41.5,1.71
R04,BUS008,3,2,12,0,0,23.2,2691.2,1.13,2,47.7,10.32
R02,BUS016,12,3,12,0,0,26.8,3295.7,0.5,0,12.3,7.77
R06,BUS016,11,2,19,0,1,11.2,640.6,5.15,0,50.3,5.26
R06,BUS012,6,5,10,1,0,37.9,1609.6,0.54,0,23.4,2.3
R02,BUS006,9,0,15,0,0,19.6,2278.6,1.16,0,48.0,6.45
R06,BUS024,6,3,8,0,1,14.1,2041.7,5.15,0,69.5,10.77
R03,BUS010,4,0,8,0,1,15.3,1185.7,5.82,1,62.6,7.39
R03,BUS015,7,5,14,1,0,25.0,324.9,1.45,0,50.4,0.92
R01,BUS019,7,0,14,0,0,37.0,1390.5,1.75,1,46.0,4.15
R04,BUS009,1,6,6,1,0,32.9,3064.5,3.68,0,42.2,6.71
R04,BUS003,9,6,7,1,0,33.0,1985.7,2.44,0,20.4,2.42
R03,BUS007,1,5,8,1,0,26.6,1603.2,2.06,0,21.1,4.11
R02,BUS024,11,2,15,0,0,18.1,1609.7,1.35,0,15.6,5.9
R06,BUS007,4,3,12,0,0,19.4,1938.9,1.97,0,7.2,6.96
R02,BUS013,7,1,16,0,0,19.9,840.5,2.22,0,57.6,3.5
R04,BUS015,5,4,22,0,0,28.0,2694.5,0.4,0,28.1,6.03
R06,BUS012,12,2,11,0,0,24.7,3085.9,1.84,1,42.2,8.79
R04,BUS020,8,1,10,0,1,20.1,423.5,6.63,2,44.3,6.9
R01,BUS008,8,1,14,0,0,16.5,570.6,1.74,1,25.7,3.74
R03,BUS019,11,6,11,1,0,25.4,877.9,1.74,0,49.6,2.35
R04,BUS021,6,4,20,0,1,17.9,1402.3,6.71,0,32.1,6.83
R04,BUS012,8,0,19,0,1,10.7,1603.6,6.11,1,61.7,11.91
R04,BUS007,2,3,10,0,1,11.9,3153.4,5.62,0,74.7,19.06
R06,BUS009,8,0,6,0,0,16.9,2887.6,1.4,2,32.0,13.62
R05,BUS012,11,5,10,1,0,24.6,257.8,1.33,0,12.7,0.31
R06,BUS006,4,6,15,1,0,25.5,973.5,3.21,0,69.4,3.16
R03,BUS021,11,1,20,0,1,21.3,2892.8,4.36,1,80.1,11.39
R04,BUS011,10,1,5,0,0,27.1,645.8,1.04,0,43.2,1.71
R04,BUS003,10,2,11,0,0,26.6,2809.0,2.03,0,21.1,7.23
R01,BUS004,5,0,12,0,0,18.2,1966.1,0.0,0,41.1,5.9
R05,BUS013,6,0,18,0,1,14.2,2814.1,4.45,0,93.7,14.3
R03,BUS009,9,5,6,1,0,27.7,3281.2,0.04,2,53.7,8.21
R02,BUS013,1,6,7,1,0,39.2,1562.6,1.5,0,42.8,1.82
R04,BUS014,2,4,8,0,1,8.8,1651.6,3.62,1,49.2,14.18
R02,BUS002,3,1,22,0,0,16.5,2691.8,0.5,0,9.2,9.8
R02,BUS015,8,0,13,0,0,11.9,2290.2,0.71,1,56.7,13.45
R03,BUS015,2,5,14,1,0,34.2,2371.2,1.72,0,29.6,4.29
R02,BUS016,8,2,6,0,0,16.3,687.0,2.01,1,57.8,4.39
R04,BUS015,9,2,10,0,1,20.0,1656.5,4.97,0,62.0,6.35
R02,BUS020,2,4,8,0,1,12.2,3356.9,3.98,1,74.1,19.01
R02,BUS024,9,5,16,1,0,28.2,447.7,1.77,0,21.1,1.12
R04,BUS021,8,1,9,0,1,9.3,1433.8,5.63,0,64.4,11.86
R01,BUS018,5,1,22,0,0,20.1,1793.3,0.29,0,48.5,5.65
R01,BUS018,10,5,6,1,0,33.7,1066.4,2.2,0,34.1,3.56
R01,BUS010,6,1,9,0,1,14.4,3087.3,4.74,0,69.5,16.61
R06,BUS024,9,6,7,1,0,37.8,3072.3,1.37,0,46.9,5.26
R02,BUS018,6,2,10,0,1,17.3,1413.0,6.06,0,78.5,7.6
R02,BUS005,2,5,7,1,0,27.2,701.1,2.81,0,16.3,3.07
R05,BUS008,3,6,16,1,0,20.5,510.2,2.17,1,27.1,3.29
R03,BUS010,7,5,6,1,0,31.7,2601.8,0.22,0,49.0,3.62
R02,BUS014,7,0,11,0,0,14.9,1911.8,2.04,0,8.8,8.47
R01,BUS018,3,5,15,1,0,35.6,2799.9,2.62,1,76.5,5.66
R06,BUS024,1,2,14,0,0,17.0,2216.0,1.76,2,20.8,10.57
R05,BUS009,4,6,12,1,0,19.4,1840.7,1.85,0,9.8,6.54
R05,BUS017,12,1,13,0,0,24.8,679.7,0.96,0,26.5,2.92
R06,BUS006,6,2,5,0,0,27.5,776.1,1.05,0,51.0,2.34
R01,BUS014,6,0,5,0,0,27.8,1546.1,1.34,0,23.9,3.64
R06,BUS007,8,1,14,0,0,14.6,1882.0,0.76,0,13.2,9.33
R05,BUS016,1,3,14,0,0,13.9,3071.7,0.0,0,59.1,13.85
R04,BUS023,1,0,19,0,1,5.0,2780.3,6.16,0,76.2,35.82
R06,BUS016,8,3,17,0,1,10.6,1162.6,5.78,0,74.8,9.29
R01,BUS021,1,2,11,0,0,21.5,310.5,1.04,0,32.9,1.18
R05,BUS002,7,6,7,1,0,25.7,2725.7,1.75,0,31.4,7.48
R04,BUS002,11,0,15,0,0,29.4,1222.2,2.09,0,18.3,2.16
R05,BUS011,2,5,16,1,0,32.0,2888.3,1.86,0,30.0,5.47
R03,BUS005,8,4,8,0,1,8.6,200.4,4.78,0,47.9,3.37
R03,BUS006,11,4,18,0,1,24.0,3000.5,4.44,0,77.2,9.12
R02,BUS003,10,3,5,0,0,18.9,517.2,1.1,0,43.4,1.33
R03,BUS021,6,4,19,0,1,11.1,1214.5,5.27,0,61.6,8.88
R03,BUS023,4,6,5,1,0,26.8,298.1,0.68,0,35.2,1.3
R05,BUS011,5,2,21,0,0,18.0,1902.2,0.83,0,45.9,7.02
R06,BUS023,11,4,13,0,0,20.2,2083.4,1.48,0,25.0,6.95
R01,BUS023,9,2,16,0,0,22.0,2222.6,2.35,0,33.2,6.86
R03,BUS023,9,0,14,0,0,16.2,730.6,2.1,2,41.1,5.91
R04,BUS010,3,5,20,1,0,22.3,1443.2,2.08,0,48.7,4.78
R06,BUS024,3,1,20,0,1,13.6,1500.4,4.55,0,68.5,8.38
R04,BUS012,6,1,18,0,1,10.7,227.3,4.62,0,53.8,3.75
R05,BUS003,9,4,10,0,1,9.8,3061.3,4.53,0,63.3,20.16
R06,BUS019,1,5,9,1,0,27.4,1086.0,2.2,0,26.6,3.42
R04,BUS013,9,3,5,0,0,27.6,421.8,0.35,0,19.9,1.86
R03,BUS006,10,3,10,0,1,15.5,618.4,4.7,1,60.7,4.97
R06,BUS005,3,3,17,0,1,18.9,1684.0,3.95,0,58.0,7.8
R01,BUS021,11,5,21,1,0,26.1,2338.3,0.99,1,19.3,5.39
R03,BUS003,1,5,14,1,0,31.6,371.0,0.33,0,38.9,0.69
R05,BUS011,6,5,6,1,0,31.2,1314.3,2.43,0,5.0,3.83
R04,BUS010,12,6,5,1,0,31.6,1561.2,1.75,0,25.7,4.1
R05,BUS006,11,5,11,1,0,28.5,849.9,0.9,0,43.7,1.61
R01,BUS021,9,3,20,0,1,14.3,1986.1,4.09,0,72.2,9.46
R02,BUS003,3,4,20,0,1,18.0,926.6,5.23,0,65.8,5.29
R01,BUS010,3,3,15,0,0,26.4,3274.0,0.74,0,46.3,7.71
R03,BUS020,10,3,14,0,0,28.2,2310.3,2.38,1,40.4,6.56
R04,BUS009,8,1,8,0,1,17.6,1649.8,6.35,0,57.0,8.07
R06,BUS019,1,3,10,0,1,17.3,1689.6,4.91,1,54.7,8.0
R03,BUS015,6,3,12,0,0,27.3,1061.4,2.2,1,25.7,3.69
R01,BUS015,8,5,20,1,0,24.7,509.9,1.39,0,5.0,1.4
R01,BUS018,11,1,5,0,0,29.7,352.7,2.59,0,27.5,2.0
R04,BUS016,3,6,10,1,0,22.4,1794.8,0.02,0,40.5,4.71
R04,BUS023,1,0,13,0,0,17.5,2680.3,1.17,0,47.7,9.75
R03,BUS019,12,4,6,0,0,27.1,2347.1,2.57,0,37.4,6.68
R04,BUS008,1,1,8,0,1,21.0,891.7,6.13,0,55.3,5.7
R01,BUS009,11,5,17,1,0,31.2,1250.2,1.04,0,39.0,4.43
R02,BUS005,3,0,7,0,0,21.8,1504.2,1.19,0,20.6,4.59
R04,BUS006,2,6,18,1,0,20.3,3109.9,2.22,0,69.2,10.15
R03,BUS017,6,4,10,0,1,22.3,1336.1,6.11,0,38.8,5.5
R02,BUS010,6,3,18,0,1,13.7,218.5,5.31,0,49.7,3.01
R05,BUS011,3,4,20,0,1,13.5,580.9,4.35,0,50.9,4.72
R04,BUS006,6,6,10,1,0,23.1,790.2,1.15,0,23.1,1.67
R06,BUS002,4,5,11,1,0,26.5,3420.3,0.91,0,56.9,8.81
R06,BUS021,12,4,22,0,0,24.8,2118.8,1.22,1,38.8,6.17
R03,BUS017,3,0,11,0,0,21.4,1453.0,1.86,0,18.9,5.04
R05,BUS003,8,1,8,0,1,20.5,2110.1,4.73,0,59.2,8.59
R04,BUS007,11,5,7,1,0,25.6,2983.7,2.38,0,31.1,8.09
R06,BUS014,5,0,13,0,0,13.0,1996.0,2.16,0,56.1,10.43
R03,BUS002,9,1,5,0,0,26.2,2027.4,1.69,0,41.5,4.39
R03,BUS003,5,6,7,1,0,34.7,310.4,2.82,0,43.5,1.96
R06,BUS021,9,6,19,1,0,24.5,1638.4,1.7,0,28.0,3.52
R04,BUS005,6,2,9,0,1,15.3,2756.0,6.36,0,49.3,13.1
R05,BUS002,5,6,6,1,0,30.0,901.9,2.03,2,46.0,4.8
R06,BUS005,7,5,14,1,0,18.9,2984.9,0.71,1,15.2,9.48
R06,BUS010,5,4,17,0,1,9.8,1403.3,5.73,1,36.8,11.18
R01,BUS011,10,3,6,0,0,18.5,1779.2,1.98,0,36.4,6.43
R02,BUS012,3,3,11,0,0,31.1,2808.4,0.68,1,26.5,6.59
R01,BUS015,1,5,13,1,0,28.6,3447.5,1.12,0,54.5,8.08
R01,BUS007,6,6,21,1,0,29.7,908.6,2.58,0,40.7,3.48
R05,BUS009,11,5,19,1,0,27.8,481.9,2.03,1,54.7,2.45
R04,BUS020,7,5,20,1,0,29.0,1796.2,2.08,0,25.0,3.66
R04,BUS019,4,0,20,0,1,14.3,2136.3,4.37,1,91.4,11.13
R05,BUS024,1,2,7,0,0,12.0,2158.7,0.37,1,40.0,10.99
R01,BUS016,3,6,10,1,0,27.1,3269.4,1.42,0,41.2,7.29
R04,BUS024,3,2,12,0,0,23.4,2666.1,1.51,0,25.1,6.76
R02,BUS015,6,6,17,1,0,28.9,2760.9,2.5,0,50.0,6.84
R03,BUS019,11,2,6,0,0,14.7,1032.9,0.54,0,46.8,3.6
R04,BUS006,1,6,7,1,0,28.3,683.5,0.47,0,43.0,1.09
R06,BUS008,3,6,16,1,0,22.7,2586.1,1.0,2,26.4,10.24
R01,BUS024,3,6,16,1,0,24.1,554.2,1.73,0,52.2,2.09
R04,BUS012,11,0,19,0,1,8.0,2598.4,5.95,0,58.1,21.04
R01,BUS016,5,2,19,0,1,12.2,384.5,4.58,0,75.3,3.0
R04,BUS023,7,1,10,0,1,11.0,2634.1,3.14,0,72.4,14.84
R03,BUS005,10,5,16,1,0,22.0,3263.0,2.58,0,46.5,9.27
R05,BUS015,12,5,18,1,0,26.6,1815.7,2.3,1,26.6,6.28
R03,BUS009,4,2,17,0,1,16.6,3479.0,4.92,0,61.5,14.13
R01,BUS001,10,0,16,0,0,30.6,1382.6,1.89,0,30.8,2.37
R06,BUS002,5,3,17,0,1,8.8,3126.3,4.68,0,64.4,22.89
R02,BUS001,2,6,9,1,0,38.2,219.5,1.06,1,32.8,0.89
R03,BUS015,5,5,8,1,0,31.3,2548.5,1.68,1,57.6,6.35
R04,BUS013,6,1,8,0,1,14.5,1863.3,4.6,0,56.0,8.04
R05,BUS008,2,2,8,0,1,16.0,2368.9,4.63,0,44.0,10.9
R05,BUS015,9,6,6,1,0,32.6,936.1,1.92,0,40.3,3.17
R04,BUS017,11,3,20,0,1,13.4,1782.8,3.91,0,49.8,10.77
R04,BUS023,1,6,10,1,0,17.1,777.5,0.42,0,43.1,3.47
R05,BUS007,5,4,15,0,0,10.0,1378.7,2.83,0,30.1,8.91
R04,BUS015,10,3,10,0,1,3.9,3368.8,5.88,0,63.9,54.55
R04,BUS005,1,2,8,0,1,10.7,548.8,5.85,0,60.1,5.55
R03,BUS007,1,4,17,0,1,20.0,2238.3,3.71,0,74.5,8.5
R01,BUS015,8,5,16,1,0,22.7,1254.3,0.37,0,16.3,3.46
R03,BUS015,10,3,20,0,1,13.1,1502.6,4.39,1,63.1,9.23
R06,BUS019,8,0,19,0,1,10.6,816.0,5.45,1,98.5,8.65
R02,BUS007,9,5,14,1,0,29.3,3031.5,1.13,0,39.5,6.95
R05,BUS021,10,4,6,0,0,18.5,1829.9,3.45,0,31.3,7.87
R02,BUS011,2,4,7,0,0,21.5,567.8,2.72,0,27.0,3.17
R02,BUS014,8,1,15,0,0,11.4,2763.7,3.17,0,34.2,15.32
R01,BUS015,9,2,7,0,0,28.2,982.3,1.69,0,46.4,3.54
R03,BUS001,10,6,10,1,0,25.9,1034.3,1.3,0,38.9,1.69
R05,BUS009,7,3,17,0,1,17.8,2252.5,5.07,0,56.5,10.82
R06,BUS014,11,6,10,1,0,29.0,2645.0,0.08,2,11.9,8.01
R01,BUS004,5,0,11,0,0,20.2,2905.8,0.57,0,47.3,8.61
R01,BUS017,11,5,6,1,0,24.9,825.4,0.38,0,30.9,1.17
R02,BUS003,6,3,21,0,0,33.2,2599.5,0.86,0,36.2,3.94
R01,BUS004,9,1,5,0,0,23.0,761.7,1.83,0,56.6,2.67
R04,BUS001,10,3,7,0,0,19.9,394.1,3.41,0,50.7,2.16
R04,BUS020,1,6,20,1,0,24.7,865.3,0.29,0,5.0,1.56
R06,BUS023,3,2,20,0,1,20.1,3060.3,5.7,0,71.6,11.24
R06,BUS002,9,1,19,0,1,10.3,2941.2,5.47,0,65.3,18.6
R05,BUS013,7,0,19,0,1,16.0,665.4,5.69,0,67.2,4.74
R02,BUS010,11,4,14,0,0,22.8,3187.8,1.57,1,17.4,9.87
R03,BUS006,1,5,19,1,0,30.7,1772.2,0.35,1,21.9,3.45
R03,BUS017,10,0,8,0,1,11.8,319.7,6.24,0,88.0,4.25
R05,BUS013,4,1,22,0,0,21.3,1065.4,2.32,0,12.2,3.72
R02,BUS016,6,3,12,0,0,17.3,2245.7,2.8,0,25.6,8.79
R03,BUS009,6,0,17,0,1,17.4,548.2,5.69,1,64.4,5.01
R05,BUS013,12,5,12,1,0,35.7,1209.1,1.0,1,33.4,3.38
R03,BUS016,2,5,20,1,0,38.8,1194.2,0.91,0,38.5,2.11
R02,BUS015,3,2,12,0,0,29.6,656.0,1.46,0,36.8,2.07
R04,BUS002,8,4,16,0,0,26.6,1258.9,0.37,1,30.5,4.14
R02,BUS018,11,1,21,0,0,26.5,2169.2,0.06,0,28.6,3.96
R02,BUS016,4,0,19,0,1,6.6,455.8,6.0,0,68.8,7.45
R06,BUS011,1,6,18,1,0,16.1,3312.4,2.1,0,16.7,14.09
R02,BUS022,6,4,9,0,1,14.0,1474.9,4.65,0,67.3,8.04
R05,BUS006,5,5,17,1,0,29.2,453.6,3.9,0,47.3,2.88
R06,BUS023,9,4,16,0,0,23.1,3359.3,1.67,0,40.6,8.81
R06,BUS002,12,6,11,1,0,28.9,2704.9,1.54,1,18.3,7.16
R01,BUS020,1,6,15,1,0,37.6,787.6,1.93,0,31.2,2.47
R03,BUS020,8,5,9,1,0,31.3,3380.0,1.92,1,29.0,8.04
R03,BUS021,12,0,20,0,1,8.8,2040.3,5.53,0,71.4,17.15
R04,BUS006,12,6,6,1,0,28.8,2226.8,1.28,0,30.6,4.57
R01,BUS013,10,1,13,0,0,25.8,581.3,1.01,0,51.7,1.53
R06,BUS006,5,5,9,1,0,26.0,2744.5,1.51,0,51.8,6.25
R01,BUS017,8,2,22,0,0,12.2,2287.2,1.67,0,53.4,11.35
R02,BUS006,1,0,15,0,0,19.7,1392.7,0.83,1,49.9,5.32
R01,BUS020,6,5,17,1,0,27.5,1103.1,0.36,0,50.0,3.8
R04,BUS015,12,2,14,0,0,18.3,2703.8,1.6,0,38.2,10.34
R05,BUS018,1,4,12,0,0,22.9,3261.6,0.8,0,29.7,8.35
R03,BUS012,11,0,20,0,1,9.0,2392.8,6.05,2,58.9,21.12
R06,BUS004,12,1,6,0,0,24.7,3097.9,2.05,0,31.4,8.18
R04,BUS011,4,4,16,0,0,24.9,1616.0,1.94,0,5.0,4.69
R04,BUS012,5,2,20,0,1,18.0,953.8,4.97,0,57.1,5.94
R04,BUS010,12,4,5,0,0,26.1,865.1,0.0,0,28.7,0.91
R06,BUS018,1,3,12,0,0,23.9,2861.7,2.12,0,54.4,7.85
R04,BUS017,7,5,12,1,0,24.2,2843.7,1.06,0,5.0,6.93
R05,BUS008,1,0,12,0,0,14.2,2700.1,0.28,1,27.6,11.61
R03,BUS022,3,0,21,0,0,19.5,1925.7,1.89,0,35.7,7.26
R01,BUS011,1,4,6,0,0,27.6,2931.3,1.64,0,23.2,7.11
R06,BUS023,10,0,18,0,1,18.4,2403.1,4.62,0,63.8,9.64
R01,BUS005,4,0,15,0,0,21.9,3120.5,2.27,0,49.9,8.64
R06,BUS006,6,4,5,0,0,22.0,3220.7,2.04,0,5.0,10.05
R06,BUS023,12,6,11,1,0,32.9,2667.6,1.68,0,21.9,5.53
R06,BUS015,2,4,15,0,0,19.5,3491.3,2.61,0,41.5,11.85
R04,BUS002,2,2,12,0,0,19.8,2695.6,2.06,0,49.7,8.84
R06,BUS020,5,6,16,1,0,34.8,1371.6,1.67,0,49.3,3.21
R06,BUS023,4,0,16,0,0,29.2,3167.6,2.02,1,38.6,7.64
R04,BUS009,1,0,13,0,0,22.9,2673.9,1.26,0,22.2,7.84
R01,BUS021,1,5,18,1,0,25.0,1663.0,0.15,1,49.4,4.86
R02,BUS018,1,5,10,1,0,20.6,3492.8,0.25,0,54.3,10.82
R02,BUS018,3,4,10,0,1,15.0,2802.9,4.64,0,69.4,12.65
R06,BUS002,3,6,12,1,0,31.6,233.9,2.54,0,12.0,2.18
R02,BUS001,10,3,6,0,0,18.0,908.1,0.77,0,18.2,2.51
R04,BUS011,6,0,18,0,1,10.1,3285.1,4.15,0,65.4,21.2
R01,BUS015,3,5,11,1,0,35.7,1650.6,1.49,1,27.6,3.42
R05,BUS013,8,5,10,1,0,30.3,2613.6,0.83,1,58.6,6.39
R05,BUS006,12,3,14,0,0,27.2,321.8,3.03,0,64.9,2.01
R02,BUS017,2,1,18,0,1,18.5,1655.1,6.74,0,69.5,7.97
R01,BUS009,9,3,12,0,0,13.2,3232.8,1.91,2,39.6,18.56
R01,BUS023,12,4,9,0,1,6.8,1851.2,4.22,0,62.9,18.67
R03,BUS009,2,2,15,0,0,22.3,1789.1,0.25,1,32.3,5.49
R04,BUS011,5,0,7,0,0,17.8,1692.0,0.56,0,24.5,5.87
R04,BUS014,11,3,10,0,1,13.4,2345.2,4.46,0,52.6,11.87
R05,BUS016,3,0,5,0,0,25.3,1981.7,1.11,0,16.6,5.58
R03,BUS005,6,4,21,0,0,24.2,1550.1,2.97,0,24.9,6.05
R03,BUS021,5,1,10,0,1,13.9,2057.8,4.18,0,74.1,10.53
R04,BUS005,7,2,6,0,0,13.0,3216.8,1.87,0,66.1,16.52
R05,BUS014,2,6,16,1,0,34.3,3311.1,0.0,0,68.5,5.49
R06,BUS020,7,2,8,0,1,13.4,2121.6,5.2,1,66.6,12.48
R06,BUS015,3,2,19,0,1,15.7,478.7,4.57,0,51.4,3.73
R02,BUS022,5,1,22,0,0,19.9,2694.6,3.56,0,18.1,10.48
R06,BUS020,5,5,16,1,0,38.2,1320.7,1.71,0,55.8,2.62
R05,BUS020,6,6,19,1,0,21.5,679.7,1.99,0,36.6,1.83
R03,BUS014,2,3,20,0,1,19.3,1645.6,5.21,1,62.8,6.38
R02,BUS024,2,6,12,1,0,35.7,3485.2,1.38,0,55.5,6.54
R03,BUS006,3,3,20,0,1,16.8,3449.1,4.56,2,54.4,15.7
R04,BUS001,8,4,22,0,0,27.1,597.4,0.59,1,30.7,3.28
R03,BUS020,7,4,18,0,1,15.9,612.9,4.74,1,79.8,5.73
R06,BUS022,11,5,14,1,0,26.4,961.7,1.02,0,33.1,2.89
R01,BUS001,5,4,21,0,0,22.7,390.3,0.81,1,37.2,2.55
R02,BUS004,7,6,15,1,0,20.3,3066.8,1.2,1,23.6,10.2
R05,BUS017,12,3,20,0,1,14.1,2861.8,4.24,0,49.6,13.69
R05,BUS024,1,6,20,1,0,26.0,2100.3,1.26,2,47.5,8.35
R06,BUS021,3,1,22,0,0,21.2,3417.4,2.44,0,38.0,10.01
R03,BUS018,7,3,10,0,1,10.9,1320.3,5.27,0,57.3,9.39
R02,BUS019,2,4,6,0,0,21.9,215.1,1.74,0,31.2,1.27
R06,BUS004,9,5,14,1,0,26.8,2554.2,1.6,1,56.1,7.35
R05,BUS006,12,6,18,1,0,35.5,1134.6,3.0,0,17.7,2.52
R05,BUS001,12,3,6,0,0,24.4,537.8,2.44,2,30.9,4.37
R03,BUS019,2,1,6,0,0,25.0,854.0,1.21,1,39.5,2.65
R01,BUS005,6,4,15,0,0,31.9,1892.1,1.31,1,38.6,3.89
R03,BUS005,8,3,10,0,1,4.0,402.9,5.11,0,74.7,7.45
R02,BUS010,8,2,18,0,1,12.2,2786.3,5.68,1,80.3,16.8
R06,BUS017,2,4,7,0,0,20.8,355.4,2.34,0,39.4,1.78
R04,BUS012,7,6,12,1,0,22.2,3217.5,1.88,0,30.6,9.61
R06,BUS003,2,4,21,0,0,21.1,1107.4,0.84,1,56.4,3.65
R01,BUS018,10,5,9,1,0,25.7,878.1,1.29,0,39.0,2.47
R03,BUS016,8,5,7,1,0,30.8,1331.8,2.69,0,54.6,5.46
R03,BUS003,7,1,20,0,1,18.2,2281.0,6.5,0,90.5,9.17
R05,BUS020,7,3,6,0,0,20.0,256.0,2.97,0,42.4,1.47
R02,BUS023,11,5,12,1,0,29.5,1677.8,1.97,0,27.7,4.17
R05,BUS013,2,4,11,0,0,22.4,3155.7,2.37,1,29.7,9.96
R03,BUS014,1,4,8,0,1,20.2,2473.1,5.69,0,53.6,9.49
R02,BUS024,4,3,8,0,1,12.3,2974.9,4.27,0,55.7,16.38
R01,BUS024,9,6,18,1,0,26.9,3196.2,2.61,0,16.0,9.19
R02,BUS021,12,1,14,0,0,20.6,763.2,2.09,0,42.4,3.58
R01,BUS021,12,1,22,0,0,23.7,2505.6,2.7,0,33.6,7.53
R05,BUS007,2,3,19,0,1,9.2,946.6,4.94,0,74.7,9.06
R06,BUS012,11,5,11,1,0,20.1,460.1,1.63,0,27.5,1.41
R02,BUS021,4,6,5,1,0,27.8,2032.2,1.13,0,37.3,4.01
R04,BUS012,5,6,22,1,0,29.8,3045.0,0.82,0,37.8,8.29
R06,BUS022,12,3,9,0,1,13.3,2451.3,4.18,0,82.1,12.35
R02,BUS017,3,2,17,0,1,11.5,1903.2,4.5,0,60.9,11.38
R03,BUS013,7,5,13,1,0,25.6,2328.5,2.23,0,33.0,6.23
R02,BUS023,10,5,5,1,0,22.0,893.5,1.55,2,19.6,4.86
R02,BUS024,12,3,9,0,1,12.6,3448.3,5.75,1,54.6,20.6
R06,BUS001,12,3,14,0,0,19.3,1578.6,2.45,0,5.0,5.07
R03,BUS023,8,1,12,0,0,30.6,2299.0,0.6,0,54.0,3.82
R02,BUS007,1,1,20,0,1,17.0,2568.9,5.49,1,82.9,11.64
R06,BUS022,4,5,7,1,0,24.6,2692.5,2.11,0,27.7,7.75
R01,BUS004,11,1,12,0,0,16.1,1972.3,1.65,0,14.3,7.98
R02,BUS016,5,1,15,0,0,30.1,2180.9,1.37,1,39.7,5.34
R01,BUS010,2,2,22,0,0,17.1,3210.2,1.11,0,23.4,11.26
R04,BUS008,9,1,11,0,0,22.5,390.9,1.63,0,21.8,1.88
R04,BUS007,7,2,16,0,0,26.4,1512.1,0.31,1,5.0,5.36
R04,BUS016,5,0,13,0,0,17.9,789.3,0.8,2,52.3,5.39
R02,BUS009,1,2,18,0,1,22.4,1106.7,5.19,0,69.0,4.91
R05,BUS010,2,1,16,0,0,25.5,724.7,2.19,0,56.5,2.73
R06,BUS024,1,3,9,0,1,21.4,661.4,4.79,0,69.5,3.82
R01,BUS018,1,6,5,1,0,30.0,1369.9,1.65,0,37.5,3.15
R01,BUS020,11,4,7,0,0,16.4,2067.0,1.0,2,53.4,9.13
R03,BUS004,10,3,21,0,0,16.4,2961.7,2.58,0,21.2,11.46
R02,BUS005,7,5,18,1,0,23.9,917.4,2.21,1,24.5,4.43
R06,BUS002,3,5,15,1,0,15.4,3139.1,2.28,0,15.1,13.32
R04,BUS019,9,6,6,1,0,16.0,2230.9,2.78,0,25.1,10.52
R03,BUS003,11,0,8,0,1,18.0,1962.2,6.12,0,77.3,9.2
R05,BUS003,9,6,22,1,0,28.7,1474.8,2.81,0,24.6,4.05
R04,BUS008,1,4,14,0,0,23.9,523.8,1.94,0,26.8,1.29
R03,BUS013,4,1,13,0,0,21.2,2299.3,1.48,1,54.2,7.54
R05,BUS015,7,3,7,0,0,31.2,1075.9,3.25,0,50.7,3.37
R04,BUS002,7,6,13,1,0,22.1,904.7,1.91,0,21.6,4.12
R04,BUS022,1,1,15,0,0,24.3,2137.8,1.58,1,18.8,6.98
R02,BUS013,7,6,13,1,0,28.2,2554.7,1.05,1,27.7,6.68
R06,BUS023,10,6,8,1,0,24.9,2670.3,1.23,0,38.2,7.35
R03,BUS021,8,1,13,0,0,24.0,3389.6,1.67,1,41.3,10.09
R06,BUS012,7,6,17,1,0,26.8,951.5,2.47,0,27.8,2.78
R06,BUS001,4,1,11,0,0,9.2,2205.2,2.09,0,64.6,14.91
R01,BUS003,4,5,7,1,0,27.0,2355.2,1.72,0,28.8,6.64
R02,BUS006,11,4,15,0,0,26.2,2500.7,0.47,0,33.8,5.66
R04,BUS011,10,1,11,0,0,29.5,2948.1,1.06,0,57.0,6.51
R02,BUS010,4,1,16,0,0,18.2,1350.0,0.05,0,25.9,4.9
R02,BUS007,2,5,14,1,0,29.7,2336.9,3.09,0,43.7,5.29
R05,BUS019,6,4,9,0,1,17.1,491.2,5.73,0,69.0,4.43
R06,BUS024,3,1,11,0,0,15.9,619.8,0.72,0,54.4,2.88
R03,BUS004,5,3,8,0,1,18.0,1049.8,4.81,0,93.2,5.92
R04,BUS006,3,0,8,0,1,19.3,3244.0,4.68,1,51.2,12.16
R05,BUS004,8,0,10,0,1,9.2,2418.9,4.26,0,46.8,17.6
R04,BUS019,3,1,5,0,0,27.0,1212.4,0.71,0,36.6,2.65
R01,BUS017,4,0,10,0,1,17.3,362.9,5.21,1,63.3,4.59
R05,BUS002,6,3,14,0,0,22.9,329.6,3.05,0,33.1,1.99
R04,BUS003,11,5,20,1,0,23.6,2174.2,1.67,0,34.9,5.69
R01,BUS015,4,4,6,0,0,21.3,2715.9,1.6,1,42.3,8.96
R03,BUS002,5,4,7,0,0,17.8,527.3,0.72,0,45.4,2.39
R04,BUS016,9,3,18,0,1,19.8,1322.4,4.2,0,57.4,5.26
R03,BUS011,6,3,6,0,0,21.3,630.5,0.92,0,24.9,3.43
R04,BUS023,5,0,20,0,1,20.3,628.6,4.97,0,65.9,3.53
R01,BUS021,8,4,19,0,1,12.1,966.2,5.04,0,34.0,7.02
R04,BUS011,3,4,9,0,1,24.1,1160.4,5.51,1,68.0,6.77
R04,BUS014,9,1,5,0,0,25.5,2417.9,1.71,1,34.7,6.71
R01,BUS011,4,3,19,0,1,17.2,2452.6,3.8,0,79.9,10.24
R04,BUS009,1,6,7,1,0,27.4,725.6,0.43,1,40.9,4.22
R01,BUS007,3,5,8,1,0,29.9,2430.2,1.89,0,71.1,4.72
R05,BUS016,11,0,5,0,0,19.5,578.7,0.66,0,49.9,1.08
R03,BUS019,8,3,9,0,1,16.3,2042.5,4.09,0,66.6,8.71
R05,BUS024,8,0,5,0,0,18.7,395.8,1.94,0,37.3,2.19
R06,BUS007,3,4,18,0,1,20.9,653.8,5.84,1,55.1,4.08
R03,BUS004,2,5,11,1,0,19.9,2939.0,1.6,0,24.7,9.25
R04,BUS010,6,5,15,1,0,29.8,860.4,1.8,0,23.0,1.71
R03,BUS010,11,0,15,0,0,23.6,1017.7,1.19,1,45.9,3.59
R05,BUS022,7,2,9,0,1,20.1,753.2,4.09,0,49.8,4.49
R03,BUS007,11,6,9,1,0,17.5,2551.5,0.14,1,47.2,10.43
R01,BUS010,7,2,7,0,0,23.8,2346.6,1.4,0,27.2,7.09
R03,BUS009,7,5,12,1,0,24.3,2562.3,1.22,0,32.1,6.92
R04,BUS015,6,2,16,0,0,15.7,1449.7,2.21,0,53.5,6.41
R06,BUS017,1,1,15,0,0,16.4,3434.5,2.66,0,34.0,14.01
R06,BUS006,1,6,12,1,0,29.1,1874.4,3.47,0,45.5,5.26
R02,BUS005,12,0,8,0,1,5.8,1713.6,4.91,0,47.1,19.11
R01,BUS023,5,4,9,0,1,18.0,654.4,5.32,0,75.1,4.16
R05,BUS020,5,1,9,0,1,16.6,2421.3,6.39,0,51.3,11.46
R03,BUS011,2,3,15,0,0,38.1,3136.7,0.78,0,26.0,6.21
R03,BUS015,4,5,6,1,0,26.0,1234.9,2.31,1,35.2,5.11
R02,BUS014,6,6,8,1,0,28.2,922.5,1.92,0,24.0,2.81
R03,BUS005,2,0,20,0,1,13.2,3112.6,5.47,0,55.8,15.29
R05,BUS019,10,2,22,0,0,23.4,255.9,4.41,0,48.2,1.33
R04,BUS002,8,5,8,1,0,26.0,354.1,2.56,2,30.3,4.08
R05,BUS005,4,1,11,0,0,31.3,614.7,0.69,0,5.0,1.76
R05,BUS009,3,3,10,0,1,5.9,3446.4,3.32,1,75.8,35.89
R02,BUS015,11,2,17,0,1,12.8,2652.2,3.73,0,60.1,14.7
R06,BUS018,12,1,13,0,0,21.2,3058.8,0.36,0,36.0,9.26
R01,BUS013,5,0,22,0,0,25.7,2217.7,1.77,0,40.0,4.8
R06,BUS020,8,6,11,1,0,24.9,2381.1,0.69,0,37.3,6.07
R02,BUS015,4,4,11,0,0,20.5,1035.9,2.09,0,36.0,3.59
R05,BUS003,8,6,20,1,0,21.3,1781.1,2.19,0,57.8,6.59
R01,BUS010,2,6,20,1,0,27.4,1119.7,1.3,1,69.8,3.37
R03,BUS014,9,2,16,0,0,21.9,1267.0,1.98,0,28.3,4.44
R03,BUS002,7,3,17,0,1,8.9,1138.3,3.93,0,59.6,9.53
R04,BUS008,7,5,9,1,0,30.6,2259.2,0.45,0,43.4,4.13
R03,BUS002,9,1,10,0,1,11.5,1735.2,5.16,1,63.9,11.46
R04,BUS004,1,1,17,0,1,12.5,1233.6,5.53,1,88.4,9.63
R06,BUS022,5,4,15,0,0,24.3,260.1,1.23,1,44.4,2.19
R03,BUS008,11,0,5,0,0,16.0,3343.1,0.19,0,22.9,12.75
R06,BUS018,11,6,7,1,0,24.5,1247.1,1.31,0,24.2,2.36
R05,BUS019,9,4,13,0,0,26.4,3359.5,1.3,0,22.8,7.97
R05,BUS021,1,0,17,0,1,13.5,753.9,5.45,0,62.8,4.71
R04,BUS022,10,0,10,0,1,9.6,1149.3,4.87,0,42.5,8.98
R05,BUS016,9,6,21,1,0,33.7,521.3,0.22,0,52.2,2.15
R06,BUS003,6,0,8,0,1,15.3,2145.8,3.84,1,73.0,11.19
R04,BUS013,3,5,15,1,0,34.2,1985.2,0.48,0,43.3,3.13
R02,BUS014,9,1,19,0,1,13.8,2901.6,4.6,0,80.2,13.77
R04,BUS024,12,3,14,0,0,21.2,1135.5,1.5,1,45.6,5.07
R02,BUS022,2,5,21,1,0,40.6,3354.2,1.3,1,6.4,6.09
R04,BUS011,7,2,7,0,0,15.1,2540.7,0.76,0,32.6,10.54
R03,BUS011,6,6,12,1,0,32.1,3055.3,1.49,0,41.0,6.68
R04,BUS009,10,3,16,0,0,17.4,2315.8,1.47,1,7.7,8.67
R05,BUS022,2,5,16,1,0,34.7,2013.0,1.58,0,41.9,4.49
R04,BUS021,3,1,15,0,0,16.9,2736.5,1.4,2,43.5,12.13
R02,BUS002,5,1,13,0,0,19.0,2903.3,0.27,1,39.7,9.18
R04,BUS002,11,5,16,1,0,29.4,237.0,2.22,0,17.1,1.32
R05,BUS012,9,2,14,0,0,27.2,223.9,2.88,2,38.0,4.14
R06,BUS018,8,4,12,0,0,27.8,2532.8,1.51,0,56.7,7.48
R02,BUS019,6,0,19,0,1,14.2,2275.1,5.01,0,78.7,11.31
R03,BUS021,12,5,21,1,0,36.1,1191.3,0.95,0,34.9,2.7
R05,BUS014,6,0,17,0,1,16.5,339.7,5.01,0,57.4,2.85
R02,BUS012,10,4,12,0,0,23.0,2317.6,1.55,0,9.6,5.75
R01,BUS019,6,6,6,1,0,26.5,3264.8,0.73,1,62.1,8.49
R02,BUS005,1,4,5,0,0,17.4,3054.5,1.06,0,18.7,10.91
R03,BUS016,10,5,8,1,0,31.4,1630.1,2.69,1,57.0,4.57
R01,BUS012,1,5,5,1,0,26.4,868.1,1.62,0,27.3,2.59
R03,BUS023,11,5,11,1,0,29.3,983.7,1.95,0,52.1,2.36
R06,BUS009,6,4,7,0,0,33.4,857.1,1.44,0,11.1,2.04
R02,BUS023,1,2,16,0,0,18.4,1908.9,1.37,1,41.5,6.55
R06,BUS003,11,6,5,1,0,30.9,2473.8,2.48,0,36.4,6.71
R05,BUS022,7,1,18,0,1,10.9,1817.0,4.6,0,60.8,12.11
R06,BUS013,1,5,16,1,0,30.0,2922.7,2.89,0,32.4,6.84
R01,BUS004,11,4,20,0,1,12.4,3204.4,4.27,0,55.1,16.79
R06,BUS014,9,5,17,1,0,18.7,2483.4,0.83,0,13.7,8.17
R03,BUS017,4,6,13,1,0,25.4,1460.8,0.0,0,36.5,2.77
R02,BUS002,6,6,9,1,0,27.6,1006.6,1.25,0,48.4,2.82
R02,BUS009,11,6,18,1,0,33.3,2501.5,1.26,1,25.1,6.67
R06,BUS016,5,2,6,0,0,15.5,2784.0,1.53,0,43.1,9.92
R01,BUS021,10,0,20,0,1,17.0,3061.5,3.79,0,64.9,13.02
R05,BUS004,2,6,22,1,0,34.2,2725.2,0.0,1,24.4,5.58
R03,BUS017,3,3,19,0,1,17.0,1648.9,3.97,1,82.8,8.57
R03,BUS020,8,5,18,1,0,21.2,2127.0,2.7,0,30.6,6.26
R01,BUS023,11,3,22,0,0,17.2,576.0,1.57,0,27.2,2.34
R05,BUS021,6,4,6,0,0,20.8,2748.0,1.44,0,30.4,8.43
R05,BUS011,8,5,8,1,0,26.1,1065.1,2.82,0,48.0,2.72
R06,BUS018,6,4,9,0,1,9.2,2535.8,5.04,0,63.8,17.71
R02,BUS013,12,0,8,0,1,12.2,2781.6,5.57,1,60.8,15.19
R03,BUS008,5,2,21,0,0,25.5,1966.6,1.21,0,39.7,5.23
R03,BUS012,11,0,7,0,0,30.2,2343.9,0.0,0,33.0,4.16
R01,BUS021,2,2,20,0,1,11.9,2436.6,5.81,1,67.3,15.33
R04,BUS002,5,2,7,0,0,25.1,646.5,2.05,1,6.8,2.79
R02,BUS012,1,5,19,1,0,25.4,1654.7,1.04,0,33.3,5.2
R04,BUS007,8,2,9,0,1,12.0,432.0,4.88,0,54.1,2.89
R01,BUS001,5,0,6,0,0,19.1,1929.4,2.59,2,61.8,9.58
R05,BUS021,3,2,15,0,0,10.7,729.8,1.48,0,42.1,4.88
R03,BUS004,2,4,16,0,0,21.8,1652.4,0.97,2,47.4,6.79
R03,BUS020,1,4,16,0,0,14.6,3083.0,0.98,0,40.7,12.59
R01,BUS010,8,6,21,1,0,28.5,3450.1,2.57,0,53.7,8.33
R02,BUS017,4,6,19,1,0,37.0,1869.5,1.61,1,43.9,4.51
R05,BUS019,1,2,16,0,0,23.5,235.6,1.1,0,14.6,1.08
R01,BUS009,4,5,13,1,0,28.4,3007.6,1.76,1,39.0,8.23
R05,BUS007,10,5,6,1,0,28.5,3275.0,2.71,0,15.0,7.74
R06,BUS003,3,0,16,0,0,26.3,1993.2,1.0,0,16.8,5.91
R06,BUS001,9,4,16,0,0,25.4,546.3,1.2,0,9.2,1.32
R06,BUS016,10,6,17,1,0,35.4,926.2,0.67,0,22.7,2.32
R05,BUS012,6,1,17,0,1,16.1,1312.4,5.01,0,52.5,7.02
R06,BUS013,5,1,13,0,0,8.5,1605.6,1.25,0,46.9,11.25
R03,BUS021,1,5,18,1,0,28.7,862.4,1.56,0,29.2,2.78
R06,BUS018,11,1,16,0,0,27.7,1842.1,1.59,0,33.7,4.89
R01,BUS020,1,1,15,0,0,21.1,1235.1,2.24,1,16.0,5.16
R05,BUS002,10,5,22,1,0,35.2,1243.0,0.93,0,47.0,2.62
R04,BUS010,9,0,20,0,1,19.8,3042.9,4.28,0,45.4,12.16
R02,BUS015,8,6,21,1,0,21.9,2427.2,1.2,0,21.2,6.61
R06,BUS009,6,5,9,1,0,29.5,1431.5,1.96,0,53.9,3.51
R01,BUS008,4,2,8,0,1,14.1,223.0,5.61,0,67.7,3.87
R06,BUS010,8,0,17,0,1,5.4,3435.7,4.28,1,63.0,40.43
R02,BUS002,9,5,13,1,0,33.7,1701.5,3.12,0,14.0,3.79
R01,BUS004,2,1,5,0,0,26.3,1462.5,3.12,0,50.0,4.18
R01,BUS019,5,6,10,1,0,21.8,3022.7,2.04,1,27.5,10.95
R03,BUS005,11,1,6,0,0,28.1,541.5,1.68,0,54.8,1.58
R02,BUS024,9,1,7,0,0,12.5,434.0,1.44,0,11.1,2.5
R04,BUS017,9,6,10,1,0,30.5,2320.2,1.16,1,49.5,5.89
R04,BUS012,12,0,8,0,1,12.3,329.7,5.71,0,72.8,2.97
R04,BUS010,5,0,7,0,0,20.8,2970.6,0.98,0,5.0,9.24
R01,BUS020,7,2,14,0,0,20.3,2960.9,2.55,1,45.8,9.75
R01,BUS001,1,0,10,0,1,12.2,813.5,4.14,0,48.8,6.04
R04,BUS023,11,2,11,0,0,26.1,3324.9,0.08,0,59.0,7.95
R05,BUS006,3,5,11,1,0,34.8,1408.0,1.38,0,41.9,1.8
R06,BUS006,8,6,5,1,0,32.5,1109.0,1.02,0,31.2,2.1
R03,BUS002,2,3,10,0,1,12.7,1106.4,5.34,0,62.6,7.64
R04,BUS003,6,5,12,1,0,30.0,2759.6,1.79,0,28.5,5.87
R02,BUS008,9,6,12,1,0,30.2,2925.7,0.46,2,39.3,7.29
R02,BUS007,8,5,15,1,0,25.7,920.3,1.7,0,13.5,3.33
R04,BUS007,2,2,15,0,0,13.2,853.8,0.54,1,52.2,5.02
R04,BUS015,3,5,7,1,0,29.8,1490.2,1.55,2,34.9,6.55
R04,BUS012,5,6,15,1,0,36.6,1173.5,1.52,1,29.5,3.42
R06,BUS004,6,5,15,1,0,22.5,2931.1,1.11,0,28.8,7.82
R01,BUS005,12,3,8,0,1,14.0,894.8,5.73,0,53.7,6.81
R02,BUS023,2,5,16,1,0,23.9,1037.1,1.04,0,69.4,2.85
R02,BUS009,9,1,10,0,1,17.2,936.3,5.67,0,55.3,5.08
R03,BUS019,6,3,16,0,0,13.9,1872.0,1.76,0,27.8,8.82
R06,BUS023,12,2,13,0,0,22.7,3071.7,2.88,0,43.7,8.41
R03,BUS001,4,4,17,0,1,15.8,2088.7,4.23,0,58.9,9.25
R03,BUS016,8,4,7,0,0,8.1,1888.7,0.78,0,50.6,13.51
R03,BUS009,5,0,14,0,0,19.6,2590.4,2.03,0,34.3,9.07
R06,BUS015,6,4,5,0,0,21.5,1336.2,0.77,1,34.6,5.88
R01,BUS012,1,5,10,1,0,24.7,3276.8,1.24,0,46.7,8.52
R03,BUS017,8,1,12,0,0,17.4,334.2,1.03,0,21.5,0.61
R04,BUS003,2,5,14,1,0,22.7,895.2,0.59,0,26.0,3.03
R03,BUS005,9,1,11,0,0,22.2,2836.7,2.44,0,24.2,9.3
R06,BUS008,11,5,13,1,0,37.6,2083.8,3.0,1,19.3,4.26
R03,BUS004,11,3,17,0,1,15.6,259.6,5.1,1,60.9,3.65
R02,BUS021,12,5,13,1,0,25.4,2866.1,2.19,0,53.7,8.39
R01,BUS011,8,0,21,0,0,26.1,2577.0,2.31,0,33.6,7.23
R04,BUS022,7,1,9,0,1,17.7,3476.2,4.47,0,76.3,12.64
R01,BUS012,3,4,12,0,0,23.7,657.6,2.52,2,14.9,5.42
R04,BUS003,1,6,6,1,0,32.0,1325.0,2.01,1,35.7,3.99
R04,BUS019,10,6,10,1,0,28.5,286.2,2.2,0,21.9,1.16
R03,BUS013,12,6,18,1,0,24.5,3452.7,1.27,0,57.5,9.14
R05,BUS006,4,0,15,0,0,20.3,1073.4,1.33,0,24.0,3.56
R04,BUS009,2,2,9,0,1,22.2,3408.7,4.99,0,56.1,11.4
R02,BUS009,9,1,10,0,1,24.8,3097.8,4.48,0,78.4,9.26
R02,BUS007,1,2,5,0,0,21.5,607.0,0.85,1,48.0,3.79
R02,BUS021,6,5,17,1,0,30.8,3302.5,1.3,0,8.3,8.16
R05,BUS001,10,4,22,0,0,7.9,1490.7,0.22,0,42.0,11.91
R04,BUS007,10,6,21,1,0,28.9,2311.4,1.17,0,25.2,4.83
R03,BUS008,9,5,18,1,0,27.8,2363.0,2.55,0,39.6,6.26
R05,BUS010,4,0,19,0,1,12.7,310.0,4.06,0,53.1,2.28
R05,BUS014,1,6,17,1,0,23.7,1255.0,1.2,1,48.9,4.59
R04,BUS022,11,2,16,0,0,23.5,377.4,0.58,0,30.6,0.94
R03,BUS014,11,2,11,0,0,22.5,499.2,0.0,0,37.4,2.51
R02,BUS010,3,1,20,0,1,14.4,1319.8,4.0,0,56.4,6.88
R06,BUS007,12,0,16,0,0,25.5,1801.9,1.05,0,16.4,4.98
R03,BUS013,11,6,15,1,0,28.6,2864.5,2.49,1,62.0,8.08
R06,BUS001,6,3,15,0,0,26.5,2290.9,2.12,0,46.0,6.63
R05,BUS006,4,3,18,0,1,10.3,2356.7,4.67,1,81.5,16.75
R06,BUS022,12,0,20,0,1,12.8,3153.0,3.49,0,72.2,17.32
R06,BUS010,12,3,11,0,0,33.5,1721.5,0.19,0,37.7,2.87
R03,BUS017,6,2,9,0,1,12.0,1410.0,4.04,0,27.1,8.83
R01,BUS021,1,4,15,0,0,29.9,1418.9,0.97,0,37.0,3.93
R03,BUS020,6,5,5,1,0,26.9,535.1,1.99,0,29.1,1.85
R01,BUS006,4,1,8,0,1,8.7,1057.2,4.36,1,80.9,10.06
R05,BUS009,8,4,14,0,0,21.8,527.2,2.14,0,31.7,1.63
R01,BUS018,4,0,17,0,1,14.9,1700.9,6.6,0,58.5,9.05
R06,BUS022,2,6,22,1,0,30.5,2706.9,1.94,1,39.3,6.76
R04,BUS022,12,3,5,0,0,20.2,851.1,1.77,0,25.9,3.77
R01,BUS011,6,3,21,0,0,19.4,2178.5,2.16,0,21.1,8.21
R02,BUS013,6,0,12,0,0,22.5,2817.4,0.97,1,17.3,8.36
R04,BUS005,9,6,7,1,0,34.5,1546.5,1.61,0,24.1,4.94
R03,BUS001,6,1,20,0,1,16.0,557.2,5.67,0,120.2,3.45
R03,BUS020,8,1,11,0,0,21.5,448.3,0.97,1,50.9,2.43
R01,BUS020,12,1,19,0,1,11.1,1166.6,6.26,0,52.7,8.23
R02,BUS001,11,4,5,0,0,13.2,1085.1,1.69,0,35.4,6.67
R05,BUS012,3,1,9,0,1,20.8,1759.5,6.19,1,91.7,8.14
R03,BUS010,5,5,5,1,0,31.6,2310.0,2.01,0,16.0,4.89
R04,BUS019,6,0,11,0,0,26.8,1321.3,0.44,2,29.9,4.64
R06,BUS001,9,0,20,0,1,10.7,536.6,5.92,1,79.4,5.47
R02,BUS012,5,6,12,1,0,32.3,968.4,1.85,2,27.0,4.0
R03,BUS015,8,6,9,1,0,34.2,3282.4,1.98,0,63.1,8.16
R02,BUS010,5,6,14,1,0,29.2,1684.2,1.6,0,63.7,4.05
R04,BUS022,3,5,20,1,0,23.9,3216.7,1.83,1,37.9,10.42
R03,BUS004,1,3,9,0,1,8.5,330.7,6.77,0,43.6,3.83
R01,BUS024,7,2,21,0,0,25.1,2057.8,1.52,1,27.7,5.51
R01,BUS016,8,5,16,1,0,22.7,747.6,0.18,0,64.0,0.54
R06,BUS018,6,5,13,1,0,26.5,2119.9,1.93,0,5.0,5.07
R04,BUS020,10,4,11,0,0,17.8,2325.2,1.55,0,5.5,8.0
R05,BUS007,3,6,11,1,0,25.5,1415.9,0.17,0,30.5,3.25
R01,BUS018,5,6,6,1,0,30.7,1880.7,2.56,0,36.4,4.58
R06,BUS014,9,5,17,1,0,36.1,1633.1,1.46,0,25.2,3.26
R05,BUS007,11,5,6,1,0,33.5,1191.5,1.15,2,55.4,3.31
R02,BUS020,6,6,19,1,0,26.0,787.9,2.73,1,56.8,3.79
R01,BUS018,3,3,6,0,0,24.7,503.6,1.42,0,43.8,1.46
R05,BUS013,12,2,16,0,0,27.1,989.3,0.26,2,5.0,4.26
R06,BUS013,12,1,8,0,1,14.3,2506.7,5.38,0,59.4,11.03
R04,BUS002,7,3,14,0,0,25.7,1367.8,0.31,0,21.5,3.39
R06,BUS013,6,2,13,0,0,26.7,841.9,2.37,0,31.6,2.71
R03,BUS023,12,6,13,1,0,21.0,274.7,1.52,0,30.3,1.82
R01,BUS018,2,2,7,0,0,15.2,2484.8,2.7,0,45.9,10.54
R04,BUS006,9,1,19,0,1,12.4,3436.4,5.35,0,37.4,18.79
R02,BUS022,1,5,14,1,0,13.8,772.5,2.78,1,27.8,6.2
R05,BUS002,4,5,14,1,0,24.6,317.6,1.9,0,14.5,1.19
R01,BUS022,10,3,8,0,1,7.7,2469.4,5.05,1,98.4,21.15
R03,BUS015,3,3,9,0,1,18.1,1883.3,5.65,0,69.1,8.41
R03,BUS024,4,3,14,0,0,21.9,2924.5,1.29,0,44.7,9.0
R02,BUS007,12,0,15,0,0,20.7,1575.5,1.74,0,48.2,5.21
R02,BUS018,12,3,22,0,0,28.1,2991.0,2.14,1,35.0,8.1
R05,BUS018,7,1,18,0,1,12.6,2221.3,4.37,0,67.4,13.14
R05,BUS023,7,0,6,0,0,19.2,1689.0,2.27,0,52.8,6.33
R06,BUS007,6,1,5,0,0,17.7,1754.6,0.91,1,36.2,6.92
R01,BUS014,1,6,20,1,0,29.8,1627.9,0.7,0,36.1,2.91
R03,BUS004,10,4,18,0,1,16.6,1227.5,4.88,0,67.8,6.51
R02,BUS008,7,5,22,1,0,32.5,3316.8,0.72,0,44.3,5.51
R06,BUS022,3,0,18,0,1,18.0,2690.5,5.93,0,67.0,11.28
R06,BUS014,9,3,12,0,0,19.6,1015.4,0.87,0,87.1,2.96
R05,BUS008,12,5,17,1,0,28.5,328.2,3.78,0,32.6,2.78
R06,BUS011,4,6,8,1,0,33.4,1995.6,2.27,0,42.9,4.53
R06,BUS006,11,1,8,0,1,12.5,1746.4,4.09,0,62.6,9.98
R01,BUS006,6,1,15,0,0,19.9,3103.4,1.21,0,23.1,9.75
R04,BUS014,6,1,17,0,1,8.9,3080.2,4.71,0,60.6,22.62
R06,BUS017,12,3,9,0,1,17.7,1681.3,5.72,1,65.9,8.16
R03,BUS020,3,4,18,0,1,15.3,2420.3,4.17,1,67.5,11.71
R04,BUS011,11,5,12,1,0,31.3,1314.0,1.94,0,5.0,2.94
R03,BUS017,1,2,5,0,0,24.0,908.1,1.71,0,44.3,2.47
R01,BUS013,12,3,19,0,1,12.1,275.2,6.27,0,83.7,4.19
R05,BUS016,8,2,5,0,0,15.9,264.3,2.08,1,28.2,2.76
R03,BUS001,7,3,9,0,1,8.7,237.3,6.27,0,48.4,4.11
R02,BUS023,8,1,8,0,1,14.7,1786.0,4.68,1,68.7,9.65
R02,BUS021,7,4,14,0,0,29.4,2945.9,1.81,1,29.5,8.21
R05,BUS009,11,2,16,0,0,20.4,2180.5,0.36,1,30.1,6.78
R06,BUS006,8,6,19,1,0,34.4,651.1,1.3,0,61.6,2.05
R04,BUS009,11,1,22,0,0,24.5,619.8,1.76,0,41.3,1.49
R03,BUS006,8,5,10,1,0,35.0,1891.4,1.54,0,28.5,3.29
R04,BUS015,11,6,21,1,0,13.1,1251.2,0.57,0,46.8,6.11
R03,BUS012,12,3,14,0,0,31.2,2212.6,2.08,0,21.1,5.65
R01,BUS009,7,5,20,1,0,27.2,544.5,1.21,0,36.1,1.42
R03,BUS024,6,6,22,1,0,23.9,828.7,0.6,0,67.5,3.27
R01,BUS010,4,6,9,1,0,28.2,2704.4,1.17,0,36.7,6.15
R03,BUS016,9,0,5,0,0,25.2,3435.2,1.0,0,22.4,8.52
R01,BUS018,4,1,15,0,0,24.5,1256.6,1.62,0,27.9,3.41
R02,BUS001,5,5,15,1,0,32.6,1927.9,0.82,0,36.3,3.65
R02,BUS008,4,5,17,1,0,19.2,3340.7,2.02,0,54.9,11.13
R02,BUS011,10,1,7,0,0,20.7,1529.5,2.16,0,30.9,5.76
R03,BUS009,5,6,17,1,0,20.5,3466.6,0.65,2,27.2,12.33
R03,BUS007,11,1,22,0,0,23.5,526.8,0.62,0,27.2,1.36
R04,BUS009,3,6,5,1,0,35.8,1276.5,1.59,0,49.4,1.5
R05,BUS018,7,4,21,0,0,21.2,3336.8,2.1,0,34.7,9.75
R03,BUS016,12,0,5,0,0,19.0,2439.8,1.54,0,29.3,9.52
R02,BUS011,9,0,6,0,0,21.3,1967.0,1.53,1,36.9,7.21
R04,BUS023,6,6,11,1,0,23.2,294.2,1.66,0,28.7,0.68
R05,BUS023,1,3,6,0,0,27.5,3383.0,1.9,1,49.2,9.65
R05,BUS013,4,2,8,0,1,14.6,1462.8,5.22,0,66.7,8.27
R04,BUS019,9,0,8,0,1,13.5,2277.6,4.02,0,84.6,11.64
R02,BUS012,6,5,10,1,0,34.9,3423.4,2.32,0,22.8,7.0
R01,BUS005,9,2,5,0,0,26.3,1121.4,1.94,1,18.4,4.28
R06,BUS004,2,1,6,0,0,27.9,1044.9,1.23,0,17.9,1.97
R01,BUS020,1,2,19,0,1,11.4,3465.8,6.0,0,81.0,20.61
R01,BUS024,11,1,5,0,0,16.7,581.5,2.11,0,28.3,2.62
R01,BUS008,7,4,6,0,0,20.2,573.3,1.75,0,21.6,1.78
R06,BUS008,3,0,22,0,0,14.7,3067.4,0.67,0,5.2,12.79
R02,BUS013,4,3,21,0,0,16.0,1241.3,0.96,1,16.8,5.89
R06,BUS004,3,3,15,0,0,15.9,2702.0,1.3,0,70.1,11.34
R03,BUS001,6,5,12,1,0,16.0,208.7,0.96,0,48.6,0.62
R02,BUS013,6,6,8,1,0,32.5,1566.6,1.03,1,5.0,3.48
R02,BUS018,5,0,6,0,0,22.0,3278.6,1.24,0,25.1,9.75
R01,BUS024,4,2,22,0,0,24.3,314.7,1.67,2,30.8,4.02
R01,BUS010,3,6,10,1,0,27.1,3285.9,1.91,0,48.1,8.81
R01,BUS019,4,1,14,0,0,21.4,3111.9,0.86,1,48.1,9.55
R01,BUS022,1,0,20,0,1,16.8,556.4,5.88,0,66.0,2.63
R02,BUS016,8,0,17,0,1,17.9,3286.1,4.0,1,75.7,12.99
R01,BUS013,10,5,19,1,0,33.2,3483.8,1.67,0,34.1,6.74
R02,BUS008,12,4,16,0,0,22.1,2630.9,1.64,0,40.3,8.33
R03,BUS024,6,4,13,0,0,23.9,2741.1,2.68,0,6.3,8.73
R05,BUS012,5,2,11,0,0,25.2,325.6,0.91,1,20.5,1.64
R04,BUS004,7,1,18,0,1,12.9,505.6,5.5,0,63.1,4.76
R02,BUS017,5,5,11,1,0,19.9,2438.7,2.1,0,52.4,8.29
R02,BUS023,5,6,11,1,0,33.0,1670.2,0.0,1,34.0,3.28
R02,BUS003,11,4,8,0,1,19.0,3380.4,5.2,0,77.7,12.68
R01,BUS012,1,5,19,1,0,32.3,988.5,1.88,0,14.3,3.0
R04,BUS002,4,4,14,0,0,22.3,519.1,0.96,0,44.4,2.51
R06,BUS004,11,6,18,1,0,19.2,2067.1,1.15,0,16.9,5.84
R05,BUS003,2,1,7,0,0,17.6,2621.9,1.09,0,50.0,9.56
R05,BUS015,2,3,18,0,1,13.4,971.5,4.66,0,63.4,5.83
R05,BUS024,10,3,9,0,1,14.2,2808.0,4.99,0,70.8,14.51
R01,BUS009,10,5,22,1,0,23.1,2768.4,2.37,0,38.7,7.88
R02,BUS021,1,6,15,1,0,36.2,833.9,0.91,0,43.2,1.3
R05,BUS003,9,2,18,0,1,14.6,3217.7,5.18,1,54.8,15.76
R03,BUS007,7,6,6,1,0,22.6,202.2,2.02,0,50.9,0.59
R06,BUS021,12,4,10,0,1,11.4,3448.6,6.47,0,76.5,21.22
R04,BUS023,10,5,20,1,0,32.3,1062.7,2.42,0,44.1,2.29
R02,BUS017,11,6,12,1,0,28.9,1228.0,3.27,0,41.8,3.48
R04,BUS019,9,2,17,0,1,19.5,2494.2,3.4,1,101.9,9.83
R03,BUS022,12,3,12,0,0,11.9,2846.2,1.86,0,27.7,14.87
R06,BUS019,9,6,11,1,0,29.8,2003.3,1.91,0,48.7,5.21
R01,BUS017,7,5,6,1,0,21.2,1504.2,0.78,0,62.0,3.97
R05,BUS022,6,3,9,0,1,18.4,3455.8,5.39,0,71.1,14.08
R01,BUS021,6,6,20,1,0,33.9,2976.0,1.61,0,24.6,6.2
R05,BUS006,10,5,18,1,0,24.2,1434.6,1.47,0,33.5,4.48
R05,BUS018,2,1,21,0,0,23.9,1298.3,0.75,1,40.9,4.85
R05,BUS007,12,5,13,1,0,30.2,1549.2,1.05,0,23.4,4.78
R04,BUS003,10,6,13,1,0,28.3,2229.3,2.44,0,39.6,5.68
R03,BUS003,5,2,10,0,1,14.1,412.6,4.16,0,60.5,1.52
R03,BUS010,7,2,20,0,1,20.7,3026.8,4.95,1,66.8,11.21
R06,BUS020,5,3,21,0,0,16.0,2768.4,1.98,0,5.0,11.7
R03,BUS006,3,6,22,1,0,36.3,1177.8,0.79,2,40.7,5.01
R04,BUS024,1,0,11,0,0,17.0,2069.2,2.27,0,18.7,8.67
R02,BUS023,5,6,7,1,0,27.7,1507.6,0.65,0,25.9,3.4
R02,BUS007,8,2,16,0,0,22.3,3031.2,1.12,1,35.1,10.53
R01,BUS014,10,3,11,0,0,20.0,913.1,1.01,0,54.7,3.51
R05,BUS010,7,0,8,0,1,18.6,761.3,4.72,0,54.3,5.13
R02,BUS018,1,5,20,1,0,32.3,1903.1,2.17,0,52.2,4.34
R01,BUS018,8,0,5,0,0,25.6,1109.0,2.5,0,21.7,2.88
R01,BUS009,2,2,18,0,1,11.8,294.7,4.71,0,67.2,3.7
R01,BUS008,1,4,17,0,1,21.9,2411.3,5.88,1,69.9,9.85
R01,BUS021,4,2,12,0,0,20.9,922.0,0.3,0,34.3,4.07
R05,BUS013,12,2,9,0,1,13.6,426.2,6.88,0,56.0,4.34
R05,BUS016,3,1,16,0,0,23.1,646.6,0.5,1,25.1,3.1
R05,BUS019,12,6,5,1,0,32.8,2846.3,1.66,0,48.9,6.37
R05,BUS021,7,3,19,0,1,8.5,828.0,6.6,0,58.5,8.71
R02,BUS016,10,1,5,0,0,23.0,584.7,1.35,0,28.6,2.1
R02,BUS015,5,1,10,0,1,9.7,2154.0,3.97,0,22.5,15.18
R04,BUS014,9,1,17,0,1,13.0,2493.3,5.43,0,75.0,12.96
R04,BUS018,8,6,20,1,0,27.9,2501.2,1.53,0,57.7,4.27
R04,BUS013,3,4,22,0,0,14.8,1653.3,1.04,0,31.7,6.32
R03,BUS009,3,5,7,1,0,35.6,812.0,0.0,0,16.4,1.89
R01,BUS002,9,2,9,0,1,4.3,2944.4,4.51,1,80.0,44.35
R06,BUS006,7,4,21,0,0,26.8,2821.2,1.95,0,49.4,6.51
R06,BUS012,9,4,12,0,0,30.8,2948.8,0.34,0,8.1,6.3
R01,BUS010,1,5,9,1,0,29.4,3111.9,3.22,0,10.6,7.01
R01,BUS019,1,3,16,0,0,19.7,1151.7,2.45,0,33.6,2.79
R04,BUS006,8,0,10,0,1,20.7,2523.2,4.19,0,65.1,8.72
R05,BUS022,12,2,11,0,0,21.3,2587.8,1.98,0,68.7,8.99
R05,BUS022,9,1,12,0,0,22.0,686.0,1.39,0,41.6,2.0
R03,BUS015,4,0,6,0,0,27.0,2232.2,0.0,0,51.9,4.23
R02,BUS003,9,0,22,0,0,18.2,658.9,1.84,2,27.9,4.88
R02,BUS009,8,2,20,0,1,16.4,2530.8,4.67,1,55.1,12.44
R02,BUS011,7,3,18,0,1,7.2,2896.6,5.57,0,67.7,27.04
R02,BUS018,10,3,6,0,0,19.2,350.1,0.62,0,28.9,1.62
R05,BUS022,3,1,14,0,0,20.6,1572.8,2.44,1,12.3,5.85
R02,BUS004,2,2,10,0,1,6.8,2707.8,4.5,0,54.1,26.42
R02,BUS020,5,1,7,0,0,11.9,2059.7,0.96,0,58.2,10.61
R06,BUS003,7,6,16,1,0,21.0,1780.8,2.0,0,19.2,5.51
R03,BUS004,10,5,9,1,0,16.4,1066.2,2.01,0,57.4,4.53
R02,BUS017,8,6,17,1,0,25.8,1129.2,0.63,0,37.7,3.34
R05,BUS009,3,5,22,1,0,38.1,448.8,1.23,0,55.0,1.17
R01,BUS024,1,0,7,0,0,20.4,2394.4,1.74,0,65.5,8.4
R03,BUS005,12,0,20,0,1,12.9,2847.9,5.62,0,45.4,14.46
R02,BUS017,1,6,15,1,0,26.5,2328.0,0.81,1,29.1,6.03
R03,BUS020,9,1,22,0,0,26.4,1032.5,1.14,0,15.2,2.86
R06,BUS013,2,4,7,0,0,16.6,1062.2,2.23,0,18.3,4.71
R02,BUS017,5,1,18,0,1,18.2,1153.3,5.12,1,89.4,6.94
R02,BUS002,7,5,6,1,0,35.5,1019.5,1.35,1,29.8,3.3
R01,BUS009,10,6,6,1,0,28.6,296.9,0.9,0,38.8,0.87
R06,BUS008,2,3,8,0,1,18.8,865.8,4.41,1,68.4,4.94
R03,BUS016,10,6,22,1,0,33.3,3322.6,1.17,1,8.5,7.92
R05,BUS020,8,4,9,0,1,19.7,3465.8,4.06,0,52.3,12.14
R03,BUS018,12,4,13,0,0,21.7,1932.0,2.11,1,45.7,7.45
R05,BUS007,9,5,13,1,0,24.3,2013.4,0.67,0,42.6,6.07
R02,BUS002,5,1,12,0,0,23.1,346.1,1.71,0,17.4,1.58
R02,BUS004,8,1,13,0,0,30.5,2495.9,1.24,0,5.0,5.23
R04,BUS009,10,2,7,0,0,18.6,2587.5,1.36,0,22.1,7.88
R02,BUS023,4,1,5,0,0,24.3,1191.2,1.01,0,51.6,3.21
R01,BUS008,4,2,5,0,0,17.0,1857.6,1.36,0,21.7,6.78
R04,BUS023,1,6,14,1,0,22.8,2801.6,0.0,0,51.9,8.1
R02,BUS023,4,5,11,1,0,32.5,1149.0,0.87,0,46.4,2.57
R05,BUS024,7,3,18,0,1,12.2,244.5,4.45,0,60.5,1.93
R02,BUS010,12,4,19,0,1,18.5,1149.8,5.17,1,64.5,6.86
R04,BUS017,8,3,7,0,0,25.4,1136.0,1.2,0,12.2,3.55
R03,BUS024,7,5,13,1,0,40.2,373.8,1.27,1,37.3,1.71
R04,BUS005,9,5,7,1,0,27.9,1730.4,3.41,0,42.2,6.08
R04,BUS005,10,3,13,0,0,20.6,1146.1,2.07,0,16.5,4.94
R06,BUS014,3,6,22,1,0,27.5,3308.3,0.46,2,51.6,9.6
R05,BUS002,4,2,21,0,0,23.8,2834.9,2.75,0,26.6,8.0
R03,BUS022,11,5,14,1,0,27.5,219.9,2.05,2,23.3,3.52
R03,BUS024,9,6,17,1,0,25.2,965.6,0.85,1,47.0,2.77
R03,BUS023,3,3,18,0,1,15.3,3089.9,5.52,0,55.1,14.86
R01,BUS020,12,0,14,0,0,20.7,3434.2,2.41,1,39.5,12.15
R03,BUS012,3,3,15,0,0,24.9,2322.6,1.22,1,37.7,6.27
R05,BUS023,7,0,8,0,1,17.2,2088.8,5.5,0,90.0,8.72
R06,BUS014,10,2,6,0,0,26.7,2136.9,2.72,0,22.9,6.15
R03,BUS006,11,3,17,0,1,16.3,357.5,4.49,0,61.1,2.92
R03,BUS009,1,0,18,0,1,10.8,1050.3,4.28,0,57.1,6.96
R01,BUS017,1,0,8,0,1,17.3,957.6,5.34,0,47.2,6.22
R04,BUS009,3,3,10,0,1,10.7,2116.0,5.24,0,92.3,13.97
R06,BUS017,7,1,20,0,1,24.3,1892.0,4.53,0,49.3,5.73
R02,BUS024,10,2,19,0,1,18.6,1720.5,5.8,0,56.1,7.74
R01,BUS013,8,4,17,0,1,10.2,698.4,5.77,0,82.6,7.69
R03,BUS016,10,0,19,0,1,13.4,1532.2,4.69,0,66.0,9.62
R04,BUS013,3,1,5,0,0,19.2,757.3,1.14,0,49.0,3.3
R01,BUS020,11,4,12,0,0,24.2,1267.2,1.4,0,28.6,3.24
R03,BUS014,10,0,17,0,1,11.1,2494.9,5.75,0,36.5,16.6
R06,BUS002,12,3,22,0,0,20.5,2056.6,1.17,0,29.7,6.76
R06,BUS003,4,4,20,0,1,7.7,1929.3,6.23,2,67.6,19.96
R06,BUS007,1,0,10,0,1,10.7,2177.1,4.12,0,50.0,14.73
R02,BUS002,1,5,21,1,0,26.2,1491.2,2.45,0,16.5,4.88
R01,BUS015,5,6,19,1,0,35.1,2473.4,2.52,0,15.6,4.67
R06,BUS022,7,4,18,0,1,14.9,3006.4,4.33,0,22.3,13.0
R02,BUS002,12,2,13,0,0,24.2,306.8,1.59,0,27.7,0.7
R05,BUS021,7,4,16,0,0,25.2,260.5,1.77,0,32.9,1.92
R06,BUS013,10,2,5,0,0,26.7,1550.8,2.02,1,39.4,4.99
R06,BUS002,1,4,11,0,0,22.9,2645.5,1.52,0,42.4,7.84
R03,BUS019,11,0,12,0,0,20.3,1559.4,1.73,0,5.0,5.57
R05,BUS023,3,4,9,0,1,15.3,2130.4,4.44,0,32.9,10.77
R04,BUS012,4,2,12,0,0,28.0,1745.5,2.49,0,22.9,5.21
R05,BUS008,1,5,16,1,0,18.1,1230.3,1.43,1,11.9,4.67
R02,BUS010,2,1,18,0,1,10.7,2633.4,4.38,1,53.2,17.14
R02,BUS010,1,2,6,0,0,18.3,2096.7,2.37,0,50.4,8.42
R03,BUS024,5,0,6,0,0,27.8,991.0,1.35,1,37.9,3.42
R05,BUS021,3,0,18,0,1,8.6,3063.7,5.45,0,62.2,23.95
R04,BUS023,4,1,18,0,1,9.6,2298.0,6.67,0,48.0,16.9
R06,BUS022,2,5,15,1,0,31.9,2812.1,1.52,0,20.5,5.09
R05,BUS002,11,6,13,1,0,34.6,273.6,0.0,0,59.4,0.79
R01,BUS023,9,6,11,1,0,29.9,1832.8,0.85,0,31.6,3.76
R05,BUS009,3,2,6,0,0,24.0,512.5,1.43,0,50.6,1.54
R03,BUS012,5,6,15,1,0,26.6,1685.1,2.39,1,44.5,7.04
R03,BUS016,11,1,14,0,0,20.2,2564.9,1.24,0,40.8,7.86
R01,BUS022,3,1,15,0,0,24.2,2595.4,1.87,0,45.8,7.49
R03,BUS016,12,3,8,0,1,10.1,1433.4,4.65,0,103.0,10.71
R04,BUS010,6,3,21,0,0,23.0,3165.5,1.11,0,48.7,8.89
R02,BUS010,11,0,16,0,0,23.0,3042.2,1.06,0,62.9,7.3
R06,BUS021,7,2,5,0,0,24.1,3294.7,1.25,0,56.7,8.9
R04,BUS002,8,4,5,0,0,23.8,466.7,0.7,2,39.7,3.15
R03,BUS020,1,6,19,1,0,25.0,3344.2,0.83,0,40.5,8.58
R05,BUS006,8,0,5,0,0,21.7,1519.5,2.19,1,35.1,5.6
R02,BUS022,11,6,16,1,0,23.1,460.5,1.45,0,32.4,0.64
R06,BUS022,12,2,15,0,0,28.0,1481.0,1.67,0,5.0,4.3
R04,BUS005,3,2,17,0,1,13.8,1257.7,5.86,0,65.5,7.51
R02,BUS023,2,5,17,1,0,21.4,956.4,1.8,1,52.2,5.42
R01,BUS023,3,2,17,0,1,3.0,282.8,4.86,0,58.8,8.05
R05,BUS018,10,1,10,0,1,8.8,2501.6,5.12,0,72.4,18.39
R05,BUS020,4,6,13,1,0,32.0,3228.8,1.29,0,43.6,5.15
R01,BUS016,12,3,15,0,0,26.4,720.4,2.74,0,26.3,2.27
R04,BUS023,4,4,13,0,0,18.2,2888.4,1.11,0,36.6,9.94
R06,BUS022,12,2,19,0,1,13.7,3291.5,5.76,0,50.6,17.54
R03,BUS023,8,6,18,1,0,29.1,673.5,2.43,1,38.7,3.42
R05,BUS005,6,4,8,0,1,13.4,3025.2,3.46,0,44.9,15.12
R04,BUS007,6,4,10,0,1,16.2,332.4,5.4,1,77.1,3.3
R01,BUS014,8,0,22,0,0,21.5,3430.0,0.0,0,59.8,9.22
R05,BUS017,9,4,15,0,0,25.3,3446.9,1.31,1,24.9,10.25
R05,BUS010,2,3,13,0,0,23.2,3225.8,1.55,0,42.0,9.22
R06,BUS004,7,0,8,0,1,11.7,1381.5,5.51,0,88.0,8.75
R05,BUS022,8,5,8,1,0,34.6,1016.6,1.47,0,63.0,2.77
R04,BUS014,12,6,17,1,0,27.0,2211.0,0.0,0,22.8,5.97
R06,BUS020,7,6,5,1,0,24.7,413.8,1.72,0,40.9,1.32
R02,BUS001,3,6,16,1,0,25.7,212.3,2.58,1,15.3,2.46
R01,BUS003,4,3,12,0,0,25.7,2910.2,0.0,0,17.2,6.53
R04,BUS003,12,0,6,0,0,24.2,2223.0,1.68,0,47.3,5.75
R06,BUS006,10,4,7,0,0,15.5,2656.0,0.9,0,32.2,11.41
R02,BUS007,1,3,8,0,1,3.3,3115.1,4.95,0,54.3,58.38
R03,BUS024,1,0,6,0,0,16.6,3189.2,1.9,0,21.7,12.03
R03,BUS023,11,3,12,0,0,23.4,2806.8,1.36,0,29.1,6.94
R03,BUS007,11,6,9,1,0,31.5,3216.1,1.41,1,54.1,8.15
R03,BUS018,2,2,10,0,1,9.5,877.7,5.1,0,64.5,7.26
R03,BUS014,6,1,9,0,1,14.9,2055.5,3.4,0,67.0,9.49
R04,BUS024,3,6,21,1,0,21.6,1115.4,0.69,0,33.8,2.5
R01,BUS024,6,5,22,1,0,14.0,2652.4,1.2,1,20.5,11.73
R05,BUS018,11,5,12,1,0,29.8,1972.4,1.48,0,47.0,4.26
R03,BUS007,8,6,20,1,0,29.6,1552.8,1.53,0,39.7,3.29
R02,BUS019,2,6,14,1,0,27.7,1965.0,2.31,1,39.4,7.15
R05,BUS001,1,5,13,1,0,22.1,3282.3,1.39,0,19.1,8.97
R06,BUS016,4,4,22,0,0,18.3,1888.3,1.62,0,48.6,7.33
R03,BUS002,5,5,14,1,0,36.0,1648.4,2.76,0,5.0,4.12
R04,BUS013,4,3,9,0,1,8.7,2039.9,4.16,0,50.3,14.77
R01,BUS004,3,1,15,0,0,28.6,1426.3,1.25,2,41.5,5.11
R03,BUS003,7,0,14,0,0,31.5,2587.3,0.94,0,43.3,5.81
R03,BUS017,3,1,15,0,0,25.4,1493.6,1.73,1,22.2,5.07
R06,BUS013,2,3,6,0,0,27.5,1236.2,1.2,1,15.1,3.32
R01,BUS018,2,5,17,1,0,29.9,1203.5,3.0,0,15.4,3.74
R01,BUS017,7,0,8,0,1,9.7,2150.1,5.87,0,47.4,16.39
R04,BUS014,10,0,16,0,0,11.0,3447.9,1.38,1,34.3,20.94
R01,BUS023,10,1,19,0,1,14.7,2844.7,5.84,0,28.5,14.07
R06,BUS020,10,4,13,0,0,22.9,2911.3,0.62,0,48.0,7.73
R04,BUS022,1,0,21,0,0,13.5,2299.4,0.78,0,27.8,12.04
R01,BUS004,10,1,13,0,0,25.7,2244.1,1.74,1,40.2,6.43
R04,BUS019,5,3,11,0,0,28.6,1346.9,2.36,0,36.7,3.84
R04,BUS020,8,3,9,0,1,14.3,3477.4,5.24,0,76.9,16.44
R01,BUS005,4,6,21,1,0,25.4,2571.0,0.76,0,42.0,6.81
R05,BUS009,10,6,20,1,0,33.3,2647.8,0.21,1,30.6,5.55
R04,BUS007,6,2,8,0,1,15.2,2518.9,4.47,1,60.9,13.29
R04,BUS013,11,4,22,0,0,21.9,285.9,1.25,0,34.7,1.46
R05,BUS023,12,6,20,1,0,35.3,2499.7,1.99,0,35.1,4.12
R05,BUS003,2,4,8,0,1,17.9,299.2,3.32,0,77.1,3.57
R03,BUS005,11,6,18,1,0,27.4,1758.2,1.67,0,18.9,5.12
R04,BUS016,1,3,9,0,1,12.5,1706.8,4.54,0,51.2,9.31
R05,BUS014,2,4,11,0,0,23.4,508.8,0.94,0,44.2,1.63
R03,BUS024,10,5,15,1,0,25.5,2824.3,2.43,0,49.3,7.3
R05,BUS024,3,5,20,1,0,32.7,3079.2,2.66,0,29.3,6.32
R04,BUS014,12,0,13,0,0,27.6,1706.3,0.0,0,5.0,3.75
R06,BUS015,4,2,21,0,0,25.3,3092.0,1.33,0,58.9,8.01
R06,BUS013,7,2,16,0,0,25.4,3180.4,2.18,1,18.8,8.81
R06,BUS001,8,3,21,0,0,24.8,2204.1,1.75,0,16.1,7.19
R03,BUS013,3,6,15,1,0,22.5,321.9,1.11,0,46.1,1.02
R04,BUS023,3,0,17,0,1,16.9,2906.1,6.17,0,92.9,12.2
R05,BUS001,5,6,7,1,0,27.9,1268.3,0.8,0,43.1,2.67
R03,BUS007,3,6,16,1,0,35.8,938.9,1.8,0,13.9,1.9
R04,BUS021,3,0,12,0,0,27.8,498.0,1.09,0,10.1,2.78
R01,BUS017,8,2,20,0,1,11.9,2144.3,4.39,0,95.7,12.27
R03,BUS012,5,3,14,0,0,20.6,2400.2,2.71,0,52.4,9.38
R05,BUS017,8,1,14,0,0,25.9,1870.4,2.18,0,30.1,5.07
R05,BUS016,12,1,18,0,1,13.4,954.0,5.25,0,62.0,6.78
R02,BUS015,1,2,16,0,0,18.6,1715.7,2.05,0,23.4,6.07
R01,BUS022,9,3,15,0,0,19.2,2931.0,0.54,0,31.9,10.3
R06,BUS008,11,1,13,0,0,24.8,1395.4,1.87,0,31.0,4.65
R04,BUS006,2,3,20,0,1,14.9,475.3,4.98,0,50.1,2.5
R04,BUS021,8,2,9,0,1,14.4,1284.5,4.87,0,74.0,7.5
R06,BUS022,1,6,15,1,0,25.2,1649.2,2.15,1,49.0,6.03
R03,BUS013,12,2,20,0,1,14.3,806.7,4.86,0,59.8,3.98
R01,BUS020,5,5,7,1,0,20.7,2954.0,1.82,0,29.8,9.35
R04,BUS007,3,0,9,0,1,12.5,1821.8,4.96,1,85.8,11.32
R05,BUS001,7,3,13,0,0,23.7,215.3,1.55,0,42.9,1.06
R02,BUS012,8,0,13,0,0,26.7,1674.3,2.22,0,29.7,5.7
R03,BUS007,3,1,6,0,0,20.4,2592.3,1.25,0,47.4,7.63
R01,BUS022,2,6,5,1,0,24.4,2938.3,1.42,0,64.7,8.03
R06,BUS009,10,0,18,0,1,20.7,258.6,5.0,0,74.6,3.47
R03,BUS001,8,3,5,0,0,19.6,3233.1,1.19,0,64.9,10.56
R05,BUS015,5,4,6,0,0,18.1,1697.1,2.66,0,47.3,5.93
R06,BUS016,1,1,6,0,0,26.0,2952.9,1.31,0,27.0,7.62
R01,BUS006,12,5,16,1,0,32.8,275.1,1.75,0,21.0,0.8
R05,BUS019,11,3,21,0,0,28.1,982.6,2.25,0,39.1,2.37
R04,BUS019,2,3,18,0,1,14.1,1369.9,4.05,0,101.9,7.07
R01,BUS016,3,0,16,0,0,20.3,1597.7,1.19,0,52.7,5.06
R02,BUS012,2,1,10,0,1,12.9,1760.1,5.67,0,82.4,10.33
R03,BUS001,8,6,11,1,0,34.6,1289.5,1.83,1,40.2,2.21
R03,BUS023,11,6,14,1,0,32.0,2148.3,1.71,1,40.0,4.94
R01,BUS005,1,5,11,1,0,29.3,3179.3,0.57,0,63.2,6.5
R01,BUS016,3,3,14,0,0,16.2,3038.9,1.71,2,52.9,14.22
R03,BUS010,5,4,22,0,0,24.5,2552.4,0.9,1,41.5,7.1
R03,BUS001,1,0,18,0,1,13.7,1452.8,5.61,0,56.2,9.8
R05,BUS023,6,3,18,0,1,16.3,1322.9,4.84,0,57.7,4.97
R06,BUS001,5,5,14,1,0,26.6,1516.1,2.93,0,43.4,4.99
R04,BUS024,1,6,18,1,0,25.4,724.1,2.17,0,23.1,2.62
R05,BUS004,11,5,19,1,0,27.8,2503.4,0.96,2,5.0,8.39
R03,BUS024,5,0,5,0,0,18.1,1312.6,0.05,2,31.0,6.05
R06,BUS019,12,0,8,0,1,12.0,3133.4,3.03,0,81.6,17.48
R06,BUS003,1,3,8,0,1,15.7,1638.0,4.36,0,81.9,7.81
R04,BUS012,12,4,11,0,0,27.2,1547.2,2.52,0,13.4,3.99
R05,BUS006,2,4,7,0,0,28.3,1729.9,0.75,0,36.0,4.5
R05,BUS024,6,2,13,0,0,19.7,231.7,1.65,0,34.1,2.0
R03,BUS005,8,3,11,0,0,16.8,2293.6,1.53,0,38.1,8.97
R06,BUS020,10,6,12,1,0,27.5,703.3,1.36,0,25.5,2.52
R01,BUS009,11,4,17,0,1,19.9,875.1,5.7,0,67.9,3.96
R05,BUS007,1,4,17,0,1,17.0,1143.3,5.9,0,71.5,5.51
R05,BUS018,1,6,11,1,0,24.2,445.2,2.19,0,35.8,2.32
R03,BUS024,9,1,10,0,1,16.5,1513.4,5.8,0,59.5,7.99
R05,BUS015,6,6,17,1,0,35.8,629.3,1.82,0,43.4,1.88
R01,BUS006,8,6,6,1,0,22.9,1733.9,2.7,0,47.1,6.04
R06,BUS007,5,1,19,0,1,16.2,3291.2,5.57,0,80.0,14.18
R02,BUS004,12,4,19,0,1,9.8,3323.7,2.52,1,51.1,22.27
R02,BUS014,8,3,16,0,0,25.6,2948.8,0.55,0,37.0,6.98
R01,BUS013,3,5,21,1,0,31.0,2607.4,1.66,0,38.1,5.54
R06,BUS021,5,4,12,0,0,16.8,2946.3,3.28,1,23.2,11.9
R06,BUS022,11,5,9,1,0,21.6,1463.1,1.23,1,68.8,4.78
R05,BUS016,2,4,18,0,1,15.1,1970.5,5.31,1,80.3,10.65
R06,BUS003,5,2,19,0,1,14.7,2409.6,5.42,0,103.9,12.06
R06,BUS020,9,5,7,1,0,20.8,633.7,1.68,1,35.4,3.2
R03,BUS022,3,0,20,0,1,17.5,2558.4,5.19,1,65.4,11.52
R01,BUS001,1,3,17,0,1,9.7,742.7,5.85,0,54.7,7.34
R01,BUS015,2,1,9,0,1,16.4,2492.0,5.7,0,66.8,11.97
R02,BUS024,1,3,15,0,0,29.1,2691.9,1.17,1,27.6,6.6
R01,BUS020,9,3,18,0,1,16.8,3178.5,4.48,0,75.0,11.61
R04,BUS006,8,1,17,0,1,18.0,1609.7,4.73,0,90.9,7.28
R03,BUS022,10,5,21,1,0,27.9,2291.3,2.44,0,25.8,7.36
R01,BUS015,3,3,19,0,1,8.0,2024.8,4.68,0,81.7,17.73
R04,BUS010,5,4,6,0,0,21.6,1375.0,0.0,0,27.5,3.45
R01,BUS024,9,6,5,1,0,30.9,1748.5,0.75,0,39.1,3.01
R02,BUS021,9,0,21,0,0,22.5,2316.4,2.23,1,11.8,8.72
R04,BUS008,4,6,14,1,0,19.8,2445.2,1.49,0,42.5,7.96
R06,BUS001,12,2,21,0,0,24.2,221.4,1.09,0,57.5,2.25
R01,BUS019,2,4,11,0,0,24.9,2221.5,1.2,0,44.2,6.01
R03,BUS021,12,3,10,0,1,9.4,936.1,4.69,1,60.0,8.47
R04,BUS018,3,2,10,0,1,9.6,3390.1,3.88,0,84.8,23.72
R01,BUS022,6,6,5,1,0,35.6,2815.3,2.11,0,53.7,5.82
R01,BUS010,2,6,17,1,0,26.2,315.1,1.72,0,18.2,1.0
R06,BUS013,6,2,17,0,1,10.9,914.4,4.1,0,79.2,6.89
R03,BUS004,10,5,18,1,0,29.5,581.9,1.23,1,34.8,2.44
R06,BUS013,11,5,16,1,0,25.8,3224.3,1.06,0,46.7,8.66
R03,BUS006,3,2,15,0,0,18.5,882.7,0.46,0,24.5,2.99
R01,BUS016,2,6,18,1,0,21.2,626.7,2.05,0,18.5,3.22
R03,BUS003,8,3,7,0,0,21.1,2335.6,1.75,0,37.2,7.79
R05,BUS023,8,5,6,1,0,32.9,3335.5,0.01,0,35.1,5.72
R05,BUS016,5,0,10,0,1,15.0,1315.1,4.61,1,47.8,7.32
R06,BUS020,8,6,5,1,0,20.8,2661.4,0.01,1,27.1,8.24
R01,BUS012,6,5,13,1,0,30.9,1201.1,1.82,0,17.2,3.1
R04,BUS024,5,1,12,0,0,17.4,800.2,3.06,1,51.0,4.48
R01,BUS003,6,1,22,0,0,13.1,2602.3,1.12,1,62.6,11.98
R05,BUS011,9,0,13,0,0,20.9,1586.7,1.4,0,29.0,4.68
R02,BUS012,5,1,9,0,1,13.5,2294.1,3.42,0,57.2,11.02
R05,BUS001,1,2,9,0,1,10.2,1023.7,4.58,0,69.4,7.93
R02,BUS014,3,4,18,0,1,14.8,1171.5,7.09,0,72.3,8.82
R02,BUS002,10,3,20,0,1,12.9,2081.1,5.01,0,78.9,12.49
R01,BUS013,2,2,11,0,0,20.2,2552.4,2.04,0,13.3,8.21
R06,BUS017,11,1,21,0,0,26.7,3489.1,1.65,0,16.3,9.86
R06,BUS022,11,4,20,0,1,11.3,1218.4,5.71,0,59.5,10.08
R04,BUS007,7,6,22,1,0,25.3,2429.4,1.49,0,45.5,6.84
R01,BUS018,1,1,9,0,1,12.5,672.6,4.29,2,70.0,7.54
R01,BUS007,4,3,13,0,0,20.2,1001.1,2.92,1,15.1,5.0
R01,BUS003,6,4,9,0,1,16.7,648.1,5.13,2,64.2,7.47
R05,BUS009,12,4,21,0,0,26.0,1037.5,1.16,0,23.0,2.21
R03,BUS022,3,4,21,0,0,25.6,305.1,2.13,0,33.8,1.11
R05,BUS017,12,1,19,0,1,16.1,1950.5,4.36,0,62.4,10.17
R03,BUS009,9,3,11,0,0,27.4,326.6,0.74,0,35.5,2.05
R04,BUS019,8,4,11,0,0,19.2,3353.8,2.78,1,40.5,12.78
R04,BUS011,10,6,13,1,0,21.4,2829.1,1.39,0,11.3,9.06
R03,BUS013,9,0,7,0,0,29.9,3159.2,1.37,0,13.9,6.27
R06,BUS012,1,0,9,0,1,18.7,910.8,5.43,0,75.9,5.33
R06,BUS009,6,3,6,0,0,22.6,2375.2,0.99,0,48.9,5.9
R06,BUS019,7,3,19,0,1,14.7,2451.1,4.66,0,68.1,13.22
R04,BUS024,12,4,16,0,0,24.8,3165.5,2.71,0,18.5,9.13
R02,BUS021,12,3,19,0,1,16.4,2357.3,5.54,1,54.2,11.55
R04,BUS011,7,2,15,0,0,18.1,2581.5,2.27,0,9.0,9.59
R04,BUS019,7,2,11,0,0,16.4,1049.9,1.93,0,79.1,4.91
R01,BUS021,4,6,15,1,0,37.9,1540.9,0.87,0,20.9,1.81
R05,BUS012,12,4,5,0,0,25.2,2942.8,2.34,0,26.1,7.16
R06,BUS013,2,2,16,0,0,26.3,3485.2,1.12,0,55.7,8.42
R02,BUS020,3,1,17,0,1,14.9,550.8,4.58,0,54.4,3.91
R06,BUS005,2,3,11,0,0,20.5,2465.3,1.81,0,22.2,7.79
R02,BUS003,3,4,11,0,0,18.7,2980.2,1.31,0,45.9,10.16
R01,BUS014,6,5,9,1,0,19.4,1593.9,0.7,0,43.7,4.66
R03,BUS022,6,4,11,0,0,21.2,2547.5,1.36,0,26.5,7.56
R05,BUS019,9,0,10,0,1,13.5,1059.8,3.83,0,69.4,6.03
R03,BUS017,8,4,12,0,0,24.6,1116.2,0.85,0,32.5,2.41
R02,BUS006,1,1,19,0,1,15.6,1563.0,3.05,0,66.8,6.83
R01,BUS007,3,5,5,1,0,33.2,2114.8,1.39,0,49.5,3.8
R03,BUS006,7,3,14,0,0,21.7,363.6,2.53,0,42.2,2.85
R01,BUS011,6,5,18,1,0,22.7,2819.1,1.85,0,26.0,7.84
R02,BUS018,5,2,17,0,1,8.9,2719.2,5.46,0,62.1,20.25
R05,BUS015,1,1,15,0,0,30.5,3245.1,1.61,0,38.1,8.26
R01,BUS022,1,1,19,0,1,11.1,2892.7,4.99,1,75.7,18.02
R06,BUS020,5,2,14,0,0,20.0,730.8,1.22,0,38.0,1.59
R02,BUS024,4,0,22,0,0,16.1,2448.7,0.0,1,44.5,10.83
R04,BUS008,5,0,17,0,1,14.5,1557.3,4.97,0,47.7,8.6
R05,BUS001,11,3,8,0,1,14.0,693.2,5.28,0,70.3,5.3
R02,BUS012,10,3,8,0,1,13.9,2312.0,5.96,0,63.3,12.31
R01,BUS011,11,1,6,0,0,23.0,286.3,1.63,0,52.4,1.26
R02,BUS002,8,0,19,0,1,19.6,3212.3,4.77,0,82.1,11.71
R05,BUS007,1,0,17,0,1,9.4,2922.1,4.56,0,47.1,21.16
R05,BUS017,3,5,6,1,0,27.2,697.3,2.05,0,21.5,3.33
R03,BUS016,8,3,20,0,1,14.1,886.6,4.5,0,72.4,6.66
R03,BUS004,12,1,10,0,1,13.5,1371.9,5.28,0,57.0,7.7
R04,BUS004,4,0,12,0,0,28.2,701.2,2.47,1,31.6,2.78
R05,BUS016,10,2,19,0,1,21.4,2446.7,4.98,0,85.8,9.2
R05,BUS024,2,0,19,0,1,14.4,1575.1,4.1,0,91.0,8.06
R06,BUS008,7,6,16,1,0,26.9,2011.7,2.01,0,24.2,5.07
R04,BUS009,2,2,11,0,0,18.5,1356.2,1.13,1,56.5,4.68
R03,BUS021,5,2,13,0,0,26.5,1638.0,1.61,0,53.4,3.82
R01,BUS014,11,6,18,1,0,16.9,709.2,0.39,0,26.7,2.22
R05,BUS004,5,2,17,0,1,11.3,1659.4,5.23,0,58.5,10.17
R03,BUS004,12,3,6,0,0,25.2,2254.9,0.74,0,5.0,5.78
R05,BUS008,5,1,20,0,1,10.0,2825.7,5.67,0,37.9,19.9
R01,BUS007,10,1,12,0,0,18.5,2318.1,1.1,0,51.8,7.85
R01,BUS015,9,4,21,0,0,22.0,2703.8,1.37,0,30.8,8.31
R02,BUS009,9,2,22,0,0,23.6,1948.9,1.31,0,48.9,5.79
R01,BUS002,4,6,13,1,0,28.2,3262.4,1.57,2,51.0,10.47
R05,BUS020,1,6,7,1,0,20.4,1620.5,2.46,0,63.2,5.66
R03,BUS017,6,6,18,1,0,32.6,2892.7,1.33,0,39.0,5.44
R03,BUS006,9,3,20,0,1,13.7,908.0,4.54,1,97.7,5.65
R04,BUS005,9,0,8,0,1,16.1,328.3,4.4,0,72.7,1.86
R05,BUS005,1,3,5,0,0,27.0,737.6,0.53,0,54.4,1.77
R05,BUS012,11,5,10,1,0,28.6,2353.8,0.75,0,45.0,4.56
R05,BUS004,10,2,18,0,1,9.8,2349.7,5.65,0,51.8,15.21
R01,BUS004,10,2,8,0,1,11.0,872.4,4.68,0,83.8,6.78
R06,BUS016,1,5,22,1,0,32.4,2784.6,1.83,1,42.9,6.97
R06,BUS020,2,6,17,1,0,30.7,2378.8,1.19,1,16.3,6.42
R03,BUS018,12,0,17,0,1,12.2,2590.5,4.73,2,46.9,16.21
R01,BUS002,9,0,12,0,0,21.9,1078.7,1.9,0,37.4,3.51
R04,BUS006,4,0,12,0,0,26.1,1490.5,0.55,0,12.3,2.83
R04,BUS024,6,6,11,1,0,33.8,802.2,1.67,0,47.9,1.88
R04,BUS003,10,1,21,0,0,25.6,373.7,1.05,0,30.8,1.84
R06,BUS018,1,3,10,0,1,16.3,3258.2,5.29,0,72.8,13.74
R03,BUS006,7,0,8,0,1,15.9,2878.8,3.89,0,52.2,11.36
R02,BUS009,6,1,9,0,1,10.8,2159.2,5.89,0,93.6,14.38
R02,BUS017,5,5,21,1,0,24.1,1695.6,2.21,1,20.0,5.09
R06,BUS021,1,0,5,0,0,24.8,695.6,2.17,2,52.0,5.21
R04,BUS006,3,5,18,1,0,21.3,766.5,2.03,0,49.0,3.37
R02,BUS021,12,6,17,1,0,25.4,1769.2,1.62,0,46.3,4.02
R03,BUS007,7,5,16,1,0,31.8,2736.6,2.17,0,49.7,5.61
R06,BUS021,1,0,7,0,0,28.8,3448.9,0.96,0,16.3,7.77
R05,BUS002,8,6,16,1,0,26.4,2522.8,0.72,1,20.9,7.04
R05,BUS008,7,6,16,1,0,28.3,1721.4,3.24,0,31.0,4.47
R02,BUS004,5,1,19,0,1,9.4,1230.5,5.05,1,75.5,10.49
R06,BUS005,9,5,8,1,0,27.0,3449.1,0.65,1,54.9,8.71
R06,BUS002,5,6,14,1,0,34.0,2921.3,2.23,2,32.6,8.26
R05,BUS012,10,4,13,0,0,25.2,3430.8,1.49,0,36.3,8.45
R06,BUS016,12,2,7,0,0,18.2,3080.7,2.1,0,51.4,10.42
R01,BUS013,5,2,14,0,0,26.3,579.4,1.26,1,39.9,2.3
R01,BUS008,1,0,10,0,1,21.0,3379.9,5.48,0,61.0,11.68
R02,BUS015,5,2,11,0,0,30.6,2614.4,0.8,0,26.7,5.78
R03,BUS005,1,0,20,0,1,19.6,842.7,3.41,0,87.4,3.58
R04,BUS005,8,2,15,0,0,24.4,456.6,2.6,0,49.2,2.87
R05,BUS015,3,4,20,0,1,18.1,1292.8,4.24,0,65.5,7.57
R03,BUS003,4,1,10,0,1,12.2,728.4,4.97,0,60.3,5.92
R03,BUS007,3,3,7,0,0,22.6,251.9,0.99,0,19.6,1.39
R04,BUS017,9,6,21,1,0,26.0,2719.7,1.22,0,50.3,7.24
R02,BUS023,8,3,17,0,1,14.5,1373.2,5.45,2,73.0,9.72
R06,BUS024,7,4,19,0,1,9.2,1695.0,5.67,0,53.2,14.02
R02,BUS009,1,3,8,0,1,10.1,641.1,4.01,0,63.6,5.23
R05,BUS009,5,2,11,0,0,24.0,1603.7,1.08,0,31.1,5.09
R02,BUS022,3,1,19,0,1,16.7,750.2,5.42,0,44.9,5.76
R05,BUS004,1,5,9,1,0,27.2,1860.7,2.22,0,34.8,4.56
R04,BUS015,10,5,16,1,0,33.0,1366.3,1.29,0,38.8,2.83
R06,BUS007,9,2,20,0,1,16.8,2504.4,5.61,0,65.3,11.78
R05,BUS011,12,3,15,0,0,20.9,2687.5,1.93,0,38.4,7.44
R02,BUS015,1,2,12,0,0,23.0,3353.8,1.19,0,36.6,9.28
R05,BUS021,11,3,18,0,1,12.3,2905.4,5.26,0,56.7,15.51
R05,BUS012,9,0,16,0,0,15.8,3283.0,0.08,0,18.6,12.55
R02,BUS001,6,1,9,0,1,13.7,2808.1,4.99,2,55.9,16.03
R04,BUS020,10,1,7,0,0,21.6,632.4,0.0,0,18.5,1.67
R03,BUS004,12,5,20,1,0,21.8,814.5,0.44,0,29.4,2.24
R03,BUS016,8,4,12,0,0,16.7,2146.1,2.18,0,27.5,8.43
R03,BUS023,4,2,11,0,0,20.1,459.8,1.26,0,17.4,0.54
R03,BUS019,10,2,10,0,1,15.9,569.3,5.74,2,33.8,6.43
R04,BUS023,10,5,7,1,0,33.1,263.1,2.05,0,57.0,1.82
R02,BUS009,4,0,8,0,1,16.5,374.4,3.92,0,39.9,2.96
R04,BUS005,12,4,5,0,0,14.7,3068.2,1.35,1,47.6,12.81
R01,BUS016,8,3,22,0,0,21.9,1597.1,2.1,0,67.8,5.57
R04,BUS012,7,4,8,0,1,17.8,904.7,6.12,0,70.5,5.17
R03,BUS001,1,3,18,0,1,13.3,569.0,4.95,1,62.7,5.42
R04,BUS008,3,4,21,0,0,21.6,1392.1,1.04,0,38.5,3.67
R04,BUS011,7,0,20,0,1,12.8,1447.1,4.9,0,74.9,9.72
R01,BUS004,3,1,22,0,0,28.1,3037.3,1.74,0,29.2,8.02
R06,BUS002,7,1,22,0,0,16.8,1274.2,0.94,0,23.5,4.34
R04,BUS002,8,2,17,0,1,14.0,2514.3,5.14,0,73.8,13.42
R06,BUS009,8,5,11,1,0,28.8,2593.2,0.62,0,15.7,4.11
R03,BUS012,12,6,13,1,0,29.3,767.3,0.79,0,34.6,2.63
R06,BUS021,7,0,11,0,0,20.7,1156.9,2.16,1,41.8,5.73
R06,BUS011,6,4,19,0,1,17.9,1649.1,5.58,0,85.3,6.79
R04,BUS003,7,6,7,1,0,23.4,741.0,2.55,1,40.2,3.39
R03,BUS017,8,6,18,1,0,26.2,1178.3,0.69,0,28.7,3.59
R02,BUS024,4,4,14,0,0,21.3,662.8,0.33,0,17.5,1.49
R04,BUS011,3,2,19,0,1,21.8,2650.1,5.35,0,60.8,8.64
R01,BUS017,2,1,13,0,0,28.4,2721.8,0.82,0,37.7,5.48
R04,BUS008,9,0,7,0,0,24.1,905.0,0.48,1,41.1,4.13
R02,BUS001,9,4,16,0,0,16.0,540.6,1.57,0,14.9,1.89
R02,BUS010,10,0,16,0,0,26.6,1472.2,0.27,0,40.5,3.54
R04,BUS005,6,5,21,1,0,30.1,244.6,1.09,1,44.5,1.55
R01,BUS019,3,4,18,0,1,15.5,3107.7,4.58,0,62.8,14.43
R05,BUS013,10,6,21,1,0,29.0,3151.6,1.01,0,48.2,5.46
R04,BUS002,4,6,10,1,0,27.7,379.1,1.97,0,28.8,2.11
R03,BUS023,11,3,7,0,0,17.9,1761.9,0.95,0,41.4,5.47
R01,BUS016,6,1,18,0,1,10.8,2668.3,4.38,0,55.8,16.47
R06,BUS013,12,1,18,0,1,17.5,1565.4,4.2,0,42.4,7.54
R05,BUS007,4,2,18,0,1,16.5,2222.3,6.74,0,61.2,9.85
R03,BUS022,7,1,21,0,0,32.5,3331.9,1.96,2,48.2,9.76
R03,BUS004,10,5,9,1,0,18.4,2284.8,1.96,1,24.0,8.69
R03,BUS023,3,1,15,0,0,20.5,3072.0,1.38,0,32.5,9.98
R06,BUS015,10,5,12,1,0,32.6,3132.1,0.64,0,14.3,5.18
R06,BUS005,11,4,17,0,1,19.1,1603.9,5.44,0,70.1,7.55
R02,BUS010,10,3,8,0,1,11.4,2309.2,5.11,1,62.3,15.03
R02,BUS018,9,4,17,0,1,9.7,2490.8,4.91,0,60.0,16.68
R01,BUS018,11,0,18,0,1,9.4,434.6,5.91,0,79.8,4.85
R05,BUS011,2,5,9,1,0,22.7,2011.4,3.3,0,5.3,7.42
R01,BUS005,3,0,6,0,0,24.7,1137.4,1.54,0,37.1,3.58
R03,BUS011,3,0,18,0,1,18.9,1118.2,4.38,0,69.2,4.84
R03,BUS001,9,2,5,0,0,22.9,2903.2,1.88,0,14.8,8.19
R04,BUS013,4,2,10,0,1,14.4,1975.5,4.91,0,62.4,9.1
R06,BUS015,7,6,16,1,0,22.9,2155.3,0.69,0,60.6,6.18
R06,BUS022,4,0,22,0,0,17.8,1343.0,0.86,0,8.5,4.99
R01,BUS005,12,4,22,0,0,22.1,423.8,2.33,0,29.8,2.23
R03,BUS013,1,0,11,0,0,27.1,3021.4,2.1,2,28.5,10.11
R05,BUS006,12,5,18,1,0,30.1,2453.2,1.15,1,40.0,6.47
R02,BUS018,4,5,9,1,0,30.2,3344.8,2.45,1,30.1,7.91
R04,BUS019,1,1,11,0,0,15.4,2040.7,1.92,0,29.4,8.85
R05,BUS019,10,3,17,0,1,16.9,1387.4,3.65,0,47.2,7.01
R03,BUS016,9,6,15,1,0,24.9,364.6,2.01,0,51.9,2.01
R06,BUS024,3,4,10,0,1,15.9,2911.1,4.68,0,52.8,13.58
R02,BUS012,5,3,8,0,1,11.8,2476.5,5.97,0,85.1,15.81
R06,BUS019,6,1,13,0,0,21.4,2729.8,1.12,0,54.2,7.82
R01,BUS016,7,3,13,0,0,16.5,1195.0,1.98,0,33.1,5.34
R06,BUS013,5,2,18,0,1,24.2,394.4,4.51,0,81.0,2.25
R01,BUS014,7,3,15,0,0,21.2,979.5,1.08,0,14.5,3.89
R04,BUS014,7,4,9,0,1,9.7,204.6,5.54,2,42.8,5.3
R05,BUS005,4,3,17,0,1,7.7,1687.0,5.77,1,72.6,15.63
R04,BUS018,6,4,21,0,0,18.4,1499.1,1.39,0,59.8,6.3
R06,BUS003,11,2,18,0,1,22.8,2108.6,4.68,1,77.2,7.94
R02,BUS015,9,6,16,1,0,26.8,1453.5,0.82,0,26.9,3.69
R01,BUS022,1,0,21,0,0,19.7,2965.6,1.56,1,14.2,10.51
R03,BUS014,8,1,10,0,1,19.1,1135.2,5.18,0,70.5,6.3
R03,BUS008,10,4,10,0,1,21.4,2809.1,4.77,0,60.3,10.12
R06,BUS019,7,5,20,1,0,28.6,2534.2,0.0,0,38.5,5.83
R02,BUS019,7,2,15,0,0,17.8,2459.9,0.0,0,43.3,7.9
R04,BUS014,5,0,15,0,0,24.2,2924.1,2.26,0,41.0,9.0
R06,BUS008,2,3,6,0,0,18.9,3313.1,1.93,2,19.8,11.77
R03,BUS019,6,5,12,1,0,26.9,442.2,1.62,0,36.0,2.57
R05,BUS024,7,2,9,0,1,13.7,2753.7,5.45,0,71.6,14.46
R02,BUS020,9,6,14,1,0,30.4,2898.4,1.23,0,41.9,5.59
R02,BUS007,6,0,12,0,0,29.2,741.4,2.33,0,50.6,2.48
R04,BUS009,10,6,18,1,0,31.3,1355.1,0.83,1,37.0,3.79
R02,BUS021,12,6,14,1,0,31.3,1974.1,1.57,2,45.5,6.77
R05,BUS017,3,2,9,0,1,12.2,375.9,6.36,0,55.5,4.12
R04,BUS023,10,0,13,0,0,18.2,2782.7,2.05,0,50.0,9.05
R03,BUS012,10,4,14,0,0,39.0,767.9,1.83,0,59.6,2.49
R01,BUS020,9,1,13,0,0,37.4,319.9,1.23,1,40.0,1.85
R03,BUS009,11,1,5,0,0,21.3,2020.1,1.06,0,18.7,7.24
R03,BUS004,11,6,19,1,0,34.2,2149.6,1.14,0,41.2,4.82
R06,BUS020,11,0,18,0,1,13.4,1541.8,4.5,0,69.5,9.16
R06,BUS021,10,2,12,0,0,24.0,3382.7,0.67,0,5.0,9.11
R04,BUS016,11,0,18,0,1,13.7,426.2,6.41,0,81.5,4.27
R05,BUS017,7,6,6,1,0,20.9,755.2,2.1,0,44.9,4.02
R03,BUS022,2,0,5,0,0,20.0,1754.0,2.5,1,38.8,6.31
R01,BUS009,12,2,19,0,1,16.0,905.3,5.04,1,55.3,6.27
R01,BUS007,7,4,9,0,1,11.1,3490.4,5.47,0,85.7,20.03
R05,BUS002,1,1,17,0,1,6.3,552.0,5.26,2,49.4,8.59
R05,BUS011,9,6,17,1,0,23.3,2496.5,3.3,0,40.1,7.84
R04,BUS006,6,4,11,0,0,8.6,2073.6,1.92,0,61.8,14.31
R05,BUS014,3,6,8,1,0,23.4,1760.4,1.05,0,51.2,4.07
R05,BUS002,6,6,5,1,0,32.2,2458.8,1.09,1,77.7,6.02
R03,BUS017,8,2,22,0,0,23.7,700.0,1.4,0,36.8,2.81
R01,BUS013,5,6,14,1,0,28.2,3184.3,0.61,0,32.2,6.9
R06,BUS008,6,4,13,0,0,11.2,2353.9,2.26,0,18.8,14.35
R03,BUS023,7,6,7,1,0,36.8,1710.4,1.12,0,46.5,3.29
R05,BUS008,1,5,6,1,0,23.3,1666.4,0.61,1,52.5,5.64
R04,BUS013,6,2,8,0,1,11.4,318.1,4.84,0,46.3,4.02
R06,BUS005,12,2,13,0,0,21.7,1576.8,0.71,1,48.1,5.07
R03,BUS001,7,1,18,0,1,20.2,3149.7,4.08,1,73.2,12.22
R02,BUS020,9,0,8,0,1,10.1,1755.7,5.84,0,64.4,12.29
R06,BUS008,9,1,17,0,1,13.5,391.1,6.28,0,41.1,3.95
R04,BUS018,12,3,5,0,0,23.9,1895.7,2.01,0,44.7,4.89
R01,BUS014,6,2,16,0,0,23.0,1531.6,0.89,0,56.2,3.94
R05,BUS002,8,2,6,0,0,28.9,1022.4,1.36,0,30.6,3.63
R01,BUS018,8,6,13,1,0,31.0,306.3,0.8,0,52.4,0.97
R04,BUS002,1,2,13,0,0,22.9,3479.6,1.03,0,20.7,8.84
R05,BUS013,8,6,5,1,0,23.3,269.8,2.26,0,27.3,3.19
R04,BUS001,5,5,7,1,0,28.5,1022.6,0.94,0,30.3,3.5
R01,BUS020,11,4,13,0,0,13.5,1197.3,1.15,0,38.9,6.52
R01,BUS020,11,2,12,0,0,26.9,539.6,2.86,0,21.5,2.85
R03,BUS016,3,1,6,0,0,22.1,2207.5,2.26,0,27.9,7.32
R03,BUS018,12,5,5,1,0,27.3,3178.2,2.33,1,55.9,8.45
R01,BUS002,8,6,15,1,0,27.3,3383.2,2.13,0,31.1,7.49
R04,BUS015,9,6,19,1,0,29.7,3001.6,2.67,0,26.2,6.75
R05,BUS014,10,4,7,0,0,26.1,3237.4,2.22,0,43.6,9.39
R02,BUS022,6,2,22,0,0,24.6,632.4,0.88,0,60.0,1.63
R02,BUS014,8,5,19,1,0,31.7,3104.2,0.71,0,5.0,5.46
R03,BUS023,7,5,12,1,0,31.7,1960.4,1.28,0,33.7,3.86
R06,BUS015,12,0,17,0,1,15.0,2360.4,5.47,0,69.5,11.28
R03,BUS012,7,4,5,0,0,23.9,2700.6,0.65,1,36.7,8.28
R06,BUS015,1,3,6,0,0,22.8,1507.1,2.21,1,33.1,5.43
R06,BUS010,12,0,14,0,0,23.5,1673.0,1.39,0,20.1,4.94
R03,BUS014,2,2,7,0,0,20.0,208.2,3.41,0,37.4,1.53
R04,BUS014,12,5,7,1,0,36.1,629.7,1.55,0,26.7,2.04
R03,BUS023,6,5,10,1,0,34.6,3427.3,2.5,1,7.0,6.92
R03,BUS013,2,3,20,0,1,8.0,3145.0,4.39,0,74.1,25.28
R02,BUS007,2,2,6,0,0,26.1,385.2,1.22,2,34.6,3.08
R02,BUS011,5,5,17,1,0,21.8,2404.0,1.62,0,58.2,8.13
R06,BUS011,11,1,12,0,0,19.1,700.4,1.43,0,13.2,2.44
R04,BUS008,9,5,10,1,0,16.7,1775.6,1.01,0,28.2,5.43
R03,BUS014,11,3,16,0,0,26.2,2768.8,1.34,1,38.7,7.59
R02,BUS008,4,5,21,1,0,27.7,2942.6,1.78,0,30.7,8.05
R05,BUS007,3,4,16,0,0,18.2,683.9,0.95,2,40.2,3.93
R06,BUS019,7,5,16,1,0,22.7,476.2,2.28,0,27.0,1.68
R02,BUS003,5,1,15,0,0,29.3,1883.4,1.9,0,54.2,5.18
R04,BUS020,10,3,21,0,0,16.9,2392.8,2.15,0,26.1,10.14
R04,BUS010,11,4,21,0,0,19.3,412.5,2.43,0,28.3,2.26
R04,BUS014,7,3,8,0,1,11.2,2181.2,4.47,0,58.9,13.31
R01,BUS020,7,2,8,0,1,5.0,243.2,4.95,0,44.4,4.66
R01,BUS010,4,4,11,0,0,22.1,204.8,1.92,0,32.7,0.77
R04,BUS001,7,2,22,0,0,19.6,2646.9,0.51,2,38.0,9.43
R03,BUS014,12,5,19,1,0,26.4,848.6,1.48,0,38.5,2.38
R04,BUS019,7,4,16,0,0,27.8,1413.6,2.52,0,34.8,3.81
R03,BUS023,3,3,11,0,0,20.8,2693.3,0.69,0,22.0,7.96
R03,BUS011,3,2,16,0,0,18.2,1342.8,2.33,0,47.0,6.04
R03,BUS007,9,0,6,0,0,27.4,1368.1,3.34,0,39.5,4.87
R01,BUS005,10,5,8,1,0,16.8,988.1,1.15,0,43.4,4.17
R01,BUS011,8,6,22,1,0,27.6,1488.6,2.15,2,28.7,5.97
R02,BUS007,12,0,13,0,0,24.2,2763.0,2.25,2,25.5,9.6
R04,BUS013,10,3,19,0,1,5.9,3383.9,5.16,1,74.9,37.33
R06,BUS005,10,0,18,0,1,18.4,690.7,3.56,1,44.0,4.46
R01,BUS014,4,6,22,1,0,29.4,2650.6,1.49,0,27.2,6.22
R02,BUS001,1,1,6,0,0,9.7,3066.0,2.81,0,21.0,20.11
R05,BUS018,1,4,16,0,0,18.3,1265.4,1.53,0,29.3,5.1
R02,BUS023,4,2,6,0,0,15.2,1943.7,0.7,0,37.2,6.87
R01,BUS009,11,0,5,0,0,19.9,1538.5,2.46,0,46.8,6.1
R01,BUS011,6,3,5,0,0,25.9,3320.5,0.12,0,24.6,7.23
R01,BUS014,4,4,10,0,1,10.8,3477.8,5.72,0,75.9,20.96
R01,BUS011,1,5,10,1,0,28.2,422.2,0.0,0,15.6,0.72
R01,BUS019,12,1,20,0,1,15.1,1549.6,6.2,1,63.9,8.88
R02,BUS019,6,0,20,0,1,19.0,3472.3,6.44,0,68.7,13.53
R05,BUS009,9,3,7,0,0,18.7,3184.6,0.27,0,51.8,10.31
R03,BUS013,12,4,7,0,0,22.7,2372.0,0.0,1,35.6,7.49
R02,BUS018,3,1,16,0,0,23.8,2878.6,0.42,2,53.3,10.44
R02,BUS005,2,4,6,0,0,20.3,3169.4,2.22,0,9.7,8.67
R05,BUS001,3,1,17,0,1,10.3,2594.6,4.86,0,101.4,16.55
R06,BUS022,2,3,20,0,1,17.1,3344.8,5.21,1,72.7,14.96
R01,BUS021,7,0,21,0,0,24.7,1046.2,0.83,1,34.0,3.14
R01,BUS013,7,3,7,0,0,20.1,1730.3,0.0,0,41.6,4.87
R02,BUS024,1,3,15,0,0,24.9,2682.4,1.44,1,45.4,7.89
R01,BUS007,5,1,21,0,0,21.1,1985.2,1.21,1,23.1,7.65
R05,BUS019,7,4,7,0,0,20.5,1969.3,1.78,0,49.5,5.89
R04,BUS016,5,5,22,1,0,28.5,468.7,1.56,0,17.2,1.66
R06,BUS015,12,2,12,0,0,16.4,1029.9,1.0,0,41.6,4.15
R01,BUS015,11,5,6,1,0,18.5,2174.7,1.53,0,29.5,7.67
R03,BUS006,7,5,22,1,0,25.5,2044.2,0.97,0,24.1,4.86
R06,BUS018,4,1,13,0,0,29.3,1493.6,2.09,0,49.7,3.96
R04,BUS005,9,3,6,0,0,15.0,2732.0,0.88,0,10.6,11.04
R05,BUS019,8,0,7,0,0,20.7,225.7,1.41,0,57.4,2.24
R03,BUS020,3,3,17,0,1,9.7,2128.0,3.43,0,49.2,13.94
R02,BUS011,5,1,5,0,0,11.3,2109.7,2.06,0,25.1,11.28
R05,BUS018,10,4,11,0,0,28.1,1190.6,0.82,0,36.8,2.17
R04,BUS015,4,0,7,0,0,25.8,2158.8,1.99,0,16.1,6.17
R06,BUS008,7,6,8,1,0,32.9,645.3,1.41,0,21.6,2.34
R04,BUS003,12,1,18,0,1,15.1,635.1,5.61,0,80.3,5.11
R01,BUS021,3,1,16,0,0,20.4,3326.6,1.13,0,36.5,11.31
R05,BUS021,8,4,11,0,0,17.1,2657.1,0.54,0,53.0,9.43
R04,BUS001,10,3,6,0,0,15.3,2280.3,0.91,0,16.5,9.79
R06,BUS018,11,5,10,1,0,28.2,1327.9,0.28,1,30.8,3.54
R05,BUS017,1,1,10,0,1,11.0,1445.5,4.83,0,91.7,9.14
R03,BUS002,12,5,15,1,0,36.9,1417.7,1.21,0,36.3,2.81
R03,BUS014,12,2,22,0,0,24.6,2569.9,0.28,1,49.0,5.97
R05,BUS001,12,4,8,0,1,14.3,3352.6,5.34,0,61.3,16.07
R06,BUS017,10,6,12,1,0,19.9,2624.9,2.15,0,53.8,9.11
R01,BUS017,12,2,14,0,0,21.6,2073.0,2.06,0,48.5,6.23
R02,BUS003,1,6,18,1,0,30.2,2730.5,1.47,0,65.1,5.57
R02,BUS004,12,3,20,0,1,10.0,854.1,4.51,0,60.0,6.72
R06,BUS005,4,0,5,0,0,15.5,1476.0,2.24,0,46.6,7.79
R05,BUS003,9,1,22,0,0,21.7,601.1,2.28,1,29.4,3.98
R05,BUS023,4,5,13,1,0,25.4,1030.8,1.4,0,44.4,3.17
R05,BUS012,3,3,21,0,0,28.5,869.5,1.19,0,43.7,2.4
R05,BUS003,11,3,7,0,0,20.1,1142.6,0.0,0,31.2,3.4
R05,BUS020,2,2,12,0,0,24.7,3265.1,1.99,0,9.1,7.5
R02,BUS024,6,0,9,0,1,14.6,1548.6,4.66,0,58.0,7.38
R06,BUS016,6,3,15,0,0,15.5,736.2,1.67,0,65.6,3.39
R06,BUS013,6,6,13,1,0,23.0,1541.6,1.07,0,53.7,4.81
R01,BUS018,4,4,5,0,0,22.5,3443.3,1.88,0,56.5,9.56
R03,BUS006,2,0,17,0,1,9.9,1487.7,5.75,0,62.5,11.54
R06,BUS018,9,6,8,1,0,27.9,1567.8,0.7,1,19.2,3.57
R05,BUS010,2,1,13,0,0,22.3,2559.9,1.3,0,27.4,7.66
R02,BUS022,8,1,11,0,0,17.6,342.7,1.44,0,21.6,0.38
R04,BUS009,9,6,8,1,0,29.8,1866.2,0.34,0,27.3,3.44
R01,BUS011,8,1,8,0,1,14.2,2059.3,5.19,0,99.3,10.93
R04,BUS012,7,5,11,1,0,32.0,2084.8,2.27,0,46.9,4.41
R06,BUS023,10,5,6,1,0,32.6,391.5,0.01,0,5.0,1.51
R02,BUS006,5,3,14,0,0,22.4,782.7,1.78,0,28.2,2.72
R05,BUS006,11,2,16,0,0,16.3,440.8,2.35,0,30.9,2.57
R03,BUS011,6,6,9,1,0,25.5,2767.3,1.66,0,14.3,8.01
R05,BUS013,7,2,7,0,0,16.4,366.1,1.71,0,14.6,2.25
R04,BUS007,7,1,8,0,1,18.9,1249.9,5.77,0,60.9,7.19
R01,BUS005,5,6,20,1,0,27.1,2216.3,0.36,0,13.3,4.82
R05,BUS001,9,2,15,0,0,18.9,1278.9,0.8,0,46.1,4.15
R03,BUS010,6,4,19,0,1,9.7,2744.2,3.83,1,55.2,20.1
R05,BUS022,12,2,19,0,1,14.3,2204.2,5.05,1,46.4,11.84
R06,BUS017,8,4,15,0,0,18.3,2238.4,1.78,0,56.0,7.83
R03,BUS015,5,5,12,1,0,27.6,2500.4,2.25,0,50.7,5.38
R03,BUS006,10,5,14,1,0,36.6,1702.4,3.06,0,16.1,3.59
R04,BUS019,4,5,19,1,0,15.7,501.2,1.62,0,28.1,3.01
R06,BUS014,4,3,18,0,1,19.2,865.7,5.58,0,67.1,3.73
R03,BUS009,9,0,11,0,0,11.9,627.3,0.96,1,5.0,4.06
R01,BUS010,2,0,17,0,1,16.6,953.3,4.7,1,80.0,7.39
R04,BUS009,4,4,21,0,0,18.0,303.6,1.44,1,18.8,2.55
R06,BUS012,10,5,13,1,0,18.2,3076.7,1.92,0,55.8,9.09
R04,BUS010,8,6,13,1,0,27.9,1052.5,2.03,1,52.3,3.98
R04,BUS010,5,4,7,0,0,20.7,2082.2,1.6,0,46.5,5.78
R03,BUS007,7,4,21,0,0,23.5,3406.9,1.17,0,46.1,8.72
R01,BUS010,8,0,12,0,0,17.3,1062.7,1.68,0,31.9,5.03
R02,BUS010,3,2,19,0,1,15.9,3302.3,3.83,0,78.7,13.74
R03,BUS016,7,6,19,1,0,28.8,329.0,1.91,0,25.3,1.2
R04,BUS022,4,0,11,0,0,21.1,1794.8,2.27,2,47.3,8.93
R05,BUS010,8,4,5,0,0,15.9,588.1,1.87,0,42.8,2.93
R04,BUS017,4,0,9,0,1,18.1,1195.2,5.48,0,74.8,6.69
R04,BUS002,2,3,16,0,0,22.6,1198.1,0.51,0,31.0,3.37
R03,BUS005,8,5,15,1,0,39.9,2415.1,1.81,0,30.6,4.12
R06,BUS009,8,1,21,0,0,33.0,2526.5,0.45,0,30.6,4.31
R01,BUS002,5,0,15,0,0,11.9,3138.1,2.24,1,36.6,17.11
R06,BUS022,4,6,18,1,0,24.4,2414.6,2.48,0,35.3,6.89
R04,BUS014,8,6,20,1,0,33.7,1685.3,1.87,0,35.4,3.27
R02,BUS017,2,6,10,1,0,28.3,1115.9,0.82,0,36.2,2.93
R02,BUS004,12,5,7,1,0,33.5,385.9,1.79,0,30.7,0.54
R01,BUS023,11,2,6,0,0,20.6,2489.7,1.71,1,33.5,9.52
R01,BUS019,1,2,5,0,0,21.5,1941.3,1.07,0,34.2,4.73
R03,BUS023,1,1,20,0,1,13.0,3113.2,4.89,2,58.5,17.93
R02,BUS007,11,4,14,0,0,15.7,3210.2,1.91,0,47.8,14.03
R05,BUS005,6,0,6,0,0,28.3,1435.1,1.59,0,44.9,3.13
R03,BUS012,1,1,12,0,0,25.0,1337.8,0.61,0,46.3,4.06
R03,BUS021,2,1,13,0,0,24.9,2049.0,1.25,1,45.7,5.84
R05,BUS003,3,3,15,0,0,21.5,2705.8,1.28,0,33.3,8.65
R04,BUS010,8,0,15,0,0,27.4,3297.6,0.42,0,60.6,8.17
R03,BUS018,5,1,15,0,0,24.3,1600.6,0.08,2,61.1,5.1
R03,BUS013,1,3,5,0,0,19.0,3053.7,0.42,2,45.2,12.3
R03,BUS006,11,0,11,0,0,24.9,2772.8,0.81,0,31.1,7.03
R03,BUS001,7,5,8,1,0,24.5,645.3,0.0,0,40.0,1.91
R01,BUS023,9,2,7,0,0,18.0,1695.8,2.24,0,34.9,7.02
R02,BUS012,9,3,13,0,0,26.0,252.1,1.51,0,40.1,1.42
R05,BUS018,8,2,18,0,1,13.8,1958.6,5.16,0,64.0,11.74
R05,BUS008,6,6,13,1,0,23.2,3415.0,0.61,0,44.2,9.07
R01,BUS012,5,2,21,0,0,26.9,3457.6,2.22,0,29.6,8.34
R06,BUS017,8,2,6,0,0,26.1,1659.9,1.48,0,19.1,3.53
R04,BUS007,3,4,5,0,0,21.5,1828.6,1.62,2,47.4,8.37
R05,BUS018,4,3,7,0,0,27.6,327.7,0.2,1,12.4,1.28
R06,BUS003,7,1,20,0,1,9.3,795.0,5.38,1,62.3,7.35
R06,BUS012,8,1,8,0,1,16.4,1692.7,5.02,0,69.6,7.55
R04,BUS015,5,6,15,1,0,19.8,2451.1,1.66,0,37.8,7.81
R06,BUS016,2,3,14,0,0,20.7,1850.6,1.02,0,32.2,5.93
R02,BUS020,11,1,13,0,0,24.0,3273.7,1.06,2,33.2,10.97
R02,BUS022,6,1,14,0,0,31.4,1172.8,0.89,0,40.6,2.06
R06,BUS023,12,1,19,0,1,9.6,1265.9,3.89,0,91.4,9.57
R01,BUS020,12,2,14,0,0,23.4,1414.9,1.75,0,53.0,3.97
R01,BUS002,10,3,13,0,0,15.3,3225.9,1.14,0,19.5,12.53
R06,BUS020,6,2,13,0,0,24.6,2250.0,1.97,0,26.9,5.05
R02,BUS007,2,4,13,0,0,23.3,3437.1,0.46,1,35.0,9.44
R02,BUS005,12,5,5,1,0,23.0,2959.2,2.66,1,17.9,9.16
R05,BUS001,9,2,22,0,0,28.7,523.3,1.14,0,38.2,1.71
R05,BUS007,4,3,12,0,0,22.4,1195.9,1.63,1,42.3,4.64
R06,BUS018,8,5,16,1,0,31.7,2026.2,2.21,0,20.7,5.26
R02,BUS022,12,1,16,0,0,22.3,2601.7,0.73,0,35.6,8.01
R04,BUS018,12,0,21,0,0,29.7,2490.0,1.6,0,26.1,6.02
R05,BUS008,5,3,5,0,0,18.7,253.7,1.85,0,25.8,1.05
R02,BUS005,10,3,20,0,1,10.8,1160.1,4.51,0,82.3,9.23
R03,BUS016,3,6,11,1,0,26.6,752.4,0.0,0,32.3,1.36
R05,BUS015,1,1,22,0,0,23.3,2560.8,0.0,0,12.0,6.61
R01,BUS023,4,0,18,0,1,5.8,502.1,6.82,1,71.4,8.49
R01,BUS019,8,6,7,1,0,25.2,3044.2,1.74,0,12.9,8.26
R05,BUS003,9,5,14,1,0,23.6,3132.7,2.22,1,42.6,9.92
R06,BUS013,9,4,19,0,1,5.3,1864.7,5.97,0,65.5,24.18
R03,BUS008,5,0,5,0,0,15.6,3332.2,1.46,1,5.0,13.04
R04,BUS010,10,5,18,1,0,29.7,872.8,3.39,1,55.9,4.82
R03,BUS012,3,0,14,0,0,24.6,2692.2,3.18,0,14.0,9.59
R02,BUS017,3,5,5,1,0,30.9,780.7,1.32,0,65.6,1.43
R05,BUS007,1,6,11,1,0,32.1,894.9,2.3,1,43.7,3.99
R04,BUS020,2,4,14,0,0,18.5,737.7,2.63,0,29.9,3.19
R01,BUS016,6,2,10,0,1,12.0,697.2,5.12,0,70.3,5.33
R03,BUS012,7,4,8,0,1,13.1,2328.3,4.2,2,62.4,14.13
R05,BUS011,4,6,17,1,0,33.2,1334.0,1.06,0,35.5,1.7
R01,BUS023,4,6,16,1,0,31.0,2134.6,2.14,0,42.1,6.22
R02,BUS018,10,2,7,0,0,23.1,2043.9,3.56,0,20.3,6.52
R05,BUS011,9,3,20,0,1,15.7,978.5,3.87,0,59.0,4.94
R01,BUS016,2,1,15,0,0,17.2,2519.1,2.21,1,38.6,9.83
R01,BUS020,8,1,12,0,0,21.7,3438.2,1.9,1,67.8,10.9
R05,BUS007,8,1,11,0,0,21.7,2439.1,1.42,0,21.1,6.73
R02,BUS006,10,0,12,0,0,14.7,1338.1,2.28,2,48.1,8.97
R06,BUS015,11,0,7,0,0,28.1,2959.7,1.39,0,17.3,6.53
R01,BUS017,5,0,16,0,0,28.6,1102.5,2.19,0,31.4,3.45
R05,BUS005,5,2,19,0,1,17.1,1768.4,5.4,0,52.7,8.34
R05,BUS019,2,2,9,0,1,19.2,3358.5,4.36,1,47.2,13.63
R06,BUS004,6,4,5,0,0,16.9,1290.7,0.0,0,5.0,5.07
R06,BUS009,8,6,18,1,0,40.5,823.9,1.05,0,22.3,1.08
R04,BUS012,12,3,14,0,0,32.0,614.3,0.84,0,46.0,1.09
R04,BUS005,9,1,10,0,1,8.6,671.3,4.42,0,62.4,7.12
R01,BUS013,7,5,21,1,0,28.1,896.4,1.15,0,10.8,3.43
R06,BUS002,2,5,13,1,0,31.2,1683.9,0.54,0,49.8,3.79
R03,BUS003,11,4,7,0,0,19.2,2030.3,0.72,1,53.3,7.27
R04,BUS006,5,4,13,0,0,24.1,1402.2,2.62,1,31.0,5.57
R02,BUS010,8,4,9,0,1,13.1,2318.1,5.36,0,35.4,13.3
R04,BUS003,11,3,14,0,0,19.7,1269.0,0.0,0,50.5,4.53
R02,BUS020,5,1,6,0,0,16.5,481.8,0.66,0,28.1,2.12
R01,BUS016,9,5,7,1,0,33.7,1934.4,0.0,0,5.0,3.68
R02,BUS004,1,1,6,0,0,22.5,1561.9,1.24,1,35.7,6.04
R03,BUS006,11,1,21,0,0,23.4,1400.3,3.49,0,24.8,5.57
R02,BUS013,8,5,19,1,0,25.3,2009.3,2.4,0,35.2,6.1
R03,BUS007,11,5,6,1,0,14.2,2991.0,2.4,0,56.8,14.55
R06,BUS005,3,1,9,0,1,14.1,2976.9,6.1,1,65.8,15.44
R06,BUS004,6,0,13,0,0,18.9,2013.9,1.82,0,5.0,6.33
R02,BUS018,6,3,18,0,1,13.5,2895.2,4.96,0,62.1,14.24
R02,BUS022,9,0,20,0,1,10.8,912.0,6.75,1,80.2,8.54
R06,BUS007,5,4,8,0,1,8.4,1873.8,5.69,0,86.6,16.41
R02,BUS006,3,4,10,0,1,13.6,218.4,5.06,0,75.7,2.93
R05,BUS011,10,0,20,0,1,10.9,1155.0,4.74,0,82.4,8.71
R05,BUS023,8,3,14,0,0,20.7,495.1,1.3,1,17.5,2.49
R05,BUS005,7,3,13,0,0,13.3,774.9,2.39,0,18.5,4.96
R01,BUS003,11,2,8,0,1,15.5,1130.7,5.21,0,61.6,6.72
R06,BUS019,3,4,21,0,0,20.0,703.3,0.76,0,59.0,1.93
R04,BUS011,7,0,12,0,0,24.5,1684.9,1.76,0,36.9,4.95
R02,BUS012,7,0,19,0,1,26.1,300.2,6.16,0,73.5,4.39
R05,BUS005,11,5,6,1,0,25.9,847.7,1.92,0,9.5,3.28
R03,BUS023,2,0,15,0,0,31.8,2495.3,1.13,0,21.2,4.81
R05,BUS007,6,1,7,0,0,14.2,763.5,1.4,1,42.9,5.19
R02,BUS020,7,5,16,1,0,28.3,1302.0,1.79,0,41.5,3.83
R06,BUS020,6,6,5,1,0,33.4,374.8,1.33,1,45.6,1.12
R01,BUS011,6,5,14,1,0,32.4,1068.8,1.7,0,21.3,2.22
R06,BUS018,7,6,18,1,0,29.7,3468.0,1.5,0,38.7,7.43
R02,BUS014,12,5,22,1,0,31.6,1912.4,1.8,0,62.2,3.65
R05,BUS024,7,3,15,0,0,20.4,3307.2,2.24,0,33.7,11.08
R02,BUS006,11,0,19,0,1,15.9,1119.5,5.31,0,77.1,6.58
R01,BUS023,8,4,11,0,0,21.7,2851.9,2.82,0,37.6,8.48
R01,BUS024,7,2,12,0,0,23.2,3355.1,1.3,0,50.9,9.62
R05,BUS013,6,4,8,0,1,21.1,2616.8,5.57,0,32.5,9.06
R01,BUS012,1,4,11,0,0,20.0,2072.4,1.98,0,54.5,7.13
R02,BUS004,3,6,12,1,0,26.0,215.3,1.99,0,16.2,1.41
R01,BUS011,12,0,16,0,0,21.1,782.1,1.02,1,35.8,3.82
R02,BUS017,11,3,6,0,0,29.8,2742.6,2.24,0,14.8,5.87
R04,BUS023,7,2,21,0,0,13.4,2717.7,0.0,0,20.8,11.26
R01,BUS005,2,0,7,0,0,31.4,1978.8,1.22,0,24.1,3.58
R06,BUS011,4,6,8,1,0,31.8,3367.6,2.33,0,41.9,7.23
R05,BUS007,3,5,15,1,0,26.0,2685.7,0.64,1,28.4,8.95
R06,BUS006,5,5,17,1,0,28.1,3467.0,2.7,0,28.2,8.9
R03,BUS023,9,1,18,0,1,18.2,2805.4,4.59,0,74.1,12.2
R05,BUS007,6,3,6,0,0,8.5,1623.6,0.86,0,25.2,11.49
R06,BUS009,1,6,17,1,0,26.7,253.9,1.76,0,14.7,1.19
R03,BUS019,6,0,14,0,0,26.0,3385.3,2.51,0,15.2,9.72
R02,BUS016,7,1,19,0,1,10.0,1389.0,5.74,0,66.5,10.66
R03,BUS018,7,3,5,0,0,21.8,1346.6,1.13,0,34.1,3.85
R03,BUS011,1,0,11,0,0,23.8,3355.4,1.97,0,33.4,9.13
R02,BUS003,5,1,9,0,1,15.9,543.1,5.78,0,47.3,4.26
R03,BUS002,8,2,15,0,0,24.8,2598.7,1.51,1,61.6,8.52
R04,BUS011,3,5,19,1,0,30.2,1708.5,0.36,0,37.0,3.45
R04,BUS022,2,2,12,0,0,25.0,2266.3,1.59,1,22.7,6.19
R05,BUS024,2,0,19,0,1,15.4,1962.0,4.83,0,67.7,9.75
R01,BUS010,11,5,9,1,0,27.1,3447.0,1.95,1,52.9,8.4
R03,BUS011,10,4,10,0,1,9.9,3264.6,4.47,0,43.8,21.02
R04,BUS013,6,0,20,0,1,20.6,3338.7,5.39,0,57.1,13.12
R03,BUS018,5,3,11,0,0,14.4,410.3,0.89,0,67.2,1.97
R05,BUS003,7,0,6,0,0,18.3,2191.2,0.46,0,45.5,8.17
R06,BUS010,1,1,8,0,1,13.4,3042.1,4.68,0,70.9,15.42
R04,BUS007,12,5,16,1,0,31.3,310.7,0.44,0,59.6,1.2
R06,BUS001,12,6,8,1,0,29.9,1816.9,0.3,0,30.4,3.2
R06,BUS020,2,1,8,0,1,6.7,2792.6,5.07,1,94.4,27.69
R03,BUS006,7,1,10,0,1,15.2,3425.9,5.41,0,94.4,15.77
R04,BUS002,11,4,8,0,1,17.7,1896.0,5.21,0,58.3,8.91
R02,BUS006,2,2,22,0,0,24.6,1115.9,1.92,0,13.5,3.84
R04,BUS019,12,3,16,0,0,25.2,3038.8,2.32,1,53.7,8.45
R04,BUS023,9,2,14,0,0,19.6,793.9,0.89,0,67.2,3.43
R02,BUS015,7,3,16,0,0,19.9,427.2,0.32,1,42.1,2.35
R02,BUS007,11,5,17,1,0,33.4,794.3,0.0,0,47.1,1.69
R06,BUS011,7,1,11,0,0,18.3,1925.8,2.48,1,20.9,6.48
R06,BUS011,11,5,13,1,0,24.7,3385.7,3.05,0,25.1,8.96
R05,BUS016,9,2,17,0,1,10.9,1035.2,6.29,0,76.4,8.23
R01,BUS019,4,4,10,0,1,15.5,3045.4,5.63,0,72.7,13.52
R02,BUS016,7,2,15,0,0,27.1,2734.3,1.58,0,60.9,7.29
R04,BUS024,9,1,11,0,0,23.8,3048.9,2.14,1,21.2,9.93
R03,BUS009,10,3,6,0,0,22.3,2795.0,2.37,0,60.0,8.14
R01,BUS001,2,3,16,0,0,30.7,1264.9,1.62,0,49.5,3.87
R03,BUS004,1,4,12,0,0,26.4,1832.8,0.75,0,52.7,3.98
R01,BUS015,11,2,12,0,0,30.2,1779.8,2.74,0,48.3,4.85
R04,BUS012,12,0,9,0,1,17.2,2174.3,4.02,1,45.1,9.46
R03,BUS011,1,3,16,0,0,27.5,3450.8,0.3,0,46.1,7.69
R04,BUS005,8,6,12,1,0,33.5,1216.7,2.05,1,10.0,2.92
R05,BUS006,9,6,20,1,0,34.2,2673.9,1.63,2,59.2,6.61
R01,BUS024,8,6,16,1,0,26.5,735.6,2.91,0,11.1,2.58
R01,BUS023,5,5,12,1,0,25.1,2525.1,1.59,2,41.9,8.86
R01,BUS011,1,2,20,0,1,13.3,207.8,4.6,1,36.6,3.55
R01,BUS015,6,1,10,0,1,5.9,3294.2,4.47,0,39.9,34.96
R04,BUS005,10,4,11,0,0,20.4,1271.6,0.78,0,30.4,5.09
R04,BUS014,6,6,13,1,0,19.5,2120.7,1.99,0,32.9,8.09
R06,BUS006,4,5,14,1,0,31.8,2591.8,2.09,0,7.4,5.84
R01,BUS002,4,0,16,0,0,21.5,1617.6,1.44,0,29.7,4.8
R02,BUS016,4,2,9,0,1,13.9,1362.4,5.12,1,65.1,7.61
R01,BUS022,7,4,12,0,0,19.0,2434.3,1.49,0,42.9,7.59
R05,BUS009,9,2,16,0,0,26.9,3348.1,2.08,0,54.8,8.33
R03,BUS002,2,4,17,0,1,16.8,2189.3,3.7,0,78.0,9.4
R02,BUS001,11,6,18,1,0,35.2,2970.6,0.0,0,38.9,4.47
R04,BUS020,2,3,8,0,1,11.0,278.5,4.12,0,78.2,2.98
R04,BUS003,4,3,5,0,0,24.8,744.2,0.52,2,51.3,4.77
R06,BUS017,11,2,11,0,0,29.0,852.7,0.96,0,45.7,2.12
R04,BUS021,12,0,10,0,1,18.0,1791.1,5.73,0,56.1,7.64
R04,BUS022,7,3,17,0,1,9.5,1696.1,4.53,0,57.3,12.52
R05,BUS011,9,3,12,0,0,21.9,1072.4,1.93,0,35.9,4.18
R03,BUS019,4,4,11,0,0,18.9,974.1,0.83,0,61.3,3.75
R01,BUS014,11,6,19,1,0,22.5,2307.2,0.33,0,43.0,6.63
R03,BUS011,3,5,15,1,0,24.7,677.5,1.99,0,29.3,2.75
R06,BUS009,3,6,12,1,0,33.5,2525.7,1.39,0,26.1,4.73
R02,BUS009,10,2,17,0,1,7.7,803.5,5.13,1,55.1,10.17
R05,BUS002,6,2,6,0,0,19.1,2631.0,1.99,0,32.3,9.14
R05,BUS003,6,1,9,0,1,11.3,1021.0,4.87,0,71.4,7.59
R03,BUS016,2,2,14,0,0,14.3,2919.4,0.91,1,58.4,13.37
R04,BUS024,2,5,14,1,0,29.1,3088.7,0.2,0,57.9,7.56
R05,BUS003,7,2,20,0,1,17.0,2606.5,5.43,0,45.4,11.07
R03,BUS007,8,1,5,0,0,17.0,3409.6,1.33,2,17.2,14.72
R06,BUS024,6,4,12,0,0,26.6,1203.6,0.33,0,41.0,3.92
R04,BUS002,7,1,20,0,1,13.2,1041.2,3.68,0,80.5,6.46
R04,BUS007,10,5,5,1,0,21.3,306.2,0.0,0,27.3,1.82
R05,BUS010,9,4,16,0,0,11.9,1738.2,1.52,0,32.2,9.08
R02,BUS004,2,1,20,0,1,11.0,1912.0,6.42,0,82.8,13.26
R05,BUS006,10,1,6,0,0,28.6,1254.7,1.88,1,24.0,4.86
R06,BUS003,10,4,11,0,0,24.7,3238.1,0.53,0,8.7,8.31
R03,BUS006,2,1,17,0,1,17.5,483.8,4.07,0,52.5,2.54
R03,BUS015,2,6,5,1,0,27.7,655.1,2.53,0,5.5,2.02
R05,BUS007,1,3,22,0,0,18.5,2305.3,0.68,0,31.3,7.44
R01,BUS002,4,6,12,1,0,24.3,2322.2,1.29,0,43.7,7.51
R03,BUS023,12,2,17,0,1,13.0,1621.8,5.74,0,46.3,8.88
R01,BUS017,3,4,16,0,0,19.4,1359.8,1.3,0,16.3,4.38
R05,BUS011,12,6,19,1,0,30.1,1306.7,2.41,1,44.4,3.99
R06,BUS015,11,6,22,1,0,32.7,2863.4,0.2,0,20.0,4.79
R03,BUS018,5,5,18,1,0,28.3,2385.6,1.82,0,36.2,5.99
R06,BUS013,6,3,21,0,0,14.2,2054.8,3.29,0,46.3,10.33
R06,BUS005,1,6,22,1,0,18.8,266.9,1.13,0,27.8,0.9
R04,BUS018,7,5,16,1,0,29.5,1141.8,0.03,0,46.8,2.42
R05,BUS002,4,6,6,1,0,29.6,305.9,1.41,0,42.8,0.62
R06,BUS004,3,4,16,0,0,22.9,2173.1,1.53,1,28.9,6.98
R02,BUS008,12,5,21,1,0,30.8,1993.1,1.61,0,6.2,4.53
R02,BUS003,8,1,12,0,0,23.9,1339.8,0.99,0,50.6,3.45
R02,BUS013,9,3,19,0,1,15.5,229.9,6.02,0,66.9,2.91
R03,BUS002,4,3,16,0,0,23.6,1912.5,1.13,1,21.9,6.78
R06,BUS024,9,3,22,0,0,28.0,2340.9,1.92,2,28.5,8.8
R05,BUS011,11,0,13,0,0,22.0,2718.2,0.58,0,47.2,6.7
R01,BUS008,12,5,6,1,0,31.4,1841.4,1.63,0,15.9,3.58
R03,BUS002,4,2,11,0,0,17.7,1201.6,2.3,0,40.9,4.76
R03,BUS022,2,1,18,0,1,15.2,340.9,5.33,0,40.5,3.01
R01,BUS021,3,6,21,1,0,31.0,2596.4,0.66,1,29.0,5.71
R06,BUS021,2,2,20,0,1,5.8,722.4,4.59,0,53.4,9.05
R02,BUS003,10,4,5,0,0,22.2,2104.6,1.94,0,48.4,6.15
R01,BUS011,12,1,14,0,0,10.3,1855.1,0.93,0,23.5,11.57
R02,BUS006,11,5,22,1,0,26.3,2984.0,0.39,0,42.5,7.33
R04,BUS024,5,5,16,1,0,26.7,1365.4,1.33,1,33.0,4.69
R01,BUS008,9,5,21,1,0,26.8,304.7,2.12,0,29.6,0.84
R06,BUS006,2,4,16,0,0,26.5,648.7,2.57,1,5.9,3.75
R03,BUS014,12,4,9,0,1,17.6,2979.2,6.02,2,89.6,14.84
R06,BUS020,6,1,13,0,0,21.8,609.1,2.35,1,11.0,2.35
R04,BUS007,7,3,14,0,0,17.2,2214.4,1.86,0,16.4,8.14
R02,BUS010,10,0,10,0,1,15.1,323.7,5.73,1,47.0,4.33
R01,BUS011,2,2,22,0,0,16.0,2887.8,2.25,0,39.1,10.86
R01,BUS001,8,0,6,0,0,18.9,2671.1,1.8,0,25.2,8.78
R02,BUS004,8,3,18,0,1,13.5,2845.4,5.3,0,103.3,15.06
R03,BUS001,2,2,16,0,0,27.8,1930.3,2.26,0,34.3,5.77
R05,BUS003,1,1,12,0,0,23.4,2105.0,2.8,0,13.5,6.15
R01,BUS013,6,1,16,0,0,25.4,219.9,1.77,0,20.6,2.02
R01,BUS016,11,4,19,0,1,13.9,920.3,4.87,1,54.8,7.49
R04,BUS012,2,4,20,0,1,15.0,2040.1,5.56,2,75.8,12.11
R04,BUS005,5,6,15,1,0,28.7,2222.9,2.02,0,17.0,5.98
R02,BUS018,10,1,7,0,0,24.0,877.1,1.35,0,55.1,2.95
R04,BUS001,9,5,18,1,0,33.7,2220.2,0.97,0,50.4,4.54
R02,BUS024,6,2,5,0,0,16.7,1703.0,0.76,0,21.6,5.25
R04,BUS023,6,5,16,1,0,28.9,2362.0,2.05,1,25.7,6.66
R03,BUS021,7,2,13,0,0,17.3,3431.4,0.27,0,59.9,12.0
R01,BUS009,2,4,9,0,1,19.1,1189.3,3.77,0,61.1,4.84
R06,BUS005,8,0,20,0,1,4.4,2116.4,4.35,0,38.3,29.71
R01,BUS016,3,2,7,0,0,21.7,1425.3,2.3,0,37.5,4.46
R05,BUS013,8,3,20,0,1,14.3,3459.3,6.81,0,60.2,17.84
R06,BUS024,9,0,14,0,0,19.4,2937.4,0.05,0,35.2,8.12
R04,BUS004,4,0,17,0,1,18.6,2505.1,5.6,0,23.0,10.14
R04,BUS008,11,2,7,0,0,20.0,810.8,0.04,0,5.6,1.86
R01,BUS006,12,0,11,0,0,21.7,1304.7,2.07,1,40.0,5.05
R06,BUS002,4,4,6,0,0,24.6,1042.5,1.86,1,31.8,4.92
R03,BUS013,12,0,8,0,1,10.3,241.9,5.21,1,71.0,5.03
R06,BUS013,10,4,12,0,0,28.1,2664.9,3.11,0,29.5,6.3
R01,BUS010,9,1,10,0,1,15.0,2728.1,6.66,0,55.7,14.24
R04,BUS001,9,3,5,0,0,26.2,623.5,1.03,0,30.3,3.66
R03,BUS017,10,2,22,0,0,21.0,1336.4,1.75,0,6.7,5.4
R04,BUS019,2,6,9,1,0,24.8,744.7,0.35,0,26.7,1.97
R06,BUS015,12,2,21,0,0,16.2,1992.0,1.89,0,15.1,8.02
R03,BUS002,4,1,17,0,1,21.0,956.5,4.73,1,42.7,6.01
R03,BUS015,11,4,9,0,1,14.4,3028.9,5.18,0,54.1,14.15
R06,BUS024,8,1,14,0,0,24.4,1325.6,2.44,0,72.8,4.53
R06,BUS010,12,6,17,1,0,20.9,1464.6,1.04,1,42.5,5.35
R02,BUS009,12,5,19,1,0,25.4,3109.2,1.09,0,41.6,7.35
R04,BUS010,8,4,9,0,1,15.2,2037.3,4.5,0,60.0,9.93
R01,BUS018,4,2,18,0,1,18.2,789.6,5.83,1,74.1,5.97
R03,BUS023,6,5,22,1,0,21.0,2698.0,3.08,0,44.7,8.4
R05,BUS007,12,0,12,0,0,24.7,3100.0,0.12,0,22.6,7.59
R03,BUS020,3,5,10,1,0,31.9,742.1,2.36,0,34.4,1.95
R04,BUS022,10,5,5,1,0,34.1,1933.0,2.14,0,19.3,3.72
R01,BUS015,4,5,18,1,0,27.8,2894.1,0.79,1,32.7,7.78
R01,BUS022,11,0,13,0,0,17.0,2321.2,1.47,0,35.3,8.67
R06,BUS013,9,4,19,0,1,12.8,2598.1,4.82,0,75.0,13.53
R06,BUS023,10,6,5,1,0,26.6,1850.1,1.29,0,7.4,4.46
R01,BUS012,8,0,6,0,0,27.4,2197.9,2.03,2,47.2,7.63
R05,BUS013,6,0,16,0,0,20.4,1655.1,1.91,0,51.2,5.46
R04,BUS023,4,0,14,0,0,23.3,326.1,1.52,0,12.9,1.61
R06,BUS024,6,1,14,0,0,12.0,3369.9,0.26,1,47.9,18.29
R04,BUS008,11,6,15,1,0,33.7,2023.4,1.57,1,52.5,4.81
R03,BUS013,11,2,9,0,1,19.8,3152.2,4.17,0,34.1,11.58
R06,BUS001,12,5,18,1,0,37.5,2366.8,2.25,2,15.9,7.3
R01,BUS003,3,4,9,0,1,7.4,1796.8,4.89,0,33.1,16.84
R06,BUS013,8,4,22,0,0,22.2,978.9,1.22,0,25.1,2.82
R02,BUS003,9,6,18,1,0,26.5,215.3,1.63,0,31.3,2.03
R03,BUS012,8,3,11,0,0,22.7,2561.3,1.59,0,28.3,7.56
R04,BUS016,1,4,19,0,1,9.6,2228.9,5.83,1,67.3,16.94
R01,BUS010,7,2,22,0,0,17.5,1294.2,2.34,0,47.2,4.89
R04,BUS008,7,0,13,0,0,23.7,957.8,1.23,0,45.4,1.76
R01,BUS024,11,2,5,0,0,24.9,1385.0,2.79,0,41.6,4.09
R04,BUS011,4,3,12,0,0,20.1,2155.6,1.91,0,27.2,7.11
R04,BUS021,7,5,22,1,0,26.2,3051.3,1.67,0,34.5,9.02
R01,BUS023,5,2,21,0,0,23.3,2133.6,1.52,1,36.2,7.37
R03,BUS003,8,3,20,0,1,12.4,2635.1,5.49,0,80.3,15.1
R02,BUS008,5,0,11,0,0,22.1,2117.3,2.1,0,37.9,7.13
R01,BUS020,6,5,14,1,0,34.4,597.0,2.86,1,9.9,2.99
R05,BUS018,10,5,19,1,0,25.5,1638.7,0.48,0,20.4,3.55
R03,BUS016,10,6,18,1,0,26.5,1312.6,1.43,2,27.0,6.69
R06,BUS008,4,1,13,0,0,28.5,1640.2,2.52,0,39.0,4.68
R02,BUS013,8,0,20,0,1,15.1,2864.1,5.5,0,75.2,12.77
R05,BUS010,2,3,16,0,0,22.5,1753.4,1.45,1,51.6,4.82
R04,BUS007,6,5,22,1,0,22.7,1211.9,1.14,2,34.0,5.57
R05,BUS006,8,4,5,0,0,25.4,847.9,3.1,1,39.2,4.34
R01,BUS022,5,2,16,0,0,23.0,1341.2,3.0,2,13.0,7.28
R04,BUS018,2,6,17,1,0,31.5,2499.3,2.31,1,31.1,6.72
R04,BUS011,12,4,9,0,1,17.9,477.8,5.0,0,70.9,3.88
R05,BUS008,5,2,19,0,1,7.9,1120.1,6.81,1,80.8,11.52
R01,BUS015,6,6,19,1,0,26.9,2424.1,0.52,1,47.8,6.46
R05,BUS007,11,6,10,1,0,30.0,1788.2,1.64,0,37.9,2.83
R06,BUS003,3,5,22,1,0,26.2,1913.9,0.96,2,42.4,7.26
R01,BUS013,6,2,14,0,0,21.3,2405.6,0.42,0,36.6,7.42
R04,BUS017,3,1,18,0,1,9.3,2466.4,4.12,0,69.6,18.22
R01,BUS013,10,3,14,0,0,25.0,2798.2,1.36,0,48.2,7.2
R05,BUS013,8,6,9,1,0,18.9,977.0,1.89,0,51.4,4.09
R06,BUS006,11,3,19,0,1,15.8,2597.3,3.69,0,91.3,11.15
R01,BUS018,4,5,15,1,0,28.8,403.1,0.0,0,25.5,0.64
R05,BUS011,9,2,12,0,0,20.4,2188.0,1.42,0,13.5,6.95
R06,BUS007,8,4,12,0,0,24.9,554.9,0.2,1,45.8,2.81
R01,BUS019,11,5,19,1,0,32.7,353.9,2.01,0,45.1,2.02
R05,BUS023,10,3,20,0,1,12.0,3493.9,4.83,0,47.4,19.0
R04,BUS011,10,0,20,0,1,9.9,2335.5,3.38,0,86.1,15.23
R03,BUS011,8,2,19,0,1,17.4,595.1,6.35,0,67.3,4.61
R05,BUS002,5,4,15,0,0,19.8,2861.0,0.59,0,27.2,7.32
R02,BUS005,7,0,21,0,0,14.3,1090.7,2.06,0,55.7,5.37
R03,BUS018,2,1,10,0,1,19.8,3125.6,3.77,1,51.3,11.22
R05,BUS023,5,1,10,0,1,17.7,1098.3,4.72,0,90.7,5.85
R03,BUS001,11,1,16,0,0,23.8,812.9,1.48,0,56.5,2.68
R06,BUS016,1,2,11,0,0,30.3,1148.4,1.35,1,5.2,3.37
R06,BUS013,3,5,13,1,0,29.4,364.3,0.5,1,57.6,2.04
R02,BUS017,10,0,17,0,1,10.4,3261.5,5.36,0,82.2,20.27
R02,BUS013,2,5,18,1,0,26.9,2533.2,2.31,0,56.5,6.41
R03,BUS019,3,4,20,0,1,10.3,257.7,4.47,0,79.6,3.55
R06,BUS021,8,6,22,1,0,28.9,1841.2,1.96,0,12.0,4.94
R04,BUS006,3,0,20,0,1,14.6,2068.2,5.23,0,47.3,11.45
R04,BUS011,4,4,15,0,0,27.6,1915.8,2.35,0,31.4,4.4
R04,BUS019,8,3,22,0,0,23.5,3164.7,2.03,2,15.0,11.11
R02,BUS023,2,4,19,0,1,15.2,2373.8,4.22,0,83.2,11.37
R01,BUS024,5,4,11,0,0,20.3,1380.4,2.64,0,38.5,6.15
R02,BUS022,1,6,21,1,0,18.6,1462.3,1.03,2,52.7,7.31
R06,BUS003,5,4,8,0,1,20.6,2733.5,6.07,0,83.4,9.32
R01,BUS012,7,6,18,1,0,23.2,250.3,2.76,0,50.0,2.77
R06,BUS007,7,2,10,0,1,16.0,2875.8,4.51,1,64.1,13.76
R02,BUS013,4,3,15,0,0,29.4,506.0,1.53,0,30.5,2.07
R03,BUS013,9,6,20,1,0,25.4,638.2,0.84,0,42.2,0.92
R05,BUS015,8,4,19,0,1,9.8,512.8,3.87,1,40.6,6.51
R06,BUS002,2,5,11,1,0,36.4,3134.4,1.91,0,36.5,5.79
R04,BUS006,1,0,5,0,0,22.7,2075.4,1.5,0,20.5,6.51
R04,BUS024,10,2,20,0,1,4.0,779.2,5.07,0,59.5,12.48
R03,BUS012,4,3,16,0,0,18.8,885.5,0.0,0,39.0,4.38
R01,BUS024,11,4,13,0,0,21.3,1051.5,2.42,0,43.2,4.35
R03,BUS024,4,2,11,0,0,25.3,2686.3,1.43,0,27.1,7.12
R01,BUS021,5,5,16,1,0,25.7,1652.1,2.74,1,44.9,6.24
R05,BUS023,5,0,13,0,0,19.8,1924.2,0.95,0,28.0,6.11
R04,BUS014,8,5,10,1,0,25.5,3145.6,2.0,0,13.4,8.03
R06,BUS014,6,4,9,0,1,15.4,1697.4,4.34,0,93.2,9.54
R03,BUS008,3,4,20,0,1,9.9,1576.3,4.86,0,37.3,11.68
R06,BUS001,12,1,16,0,0,12.5,698.2,2.05,0,35.7,3.91
R05,BUS018,2,3,22,0,0,22.8,497.7,0.59,0,5.0,0.83
R04,BUS009,10,0,14,0,0,31.0,2160.5,1.28,0,46.4,5.12
R01,BUS015,4,2,17,0,1,7.7,2417.2,4.26,0,52.6,19.89
R06,BUS002,6,3,18,0,1,5.4,571.6,5.96,1,60.1,10.33
R06,BUS001,10,6,7,1,0,29.7,723.3,1.01,0,52.7,1.43
R01,BUS012,3,6,8,1,0,24.6,2870.6,1.43,0,26.8,6.49
R05,BUS017,12,5,8,1,0,32.0,1777.9,2.27,0,21.0,3.62
R05,BUS001,10,1,19,0,1,20.3,2062.7,5.41,0,69.8,7.5
R02,BUS022,8,6,16,1,0,32.7,3202.9,2.33,0,33.7,7.83
R03,BUS010,8,6,11,1,0,28.5,1135.8,0.0,0,25.1,2.75
R01,BUS012,3,4,9,0,1,9.3,1471.9,5.89,0,54.2,12.19
R04,BUS014,10,1,21,0,0,20.8,1589.2,0.06,0,20.3,5.56
R03,BUS015,1,0,7,0,0,30.7,2491.2,2.75,0,83.1,6.47
R02,BUS015,1,5,14,1,0,28.5,1562.7,1.8,1,5.0,4.99

route_id,bus_id,stop_sequence,day_of_week,hour_of_day,is_weekend,is_rush_hour,current_speed_kmph,distance_to_next_stop_m,historical_avg_delay_min,weather,dwell_time_sec,actual_eta_min
R27A,BUS001,1,0,21,0,0,18.8,1662.2,0.49,0,51.1,5.38
R45,BUS005,2,4,14,0,0,13.2,2445.8,0.11,0,45.4,10.89
R45,BUS001,1,3,6,0,0,18.9,2387.3,0.99,0,56.0,7.77
R45,BUS002,1,3,9,0,1,11.1,2101.2,5.56,0,47.4,14.53
R26,BUS001,2,5,7,1,0,25.8,2018.5,1.79,1,41.7,5.91
R57,BUS004,3,5,5,1,0,20.4,2157.9,1.51,0,9.3,6.54
R45,BUS002,2,1,5,0,0,19.1,2255.4,0.81,2,31.4,8.91
R27A,BUS004,2,6,10,1,0,24.6,2055.2,1.43,0,40.5,5.23
R57,BUS001,2,1,6,0,0,25.2,1524.9,3.23,0,61.7,4.2
R27A,BUS002,1,6,5,1,0,31.2,1845.3,2.06,0,37.6,3.95
R45,BUS005,1,3,7,0,0,29.5,2394.8,1.67,0,40.7,6.03
R27C,BUS003,2,4,8,0,1,20.3,3215.8,4.14,0,72.5,11.11
R57,BUS004,2,2,21,0,0,18.5,1823.6,1.65,0,45.2,6.36
R27C,BUS003,1,5,19,1,0,23.2,2173.1,0.7,0,38.7,4.73
R26,BUS002,2,5,15,1,0,33.7,1684.6,2.17,0,25.9,3.53
R27A,BUS001,3,5,7,1,0,20.3,1413.7,1.05,0,32.7,4.34
R27A,BUS003,2,1,18,0,1,19.7,1668.8,4.76,0,75.2,6.75
R57,BUS004,2,4,14,0,0,22.7,1775.4,1.4,0,36.9,5.04
R27A,BUS002,3,4,11,0,0,22.4,1713.4,2.87,0,19.3,4.9
R27C,BUS004,1,5,10,1,0,20.7,3284.2,1.4,0,46.5,10.34
R26,BUS003,3,0,14,0,0,6.2,1851.0,1.29,0,25.2,18.46
R27C,BUS004,1,0,18,0,1,6.2,3199.7,4.8,0,65.4,32.61
R45,BUS001,2,3,14,0,0,15.7,1927.2,1.72,1,41.5,9.05
R45,BUS004,2,6,12,1,0,25.9,2629.5,1.03,0,29.6,5.63
R27C,BUS001,1,3,5,0,0,21.0,2863.0,0.94,0,60.0,8.06
R57,BUS005,3,6,20,1,0,20.3,1663.5,1.58,0,21.4,4.5
R57,BUS004,2,6,10,1,0,32.5,1610.6,1.16,0,46.1,3.27
R45,BUS004,2,1,14,0,0,15.9,2875.3,2.61,2,30.1,13.22
R45,BUS004,1,0,21,0,0,16.6,2040.8,2.75,1,37.7,9.1
R27C,BUS005,1,1,11,0,0,29.0,2490.0,2.05,0,28.4,5.84
R27C,BUS004,2,5,11,1,0,21.5,2707.9,1.49,0,29.7,8.08
R26,BUS005,2,1,20,0,1,12.4,1866.0,4.36,0,61.9,10.69
R57,BUS001,3,6,9,1,0,20.9,1999.1,2.91,0,29.5,6.99
R45,BUS004,2,1,16,0,0,22.9,2852.3,1.34,1,11.0,8.34
R45,BUS002,1,3,20,0,1,11.4,2203.0,5.25,0,74.6,12.83
R57,BUS004,2,0,16,0,0,9.6,1463.3,3.47,0,14.1,10.34
R57,BUS002,3,2,22,0,0,21.8,1267.1,1.0,0,15.2,3.91
R27C,BUS003,1,5,10,1,0,27.7,3500.0,2.67,1,20.1,9.78
R27C,BUS001,2,0,21,0,0,20.4,2651.7,1.98,0,45.6,8.5
R27C,BUS003,2,3,19,0,1,21.1,2376.8,4.19,1,47.3,9.59
R26,BUS002,1,0,6,0,0,22.5,1579.9,0.19,0,40.8,3.51
R27A,BUS001,2,1,5,0,0,18.8,1481.8,1.19,1,38.8,5.56
R27A,BUS002,2,3,10,0,1,10.0,1901.6,4.47,0,87.9,12.28
R26,BUS005,2,3,17,0,1,11.2,1250.2,5.37,0,53.6,8.08
R26,BUS002,1,4,9,0,1,12.2,1750.0,5.32,1,68.1,11.68
R57,BUS003,1,2,22,0,0,20.2,1380.5,1.22,0,23.9,3.7
R57,BUS005,1,1,14,0,0,19.3,1302.1,2.02,0,24.2,5.04
R26,BUS004,3,1,7,0,0,11.4,1832.7,1.82,0,40.7,9.42
R45,BUS002,1,1,12,0,0,21.1,2792.7,2.12,0,38.4,8.58
R26,BUS005,1,2,9,0,1,17.4,1825.8,5.16,0,57.7,8.19
R27A,BUS002,2,4,17,0,1,17.2,1463.1,6.71,0,48.8,8.64
R57,BUS005,2,1,20,0,1,9.7,1714.9,4.9,0,63.9,12.33
R26,BUS002,3,4,13,0,0,13.3,2015.5,1.62,0,57.5,9.09
R45,BUS001,2,5,11,1,0,29.8,3030.8,2.07,0,8.5,6.54
R27C,BUS004,2,4,9,0,1,21.2,2463.4,4.78,0,73.8,9.13
R27C,BUS005,2,6,21,1,0,21.0,2456.0,0.99,0,40.1,6.93
R26,BUS001,1,1,12,0,0,24.9,1752.0,1.71,0,32.2,4.78
R57,BUS001,3,5,13,1,0,21.7,1602.7,2.38,0,38.1,4.95
R26,BUS003,2,2,12,0,0,18.6,1457.8,1.26,2,35.9,7.02
R45,BUS004,2,2,22,0,0,16.6,2764.8,1.8,1,51.9,11.71
R26,BUS002,1,5,7,1,0,25.6,1658.3,1.63,0,20.9,4.39
R26,BUS002,1,1,19,0,1,16.5,1386.4,5.19,0,73.6,6.39
R27A,BUS005,3,4,12,0,0,18.8,1682.3,0.93,2,38.8,6.96
R57,BUS003,3,1,10,0,1,9.3,1485.5,4.96,0,62.7,12.0
R45,BUS001,2,5,12,1,0,25.2,2276.1,2.17,1,6.9,8.61
R27A,BUS002,1,2,9,0,1,7.3,1414.9,2.99,0,76.2,12.32
R45,BUS004,2,2,10,0,1,6.7,2424.9,4.41,0,51.0,22.27
R26,BUS002,2,2,22,0,0,23.0,1891.6,3.06,1,42.6,6.11
R57,BUS003,2,5,14,1,0,25.9,834.2,2.05,0,32.9,2.74
R27A,BUS002,3,2,19,0,1,15.7,1460.4,4.09,0,86.0,6.69
R57,BUS005,3,5,17,1,0,26.1,2031.1,1.11,0,15.8,4.56
R27C,BUS002,2,5,20,1,0,31.9,2540.0,2.3,1,14.9,5.79
R45,BUS005,1,0,11,0,0,19.7,3416.2,0.88,0,36.1,10.82
R27A,BUS001,2,4,20,0,1,10.9,1661.6,5.22,1,68.5,11.66
R27C,BUS001,2,2,12,0,0,17.3,2297.2,0.72,0,59.9,8.3
R57,BUS002,2,3,16,0,0,33.0,1578.8,2.43,0,47.9,3.75
R26,BUS003,1,2,19,0,1,8.1,1329.1,5.08,0,80.9,11.51
R27A,BUS001,1,3,9,0,1,10.0,1565.8,3.16,1,58.0,11.14
R27A,BUS001,3,6,7,1,0,27.6,1667.4,2.95,0,26.8,4.37
R27A,BUS005,2,2,9,0,1,13.0,1211.4,4.75,0,57.6,7.53
R27A,BUS003,2,2,17,0,1,16.8,1902.2,3.93,0,77.2,8.95
R45,BUS001,1,3,20,0,1,16.1,2616.7,6.08,0,48.7,11.93
R27C,BUS001,1,1,10,0,1,13.2,2514.4,5.21,0,70.8,12.71
R27C,BUS004,1,0,6,0,0,26.6,2885.4,0.0,0,39.3,6.64
R45,BUS003,1,3,10,0,1,19.4,2674.8,4.48,0,57.2,10.52
R27A,BUS002,1,5,10,1,0,20.4,1766.9,2.07,1,17.5,6.44
R27C,BUS004,2,4,9,0,1,12.9,2572.7,4.6,0,94.0,14.1
R45,BUS003,2,6,18,1,0,22.3,2920.7,2.21,0,21.5,9.18
R27C,BUS003,1,6,7,1,0,19.2,2196.8,1.71,0,36.0,8.11
R27C,BUS004,1,0,6,0,0,25.4,2271.0,1.2,1,6.7,6.12
R57,BUS004,2,1,13,0,0,15.2,1693.4,1.51,0,25.8,7.29
R26,BUS002,2,0,13,0,0,18.3,1540.7,2.44,1,15.3,7.02
R26,BUS002,1,1,22,0,0,32.2,1711.7,1.45,0,34.9,3.77
R57,BUS001,1,4,13,0,0,21.4,1613.0,0.42,2,5.0,7.02
R45,BUS001,1,3,12,0,0,27.2,2503.7,1.34,0,42.2,6.22
R27C,BUS004,2,2,17,0,1,9.2,2740.7,4.64,0,58.9,20.19
R27A,BUS005,3,0,10,0,1,23.7,1413.7,3.33,0,77.1,6.37
R26,BUS002,1,3,13,0,0,16.6,1670.1,2.39,0,33.7,6.84
R45,BUS005,2,3,11,0,0,19.1,2516.9,1.97,2,25.2,10.72
R26,BUS005,3,3,14,0,0,16.6,1726.3,0.0,0,55.5,6.1
R26,BUS002,2,4,16,0,0,19.7,1750.8,1.72,1,47.9,6.88
R45,BUS002,2,2,10,0,1,19.7,2555.7,4.34,0,66.9,8.67
R26,BUS004,3,4,5,0,0,26.1,1696.5,1.62,0,46.5,4.56
R27A,BUS002,1,4,20,0,1,19.7,1630.6,4.57,1,69.4,7.8
R27C,BUS002,1,1,13,0,0,20.1,2364.1,2.45,0,34.1,6.82
R27A,BUS002,2,2,18,0,1,9.5,1519.9,5.61,0,54.3,11.33
R26,BUS005,2,0,18,0,1,7.3,1845.6,5.57,0,72.2,17.32
R26,BUS001,2,1,11,0,0,18.6,1637.1,1.86,0,41.2,5.52
R45,BUS002,2,2,10,0,1,12.6,2533.3,5.93,1,65.0,15.85
R45,BUS002,1,6,12,1,0,28.5,2815.7,2.19,0,51.2,5.43
R27A,BUS002,3,4,5,0,0,27.6,1428.5,2.94,1,42.3,5.38
R27A,BUS002,3,1,12,0,0,14.9,1393.8,1.81,0,41.1,6.85
R57,BUS004,1,1,11,0,0,11.6,1557.6,2.38,0,37.8,8.77
R27C,BUS002,2,1,22,0,0,6.4,2394.6,1.72,0,21.0,23.51
R45,BUS001,1,1,21,0,0,25.7,2648.6,1.1,1,27.4,6.73
R26,BUS003,2,3,6,0,0,23.9,1777.7,0.89,0,24.3,4.95
R26,BUS003,3,4,22,0,0,12.6,1806.0,1.51,0,34.2,8.68
R27A,BUS004,1,2,5,0,0,16.3,1169.7,0.89,0,7.0,4.41
R27C,BUS001,1,5,19,1,0,27.4,2222.8,1.43,1,27.3,5.89
R27A,BUS004,3,3,10,0,1,15.5,2088.4,4.82,1,66.3,11.01
R45,BUS004,1,3,8,0,1,8.0,2925.9,5.43,0,90.0,23.48
R27C,BUS003,1,6,15,1,0,36.9,2442.8,1.22,0,25.9,3.83
R26,BUS004,1,2,8,0,1,10.6,2117.3,5.93,1,82.6,16.52
R57,BUS005,3,5,12,1,0,24.9,1951.3,0.39,1,24.6,5.83
R45,BUS003,2,3,11,0,0,25.8,2866.4,1.86,1,5.0,8.57
R57,BUS004,1,2,9,0,1,13.8,1302.6,4.39,0,58.3,7.01
R45,BUS003,2,6,10,1,0,28.5,2833.9,1.56,0,11.0,6.44
R45,BUS004,2,6,5,1,0,22.2,3443.5,1.76,0,40.0,10.53
R27A,BUS001,3,3,17,0,1,12.0,1735.8,4.87,0,86.4,11.68
R57,BUS003,2,6,7,1,0,26.3,2023.2,1.16,1,44.2,5.99
R27C,BUS003,1,2,17,0,1,15.5,2299.4,5.77,1,78.6,13.25
R57,BUS003,2,5,10,1,0,21.1,1790.8,2.55,1,47.0,5.77
R26,BUS001,3,0,21,0,0,18.2,1682.0,1.86,0,30.1,6.76
R57,BUS005,2,5,6,1,0,9.7,1700.5,1.92,2,35.1,14.23
R27C,BUS005,1,2,11,0,0,19.3,2945.5,1.91,0,30.6,10.1
R45,BUS002,2,4,15,0,0,17.6,3339.7,1.73,0,13.9,11.57
R57,BUS005,2,5,17,1,0,15.3,1905.4,1.13,0,27.3,7.57
R26,BUS003,2,3,16,0,0,20.4,1642.7,2.15,0,22.1,5.94
R57,BUS001,3,6,14,1,0,20.7,1891.2,1.14,0,44.3,5.57
R57,BUS001,2,0,6,0,0,16.9,1514.5,2.83,0,35.1,8.2
R27C,BUS001,2,4,15,0,0,18.1,2913.3,2.14,0,40.6,10.95
R27C,BUS003,1,0,17,0,1,15.8,2807.1,5.12,0,38.4,13.08
R27C,BUS002,2,0,16,0,0,23.9,2370.7,1.71,0,58.9,6.3
R45,BUS003,2,5,8,1,0,28.2,2410.2,1.15,0,5.0,5.91
R45,BUS003,2,1,10,0,1,14.7,2171.3,4.25,0,95.1,10.18
R45,BUS004,2,6,16,1,0,32.4,2108.2,0.92,1,30.4,4.95
R27C,BUS005,2,5,17,1,0,18.7,2753.8,1.85,0,44.2,8.68
R45,BUS003,2,0,10,0,1,13.9,2352.8,4.78,1,66.6,13.26
R57,BUS002,2,2,8,0,1,15.8,1303.1,3.73,0,45.2,6.25
R27A,BUS005,3,4,16,0,0,17.8,1449.1,0.56,0,47.3,4.81
R57,BUS002,3,3,22,0,0,20.1,1580.7,1.22,0,31.4,5.31
R57,BUS001,1,0,16,0,0,16.9,1744.1,2.85,0,63.9,6.05
R27C,BUS003,2,4,21,0,0,15.3,2538.2,1.33,0,32.6,10.35
R45,BUS003,1,5,17,1,0,24.1,2584.8,1.81,0,41.8,7.67
R27C,BUS004,1,4,12,0,0,5.8,2834.6,3.19,0,48.6,30.7
R26,BUS002,2,3,12,0,0,18.9,1818.1,0.0,0,54.4,6.06
R27A,BUS005,1,5,14,1,0,24.6,1566.8,2.04,0,16.7,4.37
R57,BUS004,1,1,16,0,0,20.6,1494.3,1.03,0,51.0,4.44
R57,BUS005,1,3,22,0,0,14.1,1525.9,2.33,2,39.3,9.85
R57,BUS002,2,2,9,0,1,17.3,1555.8,4.51,0,45.1,6.78
R27A,BUS001,2,1,13,0,0,17.9,1690.5,1.54,1,11.9,8.5
R57,BUS005,3,2,9,0,1,14.7,1657.8,5.19,0,53.8,7.93
R45,BUS001,2,1,21,0,0,16.5,2047.3,1.09,0,65.2,7.07
R26,BUS005,3,3,7,0,0,21.4,2114.8,2.33,0,25.1,7.61
R26,BUS001,1,3,11,0,0,19.8,1826.1,0.26,0,38.4,5.27
R57,BUS004,3,4,8,0,1,11.6,2043.2,5.26,0,64.7,12.89
R45,BUS005,1,1,8,0,1,14.5,2107.4,4.36,0,75.4,10.49
R45,BUS002,2,2,8,0,1,12.4,2538.4,3.27,0,31.7,13.59
R27A,BUS002,3,0,17,0,1,11.4,2093.2,4.41,0,44.1,12.1
R26,BUS003,1,6,20,1,0,28.2,1269.3,1.1,0,32.2,2.97
R45,BUS003,1,0,15,0,0,15.1,2609.8,3.39,0,53.5,12.25
R45,BUS005,2,6,7,1,0,30.1,2862.9,1.99,1,31.4,7.38
R26,BUS004,2,4,20,0,1,12.2,1457.9,4.49,0,86.6,9.08
R27A,BUS003,2,0,12,0,0,25.2,2168.4,1.87,0,21.6,5.29
R57,BUS003,3,6,15,1,0,24.2,1384.3,1.83,0,49.5,4.87
R27C,BUS004,1,1,7,0,0,15.5,2916.5,0.68,0,53.3,11.96
R45,BUS001,2,2,7,0,0,14.6,2442.9,2.36,2,40.7,12.15
R45,BUS005,1,6,9,1,0,23.0,2613.2,1.43,0,44.5,7.4
R26,BUS004,2,6,16,1,0,37.0,1656.2,1.89,0,87.7,2.28
R27A,BUS005,2,6,5,1,0,27.6,1566.2,2.57,1,19.5,5.03
R57,BUS005,3,1,7,0,0,21.0,2215.9,2.21,0,39.9,7.34
R57,BUS004,3,1,14,0,0,22.0,1624.3,1.45,0,41.7,4.13
R27A,BUS004,2,1,14,0,0,12.7,2206.2,1.41,1,21.1,12.18
R57,BUS004,1,0,15,0,0,16.0,1961.4,2.4,0,27.0,8.83
R27C,BUS005,2,5,21,1,0,35.7,2365.6,2.14,0,44.7,4.71
R27A,BUS003,3,3,6,0,0,19.8,1574.1,1.01,0,36.3,5.16
R26,BUS001,1,2,10,0,1,9.6,1546.6,5.96,0,67.9,13.25
R45,BUS004,2,6,11,1,0,21.9,2403.7,0.0,0,39.0,7.01
R57,BUS004,3,5,20,1,0,25.8,1590.4,1.42,0,42.2,3.25
R26,BUS002,3,3,5,0,0,24.3,1756.1,1.36,0,44.0,4.85
R27A,BUS001,1,5,12,1,0,25.0,1622.6,1.47,0,50.6,4.56
R27A,BUS002,3,0,14,0,0,22.9,1658.5,2.48,0,37.6,6.14
R57,BUS002,1,6,7,1,0,17.0,1881.5,0.41,1,21.8,8.82
R45,BUS001,1,3,10,0,1,16.4,2454.4,4.85,1,58.0,11.07
R45,BUS005,1,3,9,0,1,12.8,2675.4,4.49,0,78.8,13.54
R57,BUS003,2,3,15,0,0,27.4,1317.0,1.43,1,21.1,3.91
R26,BUS004,1,3,13,0,0,19.2,1919.0,1.4,2,10.1,7.93
R57,BUS002,1,2,13,0,0,19.7,2001.6,0.38,0,19.4,5.95
R45,BUS005,1,2,15,0,0,28.6,3035.7,0.65,0,17.6,6.19
R57,BUS004,2,6,8,1,0,31.5,1879.4,0.92,0,18.4,4.25
R57,BUS003,3,4,17,0,1,12.2,1590.5,4.53,1,66.2,10.83
R57,BUS004,2,2,7,0,0,17.7,1837.9,2.26,0,33.6,7.49
R57,BUS001,3,3,17,0,1,17.8,1780.8,5.44,0,56.8,8.4
R45,BUS004,1,5,18,1,0,27.5,2206.7,1.12,0,39.8,5.71
R57,BUS002,2,1,12,0,0,24.9,1317.1,2.44,0,34.7,3.0
R27C,BUS002,2,3,8,0,1,8.9,2540.4,5.4,0,84.2,19.25
R57,BUS001,1,2,10,0,1,12.7,1797.3,5.37,2,62.1,12.39
R27A,BUS004,3,3,5,0,0,22.1,1617.9,0.83,0,33.5,4.81
R57,BUS003,2,6,10,1,0,38.5,1424.3,2.37,0,78.3,3.61
R27A,BUS005,1,3,8,0,1,13.9,1309.2,4.9,2,66.0,10.56
R45,BUS001,1,1,7,0,0,23.7,2074.0,0.28,0,23.8,6.94
R26,BUS005,2,4,15,0,0,20.5,1984.2,0.27,0,35.6,6.27
R27C,BUS003,1,2,20,0,1,10.7,1617.7,5.0,0,42.4,11.45
R45,BUS003,1,6,18,1,0,24.8,2683.0,0.22,1,5.0,7.1
R26,BUS003,3,5,13,1,0,29.6,2065.8,1.51,0,37.0,4.7
R45,BUS001,2,1,9,0,1,18.4,2929.9,4.23,1,69.8,12.42
R27C,BUS002,1,0,13,0,0,23.6,2724.9,2.82,0,36.8,7.19
R45,BUS004,2,4,15,0,0,21.2,2856.7,1.65,0,56.5,8.96
R27A,BUS003,1,2,15,0,0,18.0,1355.6,0.99,0,5.0,5.33
R27A,BUS001,1,5,22,1,0,35.5,1696.3,1.67,0,41.3,3.15
R27A,BUS005,3,3,9,0,1,3.0,1481.3,4.75,1,50.7,32.06
R45,BUS002,1,2,18,0,1,5.6,2443.1,5.16,0,48.5,27.75
R27C,BUS005,2,1,6,0,0,10.2,2916.3,1.99,0,5.0,17.42
R57,BUS002,3,5,9,1,0,30.4,1600.7,2.24,1,25.9,5.9
R26,BUS005,2,2,20,0,1,11.7,1431.8,5.19,0,59.0,9.88
R27A,BUS005,2,5,18,1,0,32.2,1448.9,1.98,0,52.8,4.96
R27C,BUS005,1,2,17,0,1,11.4,2156.1,5.17,1,56.7,14.55
R27A,BUS003,1,6,18,1,0,23.7,1474.0,1.01,0,38.0,4.75
R57,BUS002,2,4,16,0,0,26.9,2007.0,1.62,0,42.7,5.48
R26,BUS003,2,1,22,0,0,24.3,1730.0,0.77,0,47.2,5.38
R45,BUS002,2,4,13,0,0,34.9,1955.4,1.25,0,53.5,4.33
R27A,BUS001,1,4,7,0,0,23.3,1439.2,1.35,0,37.2,4.36
R26,BUS003,3,2,21,0,0,21.0,1644.4,0.53,1,42.4,5.57
R26,BUS005,1,6,22,1,0,26.0,1772.8,2.21,2,54.3,6.5
R26,BUS003,3,2,22,0,0,19.4,1704.0,0.84,0,29.6,6.05
R57,BUS005,2,6,13,1,0,27.4,1567.5,2.81,0,39.8,5.52
R45,BUS005,2,1,6,0,0,26.1,3376.3,0.61,0,31.3,7.78
R45,BUS003,2,5,21,1,0,25.3,2420.2,1.02,0,57.1,5.85
R27A,BUS003,1,1,9,0,1,15.6,1596.1,4.48,1,45.5,8.4
R57,BUS003,1,5,9,1,0,25.9,1999.5,2.71,0,37.4,5.45
R27A,BUS002,1,5,8,1,0,24.0,1016.3,1.66,0,35.5,3.19
R26,BUS005,1,2,18,0,1,7.5,1919.9,5.05,1,56.0,18.72
R27A,BUS002,2,1,22,0,0,19.5,1038.2,1.71,1,18.3,4.67
R26,BUS005,3,1,19,0,1,12.0,1365.8,4.53,0,79.1,8.63
R45,BUS002,2,1,19,0,1,15.1,2711.4,4.93,0,65.2,11.81
R45,BUS001,2,6,10,1,0,26.8,2743.1,1.1,0,37.0,6.97
R57,BUS004,2,0,13,0,0,20.6,1599.8,0.28,0,37.4,5.39
R27C,BUS003,2,3,16,0,0,21.9,2972.0,0.77,0,33.1,7.82
R27C,BUS001,2,1,19,0,1,16.7,2287.9,5.04,1,68.3,10.82
R27A,BUS005,1,2,21,0,0,17.2,1580.5,0.0,0,33.8,6.32
R45,BUS005,2,2,9,0,1,8.7,2695.6,5.85,0,67.7,20.36
R45,BUS004,1,3,17,0,1,13.5,3157.5,4.6,0,62.4,14.93
R45,BUS001,1,5,5,1,0,31.5,2613.7,1.61,0,7.3,5.22
R27C,BUS003,2,5,11,1,0,34.7,2444.1,1.89,0,22.7,5.17
R45,BUS005,1,3,7,0,0,18.6,2634.6,0.0,0,31.5,7.55
R45,BUS003,2,3,11,0,0,19.6,2613.7,0.8,0,47.2,8.16
R45,BUS003,2,2,21,0,0,19.4,2380.5,3.21,0,55.3,9.29
R57,BUS003,1,6,11,1,0,24.3,1265.1,1.34,0,24.6,3.61
R26,BUS003,1,5,17,1,0,22.1,1811.5,1.91,0,9.6,5.32
R45,BUS004,1,0,14,0,0,21.5,2974.6,2.25,0,29.8,10.27
R27A,BUS004,1,5,20,1,0,22.9,1651.6,2.24,0,35.9,4.6
R57,BUS001,2,0,14,0,0,27.3,2185.0,0.0,0,41.8,6.15
R45,BUS002,2,5,21,1,0,19.2,2825.6,2.16,1,6.1,9.89
R26,BUS003,1,0,21,0,0,14.9,1586.8,0.4,0,58.0,7.13
R27C,BUS001,2,0,15,0,0,19.5,2121.5,2.19,0,38.6,7.6
R45,BUS002,1,1,22,0,0,22.7,2266.1,2.13,0,40.3,6.67
R26,BUS001,1,5,13,1,0,26.5,1746.4,1.02,1,23.8,4.91
R26,BUS001,3,0,19,0,1,15.3,1528.1,6.34,0,85.4,8.25
R27A,BUS003,2,6,21,1,0,23.9,1388.0,0.0,0,45.4,3.22
R26,BUS003,3,3,12,0,0,12.8,2450.9,0.99,1,33.4,13.48
R27A,BUS004,3,3,13,0,0,19.2,1831.0,0.9,0,46.5,6.64
R57,BUS005,1,3,14,0,0,20.0,1719.2,1.86,2,29.4,7.37
R26,BUS002,3,5,21,1,0,28.6,1996.4,0.83,0,24.5,4.78
R45,BUS002,2,4,22,0,0,27.6,2798.4,1.58,0,44.0,7.0
R57,BUS005,1,1,22,0,0,19.7,1985.2,1.07,0,63.1,7.72
R57,BUS005,2,4,13,0,0,15.9,1334.6,1.37,0,47.4,4.92
R45,BUS002,2,3,13,0,0,22.6,2994.3,1.67,0,35.6,8.94
R27C,BUS005,1,2,6,0,0,22.7,2730.5,1.77,0,18.3,8.38
R57,BUS003,3,5,14,1,0,25.1,1444.8,1.12,0,44.5,3.87
R27C,BUS002,2,1,12,0,0,21.4,1747.2,2.09,0,34.8,5.42
R45,BUS004,2,0,20,0,1,5.7,1904.3,5.54,0,61.5,22.35
R26,BUS005,2,0,10,0,1,17.7,1561.5,6.03,0,63.9,8.3
R27A,BUS004,3,1,10,0,1,20.2,1707.2,4.82,1,81.1,7.84
R27A,BUS005,1,5,8,1,0,32.5,1850.7,1.53,1,39.9,4.41
R57,BUS005,1,0,7,0,0,22.2,1606.9,0.67,0,28.4,5.02
R27A,BUS005,1,6,14,1,0,28.5,1981.3,0.0,0,22.6,4.69
R57,BUS005,3,5,14,1,0,18.5,1703.3,2.07,0,41.8,6.1
R57,BUS005,3,2,22,0,0,18.2,1839.0,0.63,1,40.6,7.62
R57,BUS002,2,3,18,0,1,20.0,2260.1,5.22,0,107.3,9.77
R57,BUS001,1,5,10,1,0,26.1,1883.2,1.08,0,50.5,4.74
R26,BUS003,3,2,5,0,0,19.3,1731.1,1.81,1,33.6,7.44
R26,BUS002,2,5,14,1,0,26.5,1761.7,1.39,0,22.8,4.88
R26,BUS004,2,5,21,1,0,21.8,1602.7,2.71,0,50.4,5.33
R26,BUS003,1,1,6,0,0,22.2,1691.3,0.0,0,72.2,6.12
R45,BUS005,2,2,16,0,0,18.2,1965.2,1.87,0,10.6,6.36
R27C,BUS005,1,1,17,0,1,15.6,2656.8,4.61,2,72.1,13.88
R57,BUS004,1,5,10,1,0,28.7,1571.0,2.0,0,13.4,3.39
R27C,BUS005,2,2,20,0,1,16.4,2430.9,5.83,0,73.9,12.09
R57,BUS001,1,1,10,0,1,13.6,1738.0,6.85,0,58.2,10.97
R57,BUS004,2,3,16,0,0,22.2,1688.9,0.36,1,14.8,5.41
R27A,BUS004,2,5,5,1,0,24.9,1240.7,0.3,0,39.5,2.7
R57,BUS005,3,5,9,1,0,20.3,1559.3,0.43,0,41.6,4.26
R27C,BUS005,1,4,18,0,1,8.8,2027.3,5.05,1,46.8,15.88
R26,BUS002,3,2,8,0,1,11.2,1707.4,5.95,0,55.1,11.04
R27C,BUS004,1,5,15,1,0,24.4,2583.9,0.83,0,30.3,8.07
R27A,BUS002,3,2,22,0,0,24.0,2089.4,1.68,0,49.6,5.66
R27C,BUS005,1,3,5,0,0,16.1,3121.8,1.68,0,37.5,12.02
R26,BUS002,2,5,20,1,0,34.4,1916.0,1.12,0,41.8,4.46
R27C,BUS003,2,1,5,0,0,22.5,2838.0,2.1,0,43.0,8.32
R45,BUS002,1,2,21,0,0,21.6,3406.7,1.31,0,44.6,10.54
R26,BUS002,3,0,15,0,0,27.5,1903.8,1.88,0,82.7,6.01
R45,BUS004,2,4,14,0,0,11.8,2672.1,2.4,0,44.2,13.7
R27A,BUS004,3,3,21,0,0,22.9,2280.5,0.96,0,56.5,6.7
R27C,BUS005,1,0,17,0,1,19.0,2105.8,4.27,0,68.8,8.72
R27C,BUS001,2,5,13,1,0,29.1,2311.6,0.93,0,5.0,5.46
R27A,BUS001,1,4,14,0,0,29.4,1746.5,1.72,0,22.2,3.47
R27A,BUS002,3,0,22,0,0,9.0,2045.6,1.11,0,36.9,14.77
R57,BUS002,3,1,8,0,1,10.4,2061.1,4.42,1,68.4,13.51
R45,BUS005,2,6,19,1,0,26.5,2486.3,0.76,0,32.5,6.1
R27A,BUS005,2,2,19,0,1,3.6,1453.7,5.71,0,54.3,25.75
R57,BUS004,1,1,18,0,1,12.1,1336.2,4.54,1,63.9,9.33
R26,BUS002,1,5,10,1,0,21.3,2108.2,1.84,0,14.7,6.74
R26,BUS003,2,4,22,0,0,23.5,1543.5,2.19,0,38.7,4.25
R27C,BUS003,2,4,19,0,1,7.4,3009.6,3.79,0,54.3,26.52
R26,BUS004,1,1,16,0,0,13.5,2191.5,0.37,0,11.7,11.05
R27A,BUS001,2,5,16,1,0,23.9,1720.7,3.47,0,23.2,5.96
R27C,BUS005,1,3,13,0,0,19.3,2190.9,1.63,1,42.5,7.82
R27A,BUS002,2,0,19,0,1,10.0,1709.6,4.71,0,67.7,12.29
R27C,BUS001,1,2,8,0,1,7.7,2664.6,4.37,0,61.4,22.69
R26,BUS001,1,5,17,1,0,24.1,1223.5,2.92,1,35.4,4.97
R57,BUS005,2,4,16,0,0,27.7,1628.4,1.69,1,50.7,4.78
R57,BUS002,3,1,9,0,1,13.8,1425.9,7.01,1,59.5,9.43
R26,BUS004,3,2,17,0,1,17.3,2287.4,4.75,1,69.9,10.93
R45,BUS001,1,2,8,0,1,10.6,2692.0,5.78,0,71.7,16.48
R26,BUS005,1,4,15,0,0,25.4,1423.6,0.3,0,42.7,3.03
R26,BUS004,1,1,11,0,0,19.0,1801.0,2.95,1,37.0,7.47
R26,BUS005,1,3,9,0,1,17.3,1827.0,4.72,1,75.0,8.92
R27C,BUS003,1,4,15,0,0,22.8,2515.0,0.64,0,45.9,6.82
R27A,BUS005,1,2,22,0,0,18.4,1677.7,1.6,0,43.8,5.65
R26,BUS004,1,3,8,0,1,12.9,1622.7,5.5,1,36.2,10.36
R26,BUS004,3,0,11,0,0,20.7,1474.8,0.17,0,48.9,5.77
R27A,BUS001,1,2,5,0,0,22.3,1929.4,0.81,0,29.2,4.61
R26,BUS003,1,6,14,1,0,20.2,2178.8,0.7,0,58.5,5.98
R57,BUS003,3,1,16,0,0,19.7,2024.3,0.75,0,15.7,5.52
R26,BUS002,2,6,21,1,0,34.9,2079.4,2.28,1,41.1,5.61
R27A,BUS003,2,0,9,0,1,14.3,2009.4,5.55,0,47.4,11.31
R27A,BUS004,2,0,11,0,0,16.7,1561.0,0.32,0,48.8,5.08
R57,BUS002,3,6,13,1,0,33.5,1412.5,0.66,0,73.8,3.88
R45,BUS002,2,2,10,0,1,17.1,1961.9,5.8,0,72.7,9.68
R45,BUS005,1,0,6,0,0,19.4,2428.7,2.74,0,31.4,8.08
R57,BUS004,1,3,5,0,0,23.3,1518.1,1.21,0,15.4,2.89
R27C,BUS003,2,4,16,0,0,20.1,2588.2,1.22,0,29.9,9.32
R27C,BUS002,1,2,8,0,1,8.1,2606.6,5.25,0,72.1,20.24
R27C,BUS003,2,0,12,0,0,16.6,2609.7,0.89,0,12.6,9.78
R26,BUS001,1,5,10,1,0,29.7,1555.7,2.7,1,20.9,4.43
R27C,BUS004,2,0,10,0,1,19.2,2918.6,3.65,0,46.2,10.37
R57,BUS002,2,1,9,0,1,20.5,2290.9,6.37,0,72.9,9.11
R26,BUS004,3,6,6,1,0,18.8,1885.4,1.95,0,13.2,6.63
R57,BUS002,2,4,21,0,0,25.7,1319.5,1.05,0,29.2,4.22
R27C,BUS001,2,4,9,0,1,10.7,1981.2,6.91,0,63.7,13.42
R27A,BUS005,3,5,17,1,0,26.4,1528.4,1.27,0,38.9,3.94
R27C,BUS004,2,1,7,0,0,11.7,1614.1,2.0,0,48.5,9.96
R26,BUS001,1,2,20,0,1,14.7,1922.1,5.41,0,94.0,9.25
R26,BUS002,2,1,11,0,0,14.6,1636.8,0.49,0,37.4,5.68
R26,BUS003,2,1,12,0,0,10.9,1720.4,0.5,0,21.9,9.6
R57,BUS001,2,0,8,0,1,13.9,1476.9,5.41,0,80.4,7.29
R27A,BUS002,3,2,21,0,0,18.3,1323.1,2.65,0,49.3,5.28
R27C,BUS004,2,0,9,0,1,4.7,3029.9,4.61,0,55.7,40.39
R27C,BUS003,2,3,16,0,0,23.0,3012.1,2.34,0,27.1,8.82
R27C,BUS004,1,4,22,0,0,18.7,2637.9,0.0,0,34.9,8.79
R26,BUS004,2,1,20,0,1,16.2,2146.2,5.19,0,70.1,9.67
R26,BUS002,1,1,10,0,1,10.0,1592.1,6.72,0,82.6,11.06
R27A,BUS005,3,3,14,0,0,16.8,1650.9,2.11,0,35.5,6.67
R27A,BUS001,3,2,16,0,0,10.0,1758.4,1.89,0,23.1,11.48
R27C,BUS001,1,5,18,1,0,25.6,2665.4,0.87,0,30.4,7.68
R26,BUS004,3,3,5,0,0,10.3,1734.7,1.43,0,50.1,10.19
R26,BUS005,3,0,11,0,0,27.0,1753.0,1.36,0,31.2,3.99
R45,BUS001,1,0,18,0,1,8.9,3109.5,6.08,0,63.0,23.2
R27A,BUS002,1,1,21,0,0,20.5,2051.1,1.31,0,14.4,7.1
R27C,BUS004,1,2,9,0,1,10.5,2587.1,4.49,0,47.4,16.87
R27C,BUS002,1,1,14,0,0,17.6,2326.5,0.99,0,31.0,8.61
R27C,BUS002,2,6,22,1,0,22.5,2798.8,2.31,0,51.7,8.38
R27A,BUS002,1,1,8,0,1,15.7,1823.4,4.88,0,69.9,9.15
R27C,BUS003,2,6,22,1,0,21.5,2268.1,2.73,0,46.1,7.41
R27C,BUS005,2,4,11,0,0,17.7,2286.7,1.11,0,32.2,7.68
R26,BUS004,3,5,16,1,0,35.0,1377.6,1.52,0,40.2,2.39
R57,BUS002,3,5,17,1,0,34.1,1934.2,1.99,1,46.7,4.91
R26,BUS002,1,5,21,1,0,26.0,1480.1,1.09,0,51.3,4.1
R45,BUS002,2,6,18,1,0,28.2,3254.8,1.72,0,31.0,7.18
R27A,BUS005,2,1,11,0,0,18.6,1303.2,1.05,0,32.2,5.38
R57,BUS001,2,0,6,0,0,14.0,1311.0,1.13,0,74.6,5.7
R26,BUS002,1,5,5,1,0,29.1,1836.2,2.22,0,65.9,4.62
R45,BUS004,1,2,11,0,0,25.0,2336.5,0.72,0,30.0,6.34
R57,BUS004,1,3,12,0,0,19.9,1526.1,1.59,0,12.4,4.9
R57,BUS001,1,3,19,0,1,16.7,1821.1,5.36,0,69.8,8.9
R26,BUS002,1,6,7,1,0,19.6,1721.5,0.37,0,50.0,5.62
R27A,BUS002,1,2,15,0,0,16.1,1819.3,1.83,1,27.9,8.72
R27C,BUS002,1,5,7,1,0,20.6,2958.4,0.62,0,41.8,9.4
R27C,BUS002,2,2,21,0,0,16.1,2062.3,0.51,0,63.9,8.28
R27A,BUS002,2,6,6,1,0,20.1,1414.9,2.78,1,38.8,6.79
R45,BUS001,1,5,5,1,0,21.1,2615.6,1.54,1,46.7,8.65
R27A,BUS005,1,2,15,0,0,19.9,1848.9,0.46,0,42.4,6.35
R45,BUS005,2,5,11,1,0,24.1,3060.1,3.07,0,9.1,9.1
R26,BUS002,3,1,22,0,0,19.0,1611.7,1.99,0,36.9,5.75
R45,BUS002,2,2,9,0,1,10.7,2958.2,4.86,0,59.1,19.36
R27C,BUS005,2,6,15,1,0,19.3,2724.7,1.88,0,23.4,9.63
R45,BUS002,2,2,16,0,0,21.1,2418.8,0.68,0,26.9,7.15
R45,BUS002,2,6,17,1,0,31.2,2968.5,1.31,0,29.8,6.38
R45,BUS004,1,0,10,0,1,7.7,2660.5,5.25,1,80.7,23.15
R27A,BUS001,1,0,15,0,0,26.3,1569.6,1.14,1,16.6,4.21
R45,BUS005,1,0,19,0,1,9.6,2123.2,5.59,1,82.0,16.01
R27C,BUS005,2,1,18,0,1,14.0,2374.3,5.23,1,63.4,12.54
R57,BUS003,2,3,7,0,0,16.6,1839.8,1.72,0,50.2,7.59
R26,BUS002,1,4,16,0,0,30.6,1672.9,2.01,1,75.0,4.35
R27C,BUS004,2,0,6,0,0,15.6,2581.5,0.33,0,39.5,10.06
R27C,BUS002,2,6,6,1,0,28.5,2352.1,1.58,1,55.5,4.94
R27C,BUS001,2,2,5,0,0,29.5,2399.2,2.23,0,34.5,6.12
R27A,BUS003,1,4,13,0,0,22.1,1605.2,2.12,0,37.6,5.63
R57,BUS005,1,4,20,0,1,13.0,1911.3,4.49,0,66.6,11.0
R26,BUS002,2,2,7,0,0,22.5,1988.2,1.33,1,5.0,7.8
R57,BUS003,2,1,8,0,1,11.0,1391.5,5.16,0,82.5,10.85
R27C,BUS002,1,2,7,0,0,17.1,2888.2,1.74,0,40.4,10.92
R45,BUS005,1,5,20,1,0,21.6,2604.2,2.93,2,31.9,10.83
R57,BUS004,1,3,11,0,0,23.5,1683.2,1.8,0,43.9,4.35
R26,BUS001,3,5,10,1,0,19.6,1337.1,0.62,2,41.6,5.65
R57,BUS003,2,1,8,0,1,5.6,1595.0,6.38,0,72.4,19.7
R27C,BUS004,2,1,8,0,1,10.8,3094.8,5.84,0,42.1,19.26
R27A,BUS005,1,3,9,0,1,18.8,1651.7,6.1,0,92.7,7.2
R57,BUS005,3,1,8,0,1,18.9,2124.2,4.34,0,67.4,8.7
R45,BUS002,1,3,7,0,0,22.1,2677.0,0.9,2,47.2,9.59
R27C,BUS004,1,1,22,0,0,28.3,2669.6,1.82,0,46.6,5.64
R27C,BUS005,1,1,21,0,0,16.3,2699.0,0.73,0,48.6,10.27
R27A,BUS001,1,4,19,0,1,11.8,1405.8,4.99,0,61.8,9.17
R27A,BUS003,3,3,7,0,0,21.2,1265.3,0.38,0,18.1,4.37
R27C,BUS005,2,5,6,1,0,17.7,2232.8,2.43,0,5.0,8.45
R27A,BUS003,1,4,12,0,0,10.8,1994.6,2.91,0,43.1,12.58
R45,BUS002,2,5,15,1,0,37.1,2303.8,1.34,1,15.0,5.42
R26,BUS003,1,1,8,0,1,7.8,1688.3,4.63,1,66.4,15.08
R57,BUS002,2,6,18,1,0,30.5,2231.0,0.37,0,40.8,5.62
R27C,BUS001,1,4,20,0,1,4.6,2422.3,4.61,0,64.7,33.38
R26,BUS001,3,3,11,0,0,18.5,1975.0,1.5,0,47.5,7.62
R45,BUS005,1,2,18,0,1,9.8,2291.8,4.03,0,72.2,16.95
R26,BUS002,3,6,17,1,0,30.8,1611.5,3.39,0,25.9,4.43
R45,BUS001,2,0,12,0,0,23.5,2703.9,0.38,0,52.2,7.45
R26,BUS003,2,4,6,0,0,25.3,1382.7,1.2,0,15.8,2.93
R26,BUS002,1,4,5,0,0,15.5,1612.9,2.24,0,30.2,6.81
R26,BUS003,1,4,21,0,0,23.6,1413.1,1.84,0,52.7,5.12
R26,BUS005,2,3,9,0,1,19.0,1872.5,4.53,0,31.2,7.24
R27A,BUS003,1,4,5,0,0,22.8,2314.5,2.23,0,36.7,7.69
R45,BUS004,1,1,7,0,0,18.3,3460.8,0.92,1,24.8,11.88
R26,BUS001,1,4,6,0,0,22.7,1471.5,1.06,0,38.8,4.43
R57,BUS005,1,3,21,0,0,13.6,1824.8,1.68,0,36.0,7.29
R45,BUS001,2,5,10,1,0,17.8,3040.1,0.81,0,19.5,10.26
R27C,BUS001,1,6,15,1,0,25.2,3061.7,0.03,1,46.9,7.81
R57,BUS005,1,4,14,0,0,13.1,1617.3,1.7,0,23.9,8.01
R57,BUS003,2,6,11,1,0,28.5,1907.9,1.7,0,51.2,4.9
R26,BUS004,2,5,19,1,0,24.9,1472.2,1.76,2,8.1,6.0
R45,BUS001,2,3,9,0,1,4.6,2554.0,4.99,0,65.9,35.18
R27A,BUS004,2,6,5,1,0,29.5,2112.2,0.47,1,32.6,4.16
R27A,BUS002,1,0,14,0,0,21.1,878.6,1.48,0,69.2,4.02
R27A,BUS003,3,2,12,0,0,18.6,1720.0,0.95,1,41.6,6.6
R57,BUS004,3,2,13,0,0,24.5,2129.9,1.39,0,54.1,5.9
R27A,BUS001,1,5,22,1,0,17.8,1805.9,1.48,0,41.9,6.18
R27C,BUS001,2,2,16,0,0,28.7,2554.6,1.88,0,11.1,5.73
R27A,BUS005,1,2,8,0,1,12.7,1280.4,4.06,0,71.6,6.15
R26,BUS001,2,6,17,1,0,24.6,1886.2,0.19,0,40.6,3.4
R26,BUS004,1,4,6,0,0,20.5,1769.3,2.18,0,29.4,6.33
R26,BUS004,3,4,16,0,0,25.5,1947.7,1.36,1,48.0,5.35
R27C,BUS005,2,5,17,1,0,25.9,2263.3,1.33,0,21.9,6.09
R26,BUS002,2,6,16,1,0,26.3,1352.8,1.33,0,44.2,3.34
R26,BUS002,2,1,14,0,0,11.8,2068.5,0.95,1,23.4,12.21
R57,BUS003,2,6,16,1,0,34.2,1543.7,0.86,0,50.6,3.57
R27C,BUS005,1,0,19,0,1,13.8,2848.1,5.2,1,61.7,16.04
R57,BUS005,2,0,17,0,1,17.8,1481.0,3.14,0,41.4,6.24
R27C,BUS001,1,2,14,0,0,23.1,2065.3,2.31,0,68.6,5.65
R27C,BUS002,1,1,9,0,1,9.9,2747.7,7.6,0,80.3,19.66
R27A,BUS004,1,0,10,0,1,15.2,1873.1,4.92,0,78.5,8.05
R27C,BUS002,2,6,11,1,0,17.9,2437.6,1.94,1,56.8,8.76
R45,BUS004,2,2,20,0,1,4.1,2842.5,4.77,0,38.3,43.56
R27A,BUS005,2,2,15,0,0,17.9,2005.9,3.15,0,40.1,7.97
R26,BUS001,1,5,17,1,0,28.5,1862.0,1.27,0,51.0,4.28
R27A,BUS005,2,1,6,0,0,13.1,1637.9,0.99,0,52.6,7.9
R27A,BUS005,1,6,13,1,0,23.3,2012.6,2.29,1,27.6,7.29
R57,BUS005,1,6,9,1,0,22.4,1343.5,3.43,0,54.0,4.28
R26,BUS005,3,5,14,1,0,25.1,1980.8,1.47,0,29.0,5.03
R27A,BUS005,3,0,17,0,1,15.9,1778.9,5.82,0,55.2,9.12
R57,BUS001,2,0,15,0,0,19.4,1360.6,0.9,1,36.2,4.47
R26,BUS001,2,1,22,0,0,19.6,1762.2,1.39,1,56.1,5.95
R27C,BUS003,2,4,5,0,0,21.1,1850.1,1.07,0,45.3,6.06
R27A,BUS004,1,4,12,0,0,22.8,1352.3,1.9,0,40.5,4.48
R57,BUS003,3,6,22,1,0,39.7,1837.5,1.78,0,5.0,3.35
R45,BUS005,1,3,20,0,1,14.5,3016.7,4.93,0,73.8,14.31
R27A,BUS003,3,0,16,0,0,26.5,1746.7,2.27,0,46.3,5.19
R27A,BUS003,3,6,14,1,0,30.0,1776.4,1.27,0,36.9,3.93
R45,BUS002,1,2,5,0,0,19.8,1903.1,1.04,1,43.5,6.64
R26,BUS005,3,4,22,0,0,28.6,1764.6,1.73,0,11.1,3.87
R27A,BUS002,2,6,6,1,0,26.2,1311.1,3.3,0,49.8,3.31
R27A,BUS004,2,1,8,0,1,23.4,1822.6,5.27,1,84.4,7.85
R27C,BUS002,1,5,8,1,0,30.1,2297.5,1.72,0,56.7,5.41
R26,BUS003,3,5,10,1,0,27.7,1441.7,0.66,0,5.0,2.58
R27A,BUS005,2,6,18,1,0,31.0,2005.5,1.28,0,48.3,4.5
R27A,BUS003,1,0,11,0,0,28.6,1636.5,1.84,0,18.5,5.02
R45,BUS002,1,0,11,0,0,18.7,2798.8,3.02,0,33.6,10.09
R57,BUS005,2,2,8,0,1,14.0,1975.6,4.95,0,76.2,10.59
R57,BUS003,2,1,5,0,0,17.3,1718.7,2.47,0,42.2,5.97
R27C,BUS004,1,4,18,0,1,9.0,2615.8,4.5,0,72.9,18.98
R27A,BUS004,3,0,7,0,0,25.5,1647.4,0.07,0,16.6,4.42
R45,BUS001,2,1,11,0,0,26.2,2323.4,2.27,0,12.5,6.17
R27A,BUS002,3,5,18,1,0,18.9,1445.8,1.44,1,15.0,5.33
R57,BUS001,2,6,14,1,0,27.2,1648.1,1.55,0,40.7,4.41
R45,BUS005,1,2,12,0,0,14.2,2920.2,1.94,0,40.4,13.04
R57,BUS005,2,2,19,0,1,11.4,1698.3,4.82,2,75.3,12.75
R45,BUS003,2,1,20,0,1,10.5,2894.9,7.0,0,68.3,19.61
R26,BUS003,3,1,10,0,1,10.5,1677.0,5.72,0,88.7,12.08
R26,BUS003,1,1,19,0,1,9.2,1248.7,4.31,0,46.6,9.73
R57,BUS002,2,6,17,1,0,22.0,1618.6,1.91,0,38.5,4.54
R27C,BUS004,2,3,11,0,0,22.6,2384.8,0.6,0,38.0,6.49
R45,BUS003,1,5,11,1,0,27.7,2952.2,1.69,0,21.9,6.94
R57,BUS004,1,5,6,1,0,18.7,1389.0,0.01,0,30.4,4.44
R27C,BUS003,2,5,10,1,0,17.1,2405.2,0.89,0,28.6,8.59
R45,BUS004,1,6,18,1,0,27.9,2005.8,2.0,0,41.8,5.38
R27C,BUS004,1,5,21,1,0,27.7,2530.9,1.72,0,32.5,6.35
R26,BUS005,3,4,18,0,1,10.1,1557.5,4.45,0,41.2,11.63
R27C,BUS004,2,6,20,1,0,15.8,3042.4,2.46,0,36.9,11.7
R26,BUS002,1,1,9,0,1,9.6,1987.1,5.88,0,56.6,14.82
R27C,BUS005,1,3,5,0,0,15.0,2153.4,1.04,0,31.8,9.01
R26,BUS003,3,0,11,0,0,17.0,1903.3,1.03,1,50.0,8.97
R27A,BUS002,2,0,18,0,1,16.5,2060.3,4.7,0,42.8,10.03
R57,BUS003,1,0,9,0,1,7.7,1478.1,5.19,0,71.5,13.44
R27A,BUS004,3,3,14,0,0,11.2,1868.7,1.75,0,33.4,11.04
R26,BUS003,1,0,19,0,1,14.4,1897.2,5.32,2,64.2,11.77
R57,BUS002,1,1,19,0,1,16.0,1525.8,4.9,0,37.2,6.66
R27A,BUS004,3,3,17,0,1,18.9,1758.3,5.91,0,42.2,7.98
R27A,BUS002,1,3,22,0,0,15.2,1434.6,1.67,0,14.9,6.44
R57,BUS004,1,1,11,0,0,20.9,1786.0,1.23,0,53.2,4.5
R26,BUS002,1,6,12,1,0,28.8,2206.5,1.02,0,61.6,5.35
R27C,BUS003,1,0,19,0,1,5.5,2476.4,5.98,0,78.0,29.95
R57,BUS005,2,0,15,0,0,15.6,1481.1,2.31,0,26.0,7.13
R27C,BUS005,2,3,9,0,1,19.7,2991.0,5.12,0,58.4,11.3
R27A,BUS002,2,1,5,0,0,26.9,1395.5,1.9,0,59.3,4.02
R27C,BUS002,2,1,8,0,1,18.8,2600.1,4.48,1,57.7,9.99
R26,BUS002,2,3,15,0,0,6.8,1749.1,1.72,0,49.0,16.61
R27A,BUS001,2,0,5,0,0,19.2,1679.7,1.65,0,24.5,6.47
R57,BUS002,1,3,9,0,1,14.4,1611.8,4.79,1,78.3,10.39
R26,BUS005,2,6,14,1,0,30.1,1516.0,0.62,0,39.7,3.38
R57,BUS004,2,2,19,0,1,7.0,2207.4,4.75,1,68.6,21.97
R26,BUS005,2,3,18,0,1,4.0,1999.7,6.15,1,65.7,34.29
R27A,BUS004,1,3,10,0,1,12.5,1706.9,5.45,1,59.4,10.54
R27C,BUS002,2,0,15,0,0,26.1,1955.6,2.59,0,24.5,5.45
R27C,BUS004,2,4,5,0,0,13.6,2970.0,2.94,0,34.4,14.2
R57,BUS001,1,2,20,0,1,5.9,1352.1,4.7,0,74.2,15.18
R27A,BUS002,1,4,20,0,1,6.5,1158.7,4.42,1,89.8,12.76
R45,BUS002,1,1,18,0,1,10.1,2373.4,4.53,1,73.0,16.56
R27C,BUS001,2,4,14,0,0,24.8,2679.0,1.27,1,47.1,7.43
R27C,BUS002,2,0,8,0,1,14.9,2733.8,4.82,0,61.1,12.99
R27A,BUS003,3,1,15,0,0,15.3,1655.1,0.35,0,27.6,6.39
R27A,BUS003,1,5,6,1,0,26.6,1772.8,2.1,2,46.9,7.23
R45,BUS005,2,2,22,0,0,19.8,2621.0,1.99,0,37.8,7.63
R57,BUS003,3,2,16,0,0,13.2,1239.7,0.86,1,25.1,7.2
R57,BUS001,3,0,15,0,0,18.1,1845.0,0.54,0,24.6,5.75
R27C,BUS004,2,3,21,0,0,18.3,2431.3,2.24,0,40.2,8.54
R45,BUS003,1,2,5,0,0,22.7,3029.1,1.36,0,30.2,9.7
R45,BUS005,2,4,21,0,0,25.6,2923.4,0.43,0,16.6,6.91
R26,BUS003,1,2,21,0,0,16.5,1955.7,2.62,0,30.6,8.42
R27C,BUS002,1,6,15,1,0,22.5,1867.0,2.25,1,14.8,5.71
R57,BUS004,3,2,17,0,1,15.4,1594.0,4.2,0,44.2,9.09
R45,BUS005,1,0,7,0,0,25.9,2852.1,2.06,0,36.3,7.14
R57,BUS002,3,0,7,0,0,29.3,1826.6,0.7,1,60.9,4.59
R27A,BUS002,1,2,21,0,0,15.6,1453.5,1.09,0,39.0,6.45
R26,BUS002,3,2,21,0,0,22.9,1694.4,1.2,0,46.5,4.55
R57,BUS002,3,6,16,1,0,23.7,1839.0,2.35,0,47.0,6.35
R27A,BUS003,3,6,16,1,0,30.0,1828.5,1.99,1,21.9,5.59
R45,BUS004,1,3,11,0,0,19.5,2646.6,2.54,0,44.7,9.35
R57,BUS005,1,3,12,0,0,16.3,1721.5,2.31,0,16.7,7.25
R27C,BUS002,1,2,6,0,0,17.6,2741.6,0.72,0,28.9,9.74
R26,BUS004,1,6,10,1,0,29.3,1838.6,2.91,0,26.4,5.47
R26,BUS002,2,6,7,1,0,34.6,1687.0,1.92,0,12.1,4.16
R26,BUS001,2,0,12,0,0,23.7,1395.2,1.49,0,32.5,4.35
R57,BUS004,2,4,5,0,0,21.0,1553.0,1.89,0,43.8,4.81
R27C,BUS002,1,1,12,0,0,17.3,2120.6,1.64,0,45.4,8.28
R45,BUS001,1,0,19,0,1,17.1,2225.9,5.64,0,68.8,9.88
R45,BUS005,1,1,7,0,0,14.6,2243.8,3.92,0,25.3,11.35
R45,BUS002,2,0,21,0,0,21.5,2384.9,0.91,2,46.3,9.11
R27A,BUS003,1,2,21,0,0,18.6,1330.2,2.23,0,24.3,4.78
R27A,BUS005,1,6,19,1,0,21.2,2196.7,0.0,0,17.9,6.46
R27C,BUS005,2,0,12,0,0,25.3,2846.6,0.0,0,17.1,7.09
R57,BUS002,2,6,14,1,0,21.8,1861.2,1.05,1,54.8,6.08
R27A,BUS004,2,4,7,0,0,19.6,1503.6,0.0,1,20.0,5.9
R45,BUS002,2,1,9,0,1,19.5,2742.5,4.65,1,67.6,11.31
R26,BUS003,1,0,9,0,1,12.1,1818.8,3.88,1,63.3,11.29
R27A,BUS001,1,5,7,1,0,28.2,1667.3,0.68,0,15.7,4.02
R45,BUS003,2,3,20,0,1,9.4,2550.8,5.68,0,62.9,18.89
R26,BUS002,2,4,8,0,1,8.9,1552.4,5.33,0,84.2,13.21
R57,BUS002,3,6,22,1,0,24.5,2025.5,2.41,0,55.7,5.33
R45,BUS005,2,6,18,1,0,26.1,2572.6,1.49,2,25.9,8.87
R27C,BUS005,1,6,19,1,0,26.6,2247.6,1.42,0,48.7,5.67
R26,BUS005,3,2,9,0,1,8.0,1685.6,5.13,1,64.8,15.81
R57,BUS002,1,3,15,0,0,14.9,1701.2,0.24,0,62.9,7.93
R27C,BUS004,2,0,12,0,0,12.5,2676.0,2.56,1,42.3,14.16
R57,BUS003,2,3,12,0,0,18.6,1600.4,0.66,0,34.0,4.31
R27C,BUS002,2,4,21,0,0,30.4,2058.0,0.87,1,31.1,5.94
R57,BUS002,3,2,7,0,0,21.5,1876.6,1.55,1,42.2,5.94
R27C,BUS005,1,5,10,1,0,31.6,2318.4,3.15,0,5.0,5.48
R26,BUS005,1,4,8,0,1,13.3,1989.9,4.31,0,43.7,11.43
R27C,BUS003,1,6,12,1,0,30.1,3100.5,1.37,0,72.0,5.99
R57,BUS004,2,3,20,0,1,19.6,1812.0,4.38,0,86.5,8.13
R27A,BUS002,3,6,14,1,0,29.6,1657.0,1.28,0,30.2,3.87
R57,BUS001,2,3,8,0,1,11.3,1931.4,6.49,0,56.0,11.87
R27C,BUS003,1,6,15,1,0,31.3,2097.1,1.86,0,44.2,4.82
R26,BUS002,1,1,14,0,0,14.8,1812.8,2.46,0,43.5,7.47
R27C,BUS003,1,5,14,1,0,33.5,2868.2,2.06,0,39.3,6.11
R45,BUS002,2,6,13,1,0,27.5,2453.3,2.33,1,32.6,6.38
R45,BUS005,2,6,11,1,0,27.7,2586.9,0.54,0,17.6,5.6
R45,BUS004,1,3,10,0,1,23.7,3252.4,5.97,2,78.2,12.03
R27A,BUS002,1,0,7,0,0,29.4,1363.1,1.21,1,60.0,4.48
R27A,BUS001,1,0,22,0,0,21.1,1831.3,1.91,1,38.6,6.41
R57,BUS003,1,3,17,0,1,18.4,1659.2,6.11,0,37.9,6.77
R27C,BUS001,1,3,9,0,1,11.6,2438.0,5.31,1,33.8,15.28
R26,BUS001,2,2,18,0,1,11.1,1938.1,4.7,0,74.4,11.56
R27A,BUS005,3,1,20,0,1,10.1,2232.1,3.78,0,42.4,15.2
R57,BUS003,2,2,21,0,0,29.3,1161.8,1.19,0,40.6,3.12
R26,BUS001,2,1,18,0,1,16.9,1460.2,5.71,0,45.4,7.92
R57,BUS005,1,4,7,0,0,15.9,1588.7,1.51,0,66.9,6.92
R27C,BUS002,2,6,15,1,0,20.1,2613.0,0.55,1,41.8,9.89
R27A,BUS005,1,1,14,0,0,16.5,1802.1,1.95,0,33.1,7.94
R45,BUS002,2,1,20,0,1,14.9,2883.9,6.0,0,67.0,14.09
R26,BUS005,1,6,21,1,0,34.4,1678.3,0.47,0,43.6,3.93
R27C,BUS004,1,1,13,0,0,22.2,2551.9,3.3,0,15.3,7.87
R45,BUS003,1,3,14,0,0,19.9,2749.7,2.69,0,36.2,8.52
R27A,BUS003,1,0,10,0,1,15.8,1914.2,3.27,1,74.2,10.04
R27A,BUS004,3,1,19,0,1,16.9,1592.4,4.29,0,61.8,6.77
R26,BUS002,1,2,8,0,1,14.5,1560.3,4.57,0,58.4,8.14
R27C,BUS002,1,4,5,0,0,14.3,2547.4,2.5,0,45.5,11.53
R27C,BUS002,2,0,15,0,0,13.5,2520.7,1.07,0,22.1,11.55
R27C,BUS004,2,3,18,0,1,20.2,3248.2,5.18,0,58.4,11.22
R57,BUS002,3,2,13,0,0,14.8,1997.3,1.64,0,10.4,8.03
R45,BUS005,1,3,21,0,0,20.2,2211.7,1.4,0,36.9,7.12
R26,BUS002,3,0,7,0,0,17.5,1703.6,1.52,1,19.4,6.61
R26,BUS005,1,5,8,1,0,20.9,1616.0,2.56,0,42.9,5.9
R57,BUS004,3,0,5,0,0,26.2,1390.5,1.0,0,32.1,2.94
R45,BUS005,2,6,5,1,0,18.2,2250.1,1.29,0,61.4,8.75
R57,BUS003,2,1,7,0,0,10.5,1732.3,0.52,0,41.1,9.36
R26,BUS002,3,0,17,0,1,16.2,1602.5,3.91,0,55.9,7.42
R57,BUS003,2,5,18,1,0,26.9,1914.1,2.53,0,34.9,4.97
R45,BUS002,1,4,11,0,0,14.7,2878.2,2.54,1,33.4,13.42
R57,BUS003,2,0,7,0,0,16.6,1633.0,2.6,0,50.8,7.33
R45,BUS004,2,1,11,0,0,15.6,3044.1,2.09,0,25.8,11.4
R57,BUS001,1,3,9,0,1,11.5,1964.7,3.51,0,70.9,12.13
R27A,BUS002,3,3,9,0,1,10.4,1585.2,6.05,0,83.6,10.95
R45,BUS005,2,2,16,0,0,20.5,2361.7,0.58,0,26.8,6.65
R45,BUS002,1,1,5,0,0,15.1,2485.9,1.4,1,21.0,11.05
R27A,BUS005,1,5,5,1,0,24.1,1540.5,1.14,0,31.3,4.05
R45,BUS002,1,0,22,0,0,20.1,2060.1,1.24,0,26.5,6.27
R45,BUS002,1,4,18,0,1,15.2,2292.9,5.79,0,84.8,11.12
R45,BUS004,2,5,13,1,0,24.0,3163.7,1.42,0,41.8,9.23
R27A,BUS005,1,6,22,1,0,25.2,1744.0,1.0,0,27.0,5.24
R57,BUS004,2,5,15,1,0,23.0,1820.6,1.5,0,53.6,5.58
R27A,BUS001,3,6,13,1,0,23.6,1618.6,1.73,0,44.9,4.51
R57,BUS002,2,4,11,0,0,24.7,1557.8,2.12,0,26.2,5.02
R27C,BUS005,2,0,20,0,1,11.6,2191.0,5.45,0,77.5,13.68
R27A,BUS001,3,5,16,1,0,20.1,1448.1,0.81,1,28.7,4.87
R45,BUS003,2,0,6,0,0,26.4,2079.3,1.43,0,5.0,5.65
R27A,BUS001,1,6,11,1,0,31.0,1747.4,0.0,0,27.8,2.71
R45,BUS005,2,5,7,1,0,31.4,2204.1,0.36,0,29.0,5.19
R45,BUS004,2,5,10,1,0,27.0,2897.8,0.67,1,49.7,8.96
R45,BUS003,1,2,21,0,0,23.8,2994.2,1.13,1,40.5,8.87
R27A,BUS001,1,4,13,0,0,24.4,1722.7,0.51,0,23.9,3.6
R57,BUS002,1,6,14,1,0,17.5,1631.1,0.0,0,21.5,5.31
R27A,BUS005,2,5,17,1,0,28.6,1845.1,0.6,1,15.5,4.49
R26,BUS002,3,1,21,0,0,15.9,1623.4,1.21,2,46.4,7.57
R57,BUS002,3,5,8,1,0,21.2,1275.7,0.37,0,67.9,4.25
R27C,BUS004,2,3,22,0,0,18.7,2463.4,2.1,0,34.0,8.39
R27A,BUS003,2,5,13,1,0,25.8,1937.2,1.21,0,43.4,3.95
R57,BUS002,2,6,16,1,0,20.5,1958.4,0.98,0,29.2,6.32
R45,BUS005,1,3,18,0,1,12.5,2851.8,6.13,0,69.8,16.73
R45,BUS005,2,2,15,0,0,23.0,2477.7,1.47,1,32.7,7.96
R57,BUS002,2,1,8,0,1,16.5,1870.0,5.4,0,76.2,8.8
R45,BUS005,2,1,8,0,1,11.3,2719.9,4.35,0,75.3,16.43
R27C,BUS003,2,2,18,0,1,12.6,2705.3,5.55,0,44.8,15.46
R27C,BUS003,2,6,16,1,0,23.6,2389.9,1.74,0,18.4,6.86
R26,BUS005,2,3,20,0,1,13.7,1831.5,3.34,1,51.2,10.43
R57,BUS005,1,4,7,0,0,22.5,1630.7,1.43,0,26.2,3.82
R26,BUS005,2,1,21,0,0,22.2,1290.6,2.65,0,39.2,4.64
R27A,BUS004,2,2,16,0,0,20.0,1562.3,0.0,1,36.4,6.2
R45,BUS004,2,4,19,0,1,13.9,2601.1,5.08,0,66.6,13.01
R26,BUS005,2,2,14,0,0,25.8,1722.5,1.11,0,52.2,6.06
R45,BUS004,1,0,6,0,0,18.4,2138.3,1.61,2,22.3,10.78
R27C,BUS001,2,1,20,0,1,18.8,2160.6,4.79,0,74.7,9.07
R45,BUS002,1,6,16,1,0,24.8,2945.1,0.35,0,34.0,7.09
R57,BUS003,3,3,5,0,0,16.8,1670.5,0.91,0,70.3,7.01
R45,BUS003,2,0,14,0,0,25.7,2771.8,1.78,0,54.9,7.2
R57,BUS002,1,0,15,0,0,25.6,1596.0,1.89,0,47.6,3.73
R45,BUS001,2,1,6,0,0,17.4,2813.9,2.1,0,15.7,11.35
R27A,BUS002,3,1,5,0,0,26.9,1540.5,1.28,0,36.3,3.73
R27A,BUS005,2,0,10,0,1,16.7,1961.3,4.83,1,77.4,9.94
R27C,BUS005,2,4,9,0,1,10.1,2597.8,6.16,0,57.8,19.24
R27A,BUS003,1,3,8,0,1,13.0,1868.8,4.95,1,68.6,11.7
R27C,BUS002,2,2,16,0,0,30.2,2532.3,1.2,1,55.8,6.22
R27A,BUS001,1,4,5,0,0,20.4,2164.1,1.18,0,32.4,7.62
R26,BUS005,1,5,6,1,0,22.2,1976.1,0.0,0,38.7,4.83
R45,BUS002,2,3,7,0,0,21.7,3215.6,1.52,0,29.8,8.88
R57,BUS004,2,1,8,0,1,14.4,2031.6,4.61,0,101.1,10.56
R26,BUS004,3,6,7,1,0,27.1,1526.9,0.78,1,11.4,4.36
R45,BUS003,2,1,15,0,0,13.9,2882.8,1.17,0,52.0,12.22
R57,BUS001,3,6,7,1,0,30.1,1745.1,1.85,1,18.3,5.36
R45,BUS001,2,1,18,0,1,17.9,2538.8,4.89,0,58.1,10.33
R26,BUS002,1,0,16,0,0,26.2,1818.1,1.81,1,18.5,5.35
R27A,BUS004,3,6,17,1,0,26.4,1716.7,1.86,0,57.4,4.3
R26,BUS002,3,5,17,1,0,30.4,2004.1,2.34,1,46.4,6.2
R27C,BUS005,2,4,10,0,1,17.0,2403.9,5.05,0,41.4,10.5
R45,BUS001,1,5,21,1,0,38.8,2749.4,1.83,1,23.9,4.94
R26,BUS002,1,4,19,0,1,11.2,1473.7,3.85,1,54.3,10.56
R27C,BUS004,2,4,19,0,1,10.9,2898.0,4.53,0,69.6,17.8
R27A,BUS004,2,4,18,0,1,20.0,1804.8,5.49,0,62.0,8.22
R27C,BUS003,1,1,11,0,0,20.8,2671.2,2.17,1,7.6,8.99
R27C,BUS004,2,0,18,0,1,10.0,2735.6,5.66,0,56.8,18.63
R27A,BUS003,2,3,7,0,0,18.9,1661.0,2.13,0,32.6,6.05
R45,BUS001,1,3,18,0,1,17.1,2735.8,5.07,0,75.6,10.63
R57,BUS004,2,0,9,0,1,10.6,1455.0,4.86,0,48.0,9.89
R27C,BUS002,1,4,20,0,1,7.1,2469.8,6.83,0,70.0,23.38
R26,BUS004,1,6,7,1,0,33.6,1812.8,0.5,0,43.2,2.59
R27C,BUS002,1,3,22,0,0,20.7,2338.3,1.58,1,19.4,8.2
R57,BUS002,2,3,17,0,1,9.9,1647.7,5.75,0,98.5,12.03
R26,BUS002,3,6,19,1,0,24.5,1852.9,2.12,1,20.3,6.31
R57,BUS002,3,6,17,1,0,19.1,2012.7,1.43,0,67.8,6.59
R57,BUS002,3,0,16,0,0,20.3,1475.7,1.34,0,53.1,4.83
R27C,BUS001,2,5,19,1,0,36.4,2046.5,2.65,1,41.4,4.34
R27C,BUS002,1,5,21,1,0,35.7,1843.4,0.71,0,24.3,3.69
R27C,BUS001,2,3,6,0,0,21.1,1929.8,0.0,0,20.1,5.95
R26,BUS003,3,5,20,1,0,31.3,1605.9,1.92,0,31.5,3.6
R27C,BUS005,1,6,16,1,0,20.5,3125.1,2.07,0,25.4,11.07
R27C,BUS004,1,5,19,1,0,30.0,2517.1,1.04,0,24.2,5.41
R26,BUS004,2,6,18,1,0,29.8,2009.2,2.37,1,57.6,5.51
R45,BUS002,2,4,18,0,1,8.4,2492.9,4.2,0,71.3,20.21
R26,BUS001,2,2,13,0,0,14.7,2043.7,2.05,0,5.0,8.79
R27A,BUS001,2,0,22,0,0,26.6,1718.1,1.53,1,19.9,5.81
R27A,BUS003,1,5,8,1,0,21.8,1732.4,0.0,0,5.0,4.94
R26,BUS001,2,2,18,0,1,10.8,1968.8,4.05,0,68.7,12.51
R45,BUS003,2,3,7,0,0,21.4,2009.6,1.65,0,5.0,6.2
R57,BUS005,1,2,9,0,1,14.6,1953.8,6.84,0,82.4,10.87
R45,BUS002,1,0,6,0,0,22.6,2185.2,1.27,0,51.3,5.98
R27C,BUS004,1,4,20,0,1,9.7,2898.9,4.81,0,70.7,19.22
R57,BUS001,2,0,10,0,1,12.5,1617.0,5.16,0,50.9,10.3
R26,BUS004,3,2,13,0,0,21.7,1776.4,0.17,0,15.5,5.45
R57,BUS004,1,5,16,1,0,32.4,1895.5,1.47,0,58.4,4.35
R26,BUS004,1,5,19,1,0,26.4,1685.4,1.97,0,35.9,4.23
R27C,BUS002,2,5,17,1,0,31.2,2691.5,0.0,1,29.7,5.38
R27A,BUS004,1,0,17,0,1,19.7,1452.6,2.93,1,58.4,7.08
R57,BUS005,3,6,10,1,0,16.9,2231.3,1.3,0,48.1,9.49
R27A,BUS005,2,3,9,0,1,10.5,1909.6,4.19,0,59.5,12.82
R26,BUS001,1,1,9,0,1,14.5,1549.4,4.9,0,89.1,7.42
R27A,BUS002,3,2,14,0,0,23.3,1850.6,1.13,0,27.0,5.89
R27C,BUS003,1,5,14,1,0,22.0,2372.0,0.9,0,37.4,6.44
R26,BUS005,3,1,19,0,1,8.2,1877.3,5.3,1,46.6,16.11
R45,BUS001,2,5,11,1,0,22.4,1990.9,2.35,0,23.8,6.46
R57,BUS004,3,2,18,0,1,11.9,1796.1,4.38,0,65.6,10.27
R57,BUS004,2,2,16,0,0,18.9,2148.8,1.6,0,45.6,8.26
R26,BUS001,2,0,10,0,1,13.5,1763.2,6.1,0,56.3,11.54
R26,BUS005,3,2,12,0,0,20.3,2025.9,2.17,1,12.8,7.47
R26,BUS005,3,3,21,0,0,23.1,1615.7,0.26,2,39.9,6.07
R57,BUS002,2,4,10,0,1,9.2,1378.4,4.46,0,64.3,10.99
R26,BUS004,1,6,11,1,0,24.7,1548.8,0.84,0,13.1,3.37
R45,BUS004,2,5,5,1,0,32.9,2725.6,1.65,2,20.1,8.08
R26,BUS004,1,5,19,1,0,20.2,1494.4,1.54,0,23.5,4.8
R57,BUS002,3,6,22,1,0,18.2,2153.4,2.01,0,13.0,7.29
R57,BUS004,2,2,20,0,1,19.4,1894.8,5.38,0,50.1,7.64
R57,BUS005,3,5,8,1,0,19.2,1511.7,1.15,0,51.4,5.48
R27C,BUS005,1,1,22,0,0,24.3,2225.5,2.65,1,55.1,7.96
R27A,BUS003,2,6,5,1,0,35.8,1244.0,2.46,0,5.0,3.34
R45,BUS001,2,6,12,1,0,22.6,2710.1,0.51,0,28.0,8.0
R45,BUS002,1,6,11,1,0,35.2,2188.3,2.44,0,39.1,4.47
R45,BUS004,2,0,11,0,0,21.2,2961.1,1.07,0,33.7,9.82
R27C,BUS004,1,2,22,0,0,25.9,2789.1,2.12,0,51.6,8.04
R27A,BUS002,1,4,15,0,0,19.4,1818.8,0.2,0,39.8,5.28
R57,BUS001,1,5,20,1,0,29.7,1691.8,0.01,1,35.7,4.54
R45,BUS004,2,6,15,1,0,25.7,2052.2,1.3,0,47.7,6.63
R45,BUS003,1,4,15,0,0,16.1,2448.8,0.73,0,45.2,8.87
R45,BUS001,1,5,5,1,0,28.2,3132.1,1.81,0,48.9,6.46
R27A,BUS002,3,5,18,1,0,26.7,1514.2,2.34,0,77.2,4.31
R27C,BUS002,2,2,21,0,0,17.2,2417.9,1.24,1,48.0,9.66
R45,BUS001,1,4,6,0,0,16.2,2327.5,0.84,1,21.8,9.99
R26,BUS004,2,0,11,0,0,23.2,1366.2,1.33,1,41.0,5.31
R27A,BUS001,2,0,17,0,1,17.3,1595.8,4.89,0,52.2,7.48
R57,BUS002,2,3,5,0,0,16.4,1207.0,1.01,0,33.1,4.34
R27A,BUS003,3,5,11,1,0,33.1,1494.0,1.04,1,40.5,4.05
R45,BUS005,2,6,13,1,0,30.2,2454.5,1.55,1,25.1,6.38
R27C,BUS004,1,1,10,0,1,16.1,2120.7,5.87,0,73.6,10.13
R27C,BUS003,1,2,10,0,1,11.1,1907.4,6.19,1,67.0,13.63
R26,BUS004,1,0,19,0,1,13.9,1686.2,5.22,0,47.0,8.07
R27C,BUS002,1,2,18,0,1,12.4,2132.7,5.36,0,45.0,12.25
R26,BUS005,3,1,11,0,0,23.9,1413.5,1.96,0,13.6,3.39
R45,BUS002,2,5,21,1,0,29.2,2347.4,0.8,0,56.9,5.22
R45,BUS003,1,3,5,0,0,13.0,2414.4,0.89,2,14.9,13.37
R57,BUS002,3,4,15,0,0,26.6,1546.1,1.26,1,34.4,5.25
R27A,BUS002,3,2,17,0,1,10.3,1699.7,4.71,0,69.4,12.23
R57,BUS001,1,3,12,0,0,23.2,1668.8,1.23,0,28.7,4.72
R57,BUS004,3,2,19,0,1,20.6,1800.1,4.29,0,78.7,5.96
R27C,BUS004,2,3,18,0,1,11.3,1849.4,4.75,0,44.5,11.98
R57,BUS004,1,1,5,0,0,16.3,1888.1,2.65,0,11.0,7.98
R26,BUS004,2,5,9,1,0,26.5,1783.7,0.98,1,24.0,4.59
R57,BUS002,2,0,18,0,1,11.9,1843.7,4.75,0,74.8,11.27
R27A,BUS001,2,0,15,0,0,24.3,1674.7,1.36,1,31.9,5.62
R26,BUS004,1,6,6,1,0,30.1,1532.3,1.25,0,30.8,3.05
R26,BUS001,1,5,11,1,0,28.1,1824.8,1.29,0,64.3,4.54
R27A,BUS003,3,2,10,0,1,4.6,1610.2,6.27,1,49.9,24.26
R57,BUS004,1,0,19,0,1,16.9,1532.5,4.36,0,71.7,7.78
R57,BUS002,2,4,22,0,0,22.4,1193.3,1.73,0,40.4,4.33
R27C,BUS001,1,1,18,0,1,14.9,2008.6,5.89,0,54.5,10.64
R57,BUS003,3,0,21,0,0,27.7,1395.5,1.54,2,20.6,5.99
R45,BUS002,1,2,16,0,0,16.9,2117.2,2.36,0,29.6,8.73
R27A,BUS001,1,3,14,0,0,18.5,1585.0,1.82,2,12.0,8.84
R27A,BUS002,2,5,11,1,0,19.1,1562.4,1.67,1,35.1,6.28
R27A,BUS004,1,6,21,1,0,22.4,2062.2,0.78,0,5.3,6.22
R27A,BUS002,1,6,5,1,0,26.1,1483.3,2.31,0,42.1,4.11
R27A,BUS002,3,6,22,1,0,19.4,1689.1,1.41,0,48.4,6.5
R57,BUS001,2,5,22,1,0,35.9,1763.8,2.1,1,28.6,5.54
R57,BUS003,2,6,9,1,0,13.5,1683.5,2.02,1,50.6,8.43
R26,BUS003,3,0,20,0,1,5.7,2094.1,4.64,0,63.5,23.1
R26,BUS004,1,1,5,0,0,15.5,1708.2,3.79,1,44.3,9.32
R26,BUS005,1,3,15,0,0,11.6,1753.1,2.26,2,31.9,11.99
R26,BUS004,3,1,5,0,0,15.6,1959.8,0.98,0,36.1,7.73
R45,BUS003,1,4,7,0,0,5.4,2598.9,2.19,0,26.3,29.43
R45,BUS002,2,6,19,1,0,24.2,2879.9,1.26,0,31.0,8.08
R26,BUS004,3,4,17,0,1,8.6,1813.1,6.04,0,49.8,15.3
R27C,BUS002,1,2,6,0,0,24.2,2721.6,2.43,0,5.0,7.33
R27C,BUS003,1,1,15,0,0,16.1,2827.6,0.27,0,50.4,10.86
R27A,BUS003,3,4,12,0,0,22.0,1449.7,2.53,1,40.5,5.04
R27C,BUS002,2,6,10,1,0,18.5,2823.9,0.3,1,43.7,10.98
R26,BUS001,3,2,16,0,0,17.5,2270.7,0.52,0,18.4,8.05
R27A,BUS002,2,3,15,0,0,22.0,1954.8,2.07,0,47.8,5.46
R27C,BUS005,1,3,11,0,0,16.4,1954.0,1.0,0,51.6,7.52
R27C,BUS001,1,4,13,0,0,28.9,2528.4,1.69,2,22.0,9.03
R26,BUS005,1,1,21,0,0,12.6,1422.9,1.99,0,5.0,7.74
R57,BUS004,1,4,8,0,1,11.1,1905.1,5.36,1,84.7,13.36
R45,BUS002,1,1,21,0,0,18.6,2532.8,0.4,1,32.7,9.95
R26,BUS003,2,4,15,0,0,20.3,1740.5,1.21,0,54.0,5.34
R27C,BUS003,1,2,8,0,1,16.7,2187.5,5.68,0,78.8,9.74
R26,BUS005,2,2,21,0,0,19.3,1507.7,2.09,0,40.6,5.7
R27C,BUS003,1,0,19,0,1,9.0,2084.3,5.71,1,48.4,16.64
R27C,BUS003,1,1,5,0,0,21.2,2849.0,2.02,1,48.8,9.97
R27A,BUS002,1,4,21,0,0,16.0,1111.8,2.22,0,39.4,4.97
R45,BUS003,1,2,12,0,0,14.2,2601.1,2.34,1,47.6,12.67
R27C,BUS005,2,5,10,1,0,29.5,2607.3,1.17,0,15.1,4.99
R27A,BUS005,3,0,18,0,1,13.9,1733.8,4.06,1,61.5,8.97
R27C,BUS003,2,4,21,0,0,17.3,2360.5,1.44,1,32.7,9.55
R45,BUS002,1,2,14,0,0,16.4,2473.8,2.62,0,46.7,11.15
R45,BUS003,1,3,9,0,1,15.3,2403.8,3.67,2,52.3,12.18
R27C,BUS001,2,6,14,1,0,21.7,2927.1,0.99,0,31.1,10.1
R45,BUS001,2,3,15,0,0,12.0,2583.6,1.68,0,33.8,13.43
R27C,BUS005,1,5,8,1,0,26.0,2155.1,1.25,0,25.4,5.78
R26,BUS002,2,3,14,0,0,18.8,1940.7,1.6,0,11.2,6.67
R57,BUS001,3,5,9,1,0,36.5,1846.5,2.42,0,41.7,2.67
R45,BUS001,2,5,7,1,0,24.4,2236.2,0.74,1,21.8,5.7
R45,BUS002,2,4,5,0,0,15.4,3477.5,2.16,1,58.3,15.01
R27A,BUS003,1,4,5,0,0,16.3,1795.9,3.22,0,61.1,8.6
R27A,BUS004,1,4,12,0,0,22.6,1781.3,1.84,1,21.8,6.53
R57,BUS004,2,6,10,1,0,16.0,1781.8,1.32,0,29.9,6.63
R26,BUS003,3,5,15,1,0,35.7,1649.3,2.5,2,59.2,6.02
R45,BUS005,2,4,17,0,1,8.9,2048.4,5.12,0,78.5,16.49
R57,BUS003,2,5,17,1,0,21.2,1390.3,2.88,2,36.4,7.05
R57,BUS003,3,4,15,0,0,24.2,1782.2,1.23,0,30.6,4.79
R26,BUS003,1,2,12,0,0,23.1,1514.5,1.13,0,49.3,5.02
R57,BUS003,3,6,12,1,0,27.4,1680.2,1.56,1,50.4,4.97
R45,BUS004,1,1,13,0,0,17.3,2777.0,1.55,0,51.1,10.59
R27A,BUS003,1,0,12,0,0,19.1,1540.3,0.23,0,52.0,5.39
R26,BUS001,1,4,6,0,0,20.6,1825.7,1.62,0,48.0,6.18
R27A,BUS003,2,6,21,1,0,24.1,1367.8,1.11,0,25.1,4.36
R27C,BUS003,1,3,18,0,1,4.0,2072.8,3.02,0,50.5,32.59
R26,BUS004,2,6,15,1,0,16.9,1859.1,1.33,0,29.5,8.35
R27C,BUS004,2,3,8,0,1,13.8,2853.4,5.15,0,67.4,15.25
R26,BUS004,3,0,9,0,1,9.1,1271.2,6.54,0,54.3,11.27
R27A,BUS002,1,6,11,1,0,26.9,1739.8,1.78,0,15.7,4.97
R57,BUS003,3,1,9,0,1,14.5,1848.3,6.58,1,51.4,10.96
R26,BUS005,1,0,15,0,0,18.6,2107.6,1.05,0,32.9,6.64
R26,BUS001,2,4,17,0,1,13.2,2199.3,4.02,1,43.4,11.28
R27A,BUS002,3,4,21,0,0,13.5,1757.8,2.97,0,13.3,10.05
R27C,BUS001,2,6,13,1,0,24.0,2331.7,1.02,0,43.5,5.47
R45,BUS002,2,6,16,1,0,20.5,2613.9,0.74,1,43.7,8.36
R45,BUS003,1,6,19,1,0,23.0,2505.6,1.63,0,16.2,6.92
R27C,BUS005,2,4,19,0,1,14.8,2525.8,4.42,1,55.4,11.93
R26,BUS003,3,4,6,0,0,14.6,1931.7,1.41,0,27.1,8.61
R45,BUS004,2,0,19,0,1,10.6,2242.1,5.82,0,72.3,14.65
R27A,BUS003,2,3,12,0,0,12.3,1626.6,2.08,2,43.5,9.72
R27C,BUS001,2,5,6,1,0,30.2,1912.6,1.59,0,43.9,4.21
R45,BUS005,1,1,5,0,0,17.9,2524.6,2.5,0,23.6,9.49
R45,BUS005,2,1,17,0,1,20.0,2969.2,4.48,1,57.1,12.03
R45,BUS005,2,4,20,0,1,15.5,2540.1,4.39,0,47.5,11.35
R26,BUS002,1,2,11,0,0,21.6,1755.5,1.79,0,5.0,4.73
R27C,BUS001,2,2,6,0,0,16.9,2350.8,2.46,2,29.5,11.62
R26,BUS002,3,1,9,0,1,18.9,1638.8,6.5,0,75.5,8.54
R27A,BUS005,3,5,7,1,0,15.3,1882.4,1.51,0,23.9,8.93
R26,BUS004,1,0,5,0,0,9.3,1990.3,0.66,0,38.7,13.68
R45,BUS005,1,5,9,1,0,27.1,2729.2,1.12,0,45.0,6.18
R45,BUS005,2,0,22,0,0,17.9,2267.4,1.68,0,39.3,8.53
R45,BUS001,2,3,17,0,1,12.4,2817.5,6.5,0,52.1,16.5
R45,BUS004,1,2,6,0,0,9.3,2651.5,1.99,0,24.4,18.75
R45,BUS002,2,4,14,0,0,19.0,2318.2,0.75,0,39.9,7.3
R26,BUS001,3,4,9,0,1,18.8,1779.9,3.48,0,99.8,6.51
R27A,BUS003,2,6,8,1,0,27.3,1533.0,0.55,1,39.2,2.95
R27C,BUS004,1,0,6,0,0,32.1,2573.5,1.5,0,25.0,5.98
R27C,BUS001,2,3,9,0,1,16.8,2476.8,4.67,0,68.9,11.74
R26,BUS001,3,2,18,0,1,10.7,1635.8,5.22,0,54.7,10.5
R57,BUS002,3,6,8,1,0,18.6,1498.2,1.07,0,48.1,5.46
R27A,BUS002,1,0,12,0,0,14.8,1577.5,0.87,1,45.2,7.75
R26,BUS005,1,3,12,0,0,23.1,1589.5,2.57,1,44.6,5.68
R27C,BUS002,2,6,17,1,0,33.1,2581.7,2.73,1,48.4,7.18
R27A,BUS003,3,4,14,0,0,18.8,1707.1,1.6,0,65.9,5.88
R26,BUS005,1,3,15,0,0,14.1,1800.6,2.24,0,36.8,8.34
R27A,BUS005,2,1,7,0,0,23.9,2013.8,1.81,0,26.4,6.33
R27C,BUS005,2,3,14,0,0,17.9,2710.2,2.82,0,43.8,10.0
R27A,BUS002,3,2,21,0,0,24.7,2130.2,2.03,1,24.9,6.33
R26,BUS004,3,2,6,0,0,14.9,1835.8,2.11,0,15.2,8.27
R57,BUS001,2,5,6,1,0,26.9,2074.1,0.84,0,38.3,5.12
R27C,BUS004,1,6,10,1,0,30.2,2679.4,1.18,0,28.5,5.69
R27C,BUS004,2,5,5,1,0,29.0,2305.9,1.34,0,22.2,5.01
R27A,BUS004,2,4,19,0,1,12.5,1912.6,4.96,0,63.5,11.31
R57,BUS002,2,5,8,1,0,28.8,1799.6,0.98,0,47.6,3.29
R57,BUS002,1,1,21,0,0,18.1,1946.3,1.69,0,26.5,5.82
R45,BUS001,2,2,21,0,0,11.0,2580.8,1.08,0,36.3,14.41
R57,BUS001,2,5,5,1,0,26.4,2053.1,0.09,0,52.9,4.89
R27A,BUS001,1,6,15,1,0,28.2,976.4,1.04,0,29.7,2.82
R27C,BUS004,2,0,16,0,0,30.9,2323.7,1.89,1,33.5,5.95
R27C,BUS001,1,6,13,1,0,24.7,2038.8,1.18,0,67.8,5.51
R57,BUS005,1,6,6,1,0,27.9,1484.5,2.04,0,40.1,3.25
R57,BUS002,2,4,22,0,0,19.1,1513.8,0.18,0,51.2,5.16
R26,BUS001,1,3,8,0,1,13.2,2103.7,4.59,0,53.2,11.42
R57,BUS005,3,6,14,1,0,25.4,1373.4,1.76,0,39.8,3.71
R26,BUS001,3,5,9,1,0,19.4,1857.3,0.31,0,70.3,6.68
R26,BUS003,2,4,21,0,0,22.9,2032.5,1.47,0,40.9,6.88
R27A,BUS002,2,0,5,0,0,20.0,1503.9,0.37,0,5.2,4.89
R26,BUS003,3,3,8,0,1,16.4,1706.5,4.68,0,69.1,7.63
R27C,BUS005,2,5,16,1,0,20.6,2254.2,1.45,0,37.1,7.11
R26,BUS004,2,0,16,0,0,28.0,1464.6,1.68,0,48.6,4.97
R27A,BUS001,1,2,12,0,0,21.2,1817.1,0.0,0,15.7,5.85
R57,BUS002,1,1,9,0,1,17.9,1588.0,4.8,0,81.7,7.27
R57,BUS004,3,0,12,0,0,19.8,1569.4,1.61,0,47.3,6.11
R27C,BUS001,1,5,9,1,0,26.0,2315.0,0.38,1,27.5,8.32
R45,BUS003,1,2,17,0,1,11.6,2419.8,5.89,1,53.7,15.2
R26,BUS003,1,3,5,0,0,24.6,1544.2,0.93,0,9.6,4.97
R26,BUS002,3,2,11,0,0,24.2,1466.8,1.87,0,37.1,4.55
R26,BUS005,1,3,9,0,1,16.2,2002.1,4.42,0,87.8,8.95
R45,BUS004,1,4,7,0,0,12.4,3229.8,1.34,0,16.1,16.66
R45,BUS001,2,3,6,0,0,32.5,2193.0,1.33,0,57.6,5.37
R27C,BUS003,1,2,19,0,1,16.5,2853.1,4.64,0,53.8,12.6
R27C,BUS004,2,2,22,0,0,22.1,2407.2,1.69,2,33.8,9.52
R27C,BUS005,2,3,15,0,0,20.1,2638.6,1.38,0,29.2,8.88
R27A,BUS003,3,4,22,0,0,19.2,1697.7,1.25,0,51.6,6.15
R27C,BUS003,1,1,20,0,1,7.6,2315.0,5.28,0,63.4,20.39
R27C,BUS003,2,3,13,0,0,10.5,2178.7,2.84,0,32.5,14.21
R57,BUS003,1,4,6,0,0,29.9,1755.7,0.72,0,45.9,3.72
R27A,BUS002,1,3,5,0,0,21.4,1791.8,2.3,0,22.8,5.91
R27C,BUS005,1,1,12,0,0,18.9,1958.5,0.0,0,56.6,6.85
R45,BUS005,1,4,17,0,1,19.2,2968.8,6.04,0,50.2,12.46
R45,BUS004,1,1,21,0,0,30.6,2068.8,3.64,0,37.7,4.8
R57,BUS003,1,2,7,0,0,14.4,1240.5,1.16,0,49.2,6.46
R27A,BUS002,3,2,20,0,1,9.0,1537.0,5.67,0,67.8,12.4
R26,BUS001,1,6,17,1,0,24.8,1305.1,2.48,0,26.8,5.13
R27C,BUS004,1,2,16,0,0,17.1,2482.9,0.65,0,17.3,9.72
R27A,BUS001,1,4,5,0,0,18.9,1413.7,1.5,0,35.9,4.24
R27C,BUS002,2,3,6,0,0,20.0,2384.6,1.72,2,46.6,9.0
R45,BUS005,2,1,15,0,0,16.2,2654.3,1.49,1,8.5,11.39
R26,BUS004,1,5,12,1,0,33.2,1795.0,1.91,1,9.3,5.14
R45,BUS002,2,1,15,0,0,20.7,2656.1,1.29,0,56.3,8.13
R27A,BUS001,1,3,8,0,1,10.7,2030.1,4.52,1,69.8,14.01
R57,BUS005,3,0,6,0,0,23.4,1769.0,1.89,0,51.4,5.92
R26,BUS001,1,2,5,0,0,27.6,1913.1,1.36,0,50.3,4.98
R27C,BUS001,2,2,5,0,0,18.3,2171.7,1.64,2,31.8,9.72
R27A,BUS003,1,6,16,1,0,29.6,1750.8,2.04,0,62.5,4.07
R27C,BUS001,2,3,20,0,1,15.0,2077.2,4.58,0,48.5,9.08
R45,BUS004,2,0,9,0,1,14.7,2632.3,4.01,0,76.4,11.86
R27A,BUS003,1,2,6,0,0,24.6,1829.6,3.48,0,33.6,6.19
R26,BUS005,2,6,22,1,0,14.9,1580.9,1.44,0,38.2,7.14
R27C,BUS005,1,1,9,0,1,11.5,3172.2,4.76,0,69.0,19.13
R45,BUS001,1,6,5,1,0,28.2,2677.7,1.02,0,18.9,6.53
R45,BUS003,2,4,11,0,0,19.2,2431.0,1.06,2,32.0,10.11
R57,BUS001,2,0,17,0,1,14.4,1313.3,4.89,0,62.3,6.78
R27C,BUS002,2,0,12,0,0,16.4,2258.4,2.34,0,28.2,9.61
R45,BUS004,2,2,14,0,0,12.1,2116.4,1.82,0,46.1,11.49
R57,BUS005,2,4,19,0,1,16.8,2022.6,5.56,1,29.1,10.83
R45,BUS005,1,2,10,0,1,12.0,2804.9,4.35,0,76.6,16.03
R26,BUS004,3,0,13,0,0,18.6,1718.2,0.79,0,56.8,5.32
R57,BUS002,1,1,12,0,0,20.8,1967.8,0.0,1,29.3,7.04
R26,BUS002,2,5,12,1,0,20.7,1776.1,1.79,0,25.0,5.61
R57,BUS001,1,4,18,0,1,10.2,1830.8,4.67,2,66.2,14.57
R57,BUS005,2,4,8,0,1,7.9,1533.8,6.27,0,83.5,14.56
R45,BUS003,1,2,10,0,1,7.3,2926.1,5.18,0,72.4,26.43
R45,BUS002,1,2,11,0,0,17.8,2333.8,2.72,1,6.8,9.42
R45,BUS005,2,5,12,1,0,21.7,2218.5,1.74,2,62.4,8.85
R27C,BUS005,2,0,21,0,0,7.6,2743.9,3.51,1,31.6,24.79
R26,BUS003,1,5,19,1,0,27.8,1788.5,0.56,0,21.7,3.81
R26,BUS001,3,4,5,0,0,21.5,1885.5,2.12,0,16.0,6.37
R57,BUS005,3,2,16,0,0,17.4,1537.4,0.67,0,16.0,4.31
R27A,BUS001,1,6,8,1,0,26.9,1960.2,1.32,0,58.4,5.56
R27C,BUS003,1,3,18,0,1,20.3,1897.0,4.69,0,81.4,7.8
R26,BUS004,2,5,14,1,0,40.9,1763.4,2.27,0,65.4,4.3
R27C,BUS005,1,3,16,0,0,19.4,1971.7,2.08,0,28.4,7.03
R45,BUS005,1,1,19,0,1,13.6,2764.3,3.85,0,81.4,14.46
R27A,BUS004,3,0,21,0,0,19.8,1790.5,1.5,1,20.9,6.79
R57,BUS003,3,3,6,0,0,20.6,1593.5,1.91,0,41.5,5.7
R57,BUS004,2,2,9,0,1,17.7,1828.9,4.58,1,68.1,9.16
R26,BUS004,3,3,5,0,0,27.2,1598.9,1.7,0,53.9,3.49
R26,BUS005,3,5,15,1,0,20.2,1734.5,0.22,0,14.5,5.33
R27C,BUS001,2,1,12,0,0,21.2,2186.4,1.55,2,7.8,9.0
R27A,BUS004,1,0,14,0,0,21.3,1793.6,1.69,1,31.6,6.33
R26,BUS005,3,1,18,0,1,15.4,1328.4,5.47,0,84.2,6.74
R27A,BUS002,2,1,18,0,1,16.8,1370.1,4.14,0,64.7,6.31
R27C,BUS001,1,6,18,1,0,19.1,2187.7,1.28,0,34.8,7.54
R57,BUS004,2,1,16,0,0,21.0,1933.5,1.12,0,44.8,7.2
R27A,BUS002,3,6,17,1,0,26.0,1560.7,1.48,0,20.2,4.55
R27C,BUS005,2,2,7,0,0,25.6,2608.8,1.91,0,35.7,6.31
R26,BUS002,3,0,11,0,0,24.1,1914.9,1.57,1,49.1,6.2
R45,BUS001,1,0,9,0,1,12.3,2359.8,6.62,0,29.8,13.27
R57,BUS004,1,1,17,0,1,11.1,1442.3,4.62,2,57.8,12.15
R26,BUS003,3,1,17,0,1,14.8,1554.9,4.74,1,59.2,7.9
R57,BUS005,2,6,20,1,0,27.9,2025.0,0.32,0,47.8,4.38
R26,BUS004,3,2,10,0,1,9.7,1447.2,5.07,1,41.8,12.13
R57,BUS002,3,6,22,1,0,25.7,1632.5,1.95,1,37.8,5.39
R57,BUS002,2,0,10,0,1,12.7,2180.9,5.87,0,67.0,12.99
R26,BUS002,2,4,12,0,0,19.7,1701.6,1.39,1,13.1,5.19
R57,BUS004,2,6,20,1,0,27.8,1682.9,1.23,0,63.8,3.83
R27A,BUS005,3,3,22,0,0,25.5,1723.0,0.23,0,14.2,4.4
R26,BUS001,1,1,11,0,0,33.2,1808.2,2.38,0,35.9,3.39
R57,BUS004,3,3,8,0,1,14.5,976.1,4.4,1,74.9,6.71
R27C,BUS003,2,3,8,0,1,10.4,2879.5,4.68,0,54.7,18.03
R57,BUS001,1,5,7,1,0,27.8,1742.5,0.75,0,26.6,4.36
R57,BUS004,1,2,19,0,1,9.3,1694.8,5.9,0,86.8,12.93
R57,BUS005,3,0,14,0,0,21.6,1802.0,1.62,0,33.6,6.15
R27A,BUS002,1,5,13,1,0,23.3,1960.5,1.65,0,16.9,5.69
R27A,BUS002,3,0,13,0,0,15.1,1950.6,2.52,0,19.0,7.97
R57,BUS004,2,3,21,0,0,20.9,1796.0,2.46,0,39.9,7.17
R57,BUS001,2,4,9,0,1,18.3,1642.2,4.13,0,58.9,6.86
R57,BUS001,1,3,22,0,0,27.2,1068.5,1.88,1,22.4,2.38
R57,BUS004,2,1,6,0,0,13.7,1882.7,2.35,2,30.1,11.35
R27C,BUS005,2,0,6,0,0,17.7,2224.6,2.11,0,13.5,8.72
R45,BUS002,2,3,10,0,1,7.6,1911.6,5.59,0,51.8,17.65
R45,BUS001,2,3,13,0,0,22.0,2477.6,1.46,0,47.3,6.88
R27C,BUS005,1,2,16,0,0,20.0,2760.2,2.87,0,12.3,9.27
R27A,BUS001,3,0,13,0,0,24.3,1781.4,2.45,0,16.7,5.29
R57,BUS003,3,0,19,0,1,11.8,1231.7,4.39,1,73.1,9.5
R27C,BUS001,1,2,21,0,0,14.6,2838.2,0.7,0,34.4,13.28
R45,BUS004,2,1,6,0,0,22.3,2304.1,1.34,1,23.4,7.0
R27A,BUS002,1,1,19,0,1,16.7,1957.4,4.98,0,58.4,9.33
R27C,BUS001,2,5,16,1,0,22.6,2372.2,1.39,0,24.2,6.61
R27A,BUS005,1,2,8,0,1,3.5,1547.3,4.74,1,66.9,29.56
R26,BUS001,1,6,21,1,0,35.5,1330.2,0.56,0,13.2,3.46
R57,BUS004,1,5,21,1,0,29.5,1822.8,0.56,0,37.4,4.13
R26,BUS002,3,2,16,0,0,25.3,1860.2,1.99,0,11.7,5.19
R27C,BUS001,1,3,21,0,0,21.2,2739.5,2.14,0,27.4,8.18
R57,BUS002,1,2,6,0,0,19.2,1636.6,1.4,1,35.2,6.17
R57,BUS003,3,6,11,1,0,23.8,1496.8,1.18,0,30.6,3.66
R57,BUS002,1,3,14,0,0,24.8,1105.5,0.06,0,53.3,3.05
R26,BUS001,3,2,16,0,0,17.4,1894.3,1.25,0,27.5,6.81
R27C,BUS003,2,4,17,0,1,15.5,2155.4,5.83,0,57.1,11.48
R27A,BUS005,1,5,15,1,0,20.6,1566.2,0.68,0,38.1,3.95
R57,BUS002,2,0,22,0,0,23.9,1693.5,1.28,1,33.0,5.6
R27A,BUS001,2,1,10,0,1,15.3,1347.5,5.78,0,71.4,7.45
R45,BUS002,2,5,22,1,0,26.6,2049.3,2.1,0,36.6,6.46
R26,BUS003,1,4,16,0,0,37.6,1698.5,1.53,1,30.6,4.51
R45,BUS003,2,2,11,0,0,23.6,2238.2,1.2,0,43.6,6.4
R57,BUS002,1,4,12,0,0,12.3,1816.4,0.13,1,35.2,9.31
R27C,BUS003,2,5,20,1,0,25.7,2626.0,1.52,0,54.2,7.59
R27C,BUS001,2,2,6,0,0,21.0,2520.3,0.78,0,30.1,7.2
R27C,BUS002,2,3,12,0,0,23.2,2454.4,1.65,2,31.4,8.9
R27C,BUS001,2,2,17,0,1,18.0,2633.8,4.19,0,61.1,10.88
R57,BUS005,2,5,20,1,0,26.8,1518.9,3.4,0,25.5,5.07
R27A,BUS005,2,3,19,0,1,15.5,1558.5,3.16,0,50.1,7.49
R27A,BUS004,2,4,8,0,1,14.1,1295.5,2.75,0,62.6,6.36
R27A,BUS002,3,2,13,0,0,24.6,1445.6,0.34,0,43.5,3.16
R27C,BUS004,2,5,6,1,0,36.7,2920.6,0.73,0,63.1,5.25
R45,BUS004,1,2,19,0,1,10.6,1593.3,6.26,1,100.2,11.66
R26,BUS005,2,6,17,1,0,22.4,1292.4,1.41,0,44.5,2.67
R45,BUS003,2,2,10,0,1,16.7,2479.6,5.34,0,80.9,11.44
R57,BUS001,1,1,17,0,1,8.9,1509.8,4.42,0,74.3,11.17
R27C,BUS001,2,2,10,0,1,8.1,2148.1,4.54,2,90.5,19.73
R26,BUS002,1,3,19,0,1,17.0,1721.7,5.58,0,64.9,8.1
R27A,BUS001,3,2,19,0,1,8.1,1558.6,3.97,0,76.1,12.65
R45,BUS002,1,6,17,1,0,31.7,2572.0,0.0,0,60.3,5.33
R57,BUS001,1,2,18,0,1,13.6,1598.1,5.68,0,53.8,9.71
R26,BUS004,2,4,7,0,0,22.2,1532.9,0.42,0,36.8,4.01
R26,BUS001,2,6,8,1,0,23.5,1874.6,1.09,0,51.3,4.78
R27C,BUS002,2,6,19,1,0,18.7,1881.8,0.57,0,16.5,7.29
R26,BUS005,1,6,11,1,0,27.2,1577.5,0.73,0,66.4,3.12
R27C,BUS005,2,4,14,0,0,19.1,2227.2,1.86,0,26.4,7.25
R27C,BUS004,2,0,19,0,1,11.3,2909.5,4.58,0,63.1,16.63
R27C,BUS004,2,1,21,0,0,21.3,3039.0,1.84,0,46.9,9.22
R57,BUS005,1,1,13,0,0,18.4,1348.9,1.07,0,59.7,4.49
R26,BUS002,3,1,12,0,0,14.9,1831.7,2.03,0,32.9,8.63
R57,BUS001,2,6,6,1,0,25.9,2103.0,0.74,0,51.6,5.34
R45,BUS005,2,4,14,0,0,9.8,2169.4,2.35,0,49.2,14.17
R27A,BUS001,2,1,14,0,0,12.8,1694.8,2.14,0,33.8,9.85
R26,BUS004,2,4,22,0,0,17.3,1527.8,1.15,0,28.2,5.71
R26,BUS001,1,3,21,0,0,17.0,1802.2,1.65,0,45.0,6.62
R27A,BUS003,1,2,9,0,1,11.9,1379.7,4.88,1,53.4,10.05
R26,BUS005,3,6,9,1,0,22.0,1925.3,0.23,1,5.0,5.1
R27A,BUS003,1,3,12,0,0,15.2,1740.3,3.38,0,46.6,8.58
R57,BUS001,2,4,9,0,1,14.1,2044.6,5.02,0,45.4,10.17
R27C,BUS005,1,6,5,1,0,26.1,2830.6,1.33,0,47.5,8.41
R45,BUS003,1,5,8,1,0,29.3,2077.4,1.42,0,52.3,4.01
R57,BUS001,2,6,8,1,0,30.4,2095.8,3.03,2,60.0,7.48
R45,BUS003,2,5,9,1,0,19.2,2353.5,1.05,0,5.0,8.09
R27A,BUS003,2,6,18,1,0,28.5,1719.2,1.4,0,37.6,3.59
R27A,BUS005,1,2,8,0,1,12.6,1561.0,4.89,0,77.3,9.24
R27C,BUS002,2,4,21,0,0,16.1,2727.3,2.84,0,34.5,11.05
R27C,BUS002,1,3,12,0,0,23.8,2857.1,0.48,0,55.1,8.38
R45,BUS003,1,2,21,0,0,19.9,2711.2,0.29,0,31.8,8.36
R57,BUS003,2,3,5,0,0,19.5,1831.9,3.46,0,49.5,6.75
R57,BUS005,2,6,14,1,0,23.6,1706.4,2.52,0,53.5,5.11
R45,BUS002,2,2,17,0,1,15.5,2274.3,5.21,0,50.3,11.83
R57,BUS005,2,0,12,0,0,32.3,1585.1,0.0,0,16.3,2.83
R57,BUS005,2,5,13,1,0,25.7,1631.0,1.02,1,19.1,4.65
R27A,BUS003,3,1,20,0,1,13.9,1603.9,5.35,0,62.6,9.62
R26,BUS001,2,1,9,0,1,11.5,1929.5,3.43,1,62.0,12.22
R27C,BUS003,2,0,7,0,0,26.3,2152.1,1.0,0,29.6,5.6
R26,BUS005,3,6,22,1,0,20.9,1670.7,2.58,0,47.1,5.41
R57,BUS001,2,2,9,0,1,15.6,1928.2,4.45,0,62.2,9.18
R27A,BUS001,1,2,17,0,1,6.8,2056.8,3.57,0,54.4,19.77
R27C,BUS001,2,5,11,1,0,30.5,2708.6,2.35,0,26.8,5.91
R27A,BUS001,3,3,17,0,1,10.9,1322.2,5.28,0,70.1,9.36
R27C,BUS001,1,1,19,0,1,19.8,1965.3,4.43,0,61.1,8.01
R45,BUS005,2,6,6,1,0,30.5,2585.0,0.0,0,29.5,4.07
R26,BUS003,3,6,19,1,0,25.4,1661.2,1.99,0,41.0,4.72
R26,BUS002,3,2,10,0,1,14.8,1597.6,3.87,0,62.1,7.81
R27C,BUS001,1,5,22,1,0,23.5,2774.0,0.81,1,31.1,8.18
R27A,BUS005,1,6,21,1,0,25.4,1255.9,0.86,0,26.5,2.66
R27A,BUS002,2,4,9,0,1,4.8,1985.2,5.11,0,68.1,26.96
R27A,BUS002,3,2,8,0,1,16.9,1719.8,3.96,0,45.8,6.89
R26,BUS003,2,3,11,0,0,28.9,1715.2,0.63,2,18.8,5.69
R27C,BUS004,2,4,18,0,1,10.6,1788.7,4.47,0,79.7,11.63
R45,BUS005,2,1,8,0,1,9.8,3007.0,4.75,0,96.4,19.79
R45,BUS005,2,5,16,1,0,26.0,3008.2,1.67,0,58.1,7.4
R26,BUS003,3,6,7,1,0,27.1,1706.9,1.08,0,37.8,3.34
R45,BUS003,2,4,6,0,0,21.6,2197.9,1.56,1,5.0,6.98
R57,BUS002,1,3,12,0,0,24.8,1774.0,2.26,0,25.8,5.73
R57,BUS004,3,6,22,1,0,25.7,1502.9,1.46,0,56.1,3.58
R26,BUS003,3,6,22,1,0,23.5,1590.8,1.54,0,46.2,5.22
R27C,BUS004,1,1,22,0,0,15.2,2420.3,1.99,0,61.3,10.89
R26,BUS002,3,4,13,0,0,7.9,1685.0,3.42,0,61.4,14.37
R57,BUS001,3,1,20,0,1,19.2,1594.7,6.63,0,53.3,7.09
R57,BUS004,2,4,18,0,1,17.9,1462.3,5.0,0,71.6,6.24
R26,BUS001,2,3,21,0,0,19.8,1819.0,2.16,0,19.3,5.97
R57,BUS003,2,6,12,1,0,37.1,1820.1,0.0,0,48.3,4.07
R27C,BUS003,2,5,9,1,0,30.9,2445.8,1.31,0,48.2,5.7
R57,BUS004,2,4,11,0,0,22.3,1710.2,0.87,2,46.6,6.67
R27C,BUS004,1,3,14,0,0,22.0,2713.3,1.4,0,27.3,7.87
R26,BUS002,3,5,22,1,0,28.2,1478.5,1.47,0,59.3,4.26
R26,BUS002,3,2,8,0,1,12.2,1781.0,5.28,0,60.8,10.59
R27C,BUS005,2,5,12,1,0,23.1,2695.2,1.98,0,43.2,6.83
R57,BUS003,2,0,6,0,0,16.8,1047.7,2.29,0,46.5,5.63
R45,BUS004,1,2,6,0,0,23.4,2178.1,2.54,0,8.1,6.67
R45,BUS001,1,6,15,1,0,23.0,3101.3,1.24,0,43.6,8.83
R45,BUS001,1,0,7,0,0,14.2,2910.3,0.42,1,49.1,14.06
R57,BUS005,3,3,9,0,1,16.7,1700.8,4.33,1,49.0,8.4
R27C,BUS003,2,2,8,0,1,11.2,2776.1,6.21,0,46.1,17.57
R26,BUS004,1,5,13,1,0,29.5,1174.1,0.0,0,43.0,2.8
R26,BUS003,3,4,10,0,1,12.4,1418.5,3.82,0,59.0,7.36
R26,BUS004,1,2,20,0,1,13.6,2095.9,5.58,1,74.9,12.56
R26,BUS002,3,4,15,0,0,27.7,1436.5,2.1,0,28.4,2.93
R27C,BUS002,2,2,13,0,0,26.9,2745.1,1.68,1,25.5,7.01
R45,BUS001,2,6,12,1,0,30.4,2746.7,0.87,0,51.9,5.92
R45,BUS005,2,1,12,0,0,23.1,2326.6,1.5,0,26.5,6.68
R27C,BUS001,1,3,21,0,0,25.3,2118.9,0.86,0,44.4,5.23
R57,BUS004,1,0,13,0,0,18.4,1679.0,1.45,1,24.6,6.32
R27A,BUS004,1,1,13,0,0,15.9,1749.1,1.78,0,52.8,7.8
R45,BUS001,2,4,20,0,1,5.4,2447.2,6.2,1,67.6,30.51
R27C,BUS003,1,6,13,1,0,28.7,2818.9,2.23,0,28.0,5.84
R45,BUS001,2,4,14,0,0,16.0,2569.7,1.39,0,42.3,10.55
R27A,BUS004,2,3,20,0,1,20.1,1584.3,3.82,0,28.6,5.99
R27A,BUS002,1,5,5,1,0,26.1,1901.9,0.2,0,25.6,5.33
R27A,BUS003,2,0,14,0,0,26.5,1561.5,1.21,1,58.6,4.68
R27A,BUS001,3,1,9,0,1,17.0,1774.1,4.75,0,102.8,7.13
R27C,BUS002,2,0,20,0,1,9.5,2988.9,5.17,0,75.2,21.11
R26,BUS004,1,4,8,0,1,8.8,1506.4,6.31,1,70.4,13.3
R27A,BUS002,1,6,18,1,0,24.0,1885.1,0.88,0,15.0,4.14
R26,BUS001,2,3,18,0,1,10.3,1292.5,5.02,0,63.0,9.31
R57,BUS001,1,0,5,0,0,11.3,1884.9,1.12,2,27.6,12.24
R27C,BUS005,2,3,19,0,1,8.4,2740.0,3.97,0,39.3,20.79
R45,BUS004,1,6,14,1,0,32.2,2501.8,0.02,0,43.9,5.09
R27A,BUS002,3,1,13,0,0,29.8,1527.3,1.86,0,42.6,3.26
R26,BUS003,2,0,17,0,1,13.5,1828.6,5.52,0,57.4,10.53
R27A,BUS001,2,3,16,0,0,22.3,1877.0,0.92,1,52.2,6.22
R27A,BUS001,3,3,13,0,0,25.3,2067.1,1.36,0,27.9,4.95
R26,BUS003,3,4,6,0,0,20.6,1469.6,0.46,0,37.1,5.23
R26,BUS004,1,2,15,0,0,14.3,1637.4,1.23,0,28.5,7.59
R26,BUS002,2,4,19,0,1,21.5,1639.5,5.26,0,77.1,7.36
R45,BUS002,1,0,12,0,0,19.5,2822.4,1.27,0,40.9,10.29
R27C,BUS004,1,4,13,0,0,6.9,2339.2,1.74,0,30.7,20.7
R45,BUS004,1,1,11,0,0,14.2,2240.3,3.04,0,44.1,9.81
R26,BUS003,3,4,8,0,1,13.7,1610.1,6.65,1,44.3,10.47
R27A,BUS005,1,3,14,0,0,21.9,1927.6,2.51,0,45.1,5.95
R27A,BUS002,1,0,21,0,0,20.6,1099.7,3.15,0,27.6,3.89
R27A,BUS002,3,0,9,0,1,17.2,1955.7,3.93,0,75.6,8.43
R27C,BUS004,1,1,13,0,0,23.7,3005.8,2.27,0,49.2,9.15
R26,BUS001,1,2,6,0,0,17.6,1788.5,0.41,0,33.5,6.1
R57,BUS002,3,0,7,0,0,14.7,1344.4,1.8,1,18.8,6.79
R57,BUS003,2,1,6,0,0,17.7,2012.0,1.97,2,36.4,9.49
R57,BUS003,3,2,22,0,0,19.7,1722.6,0.44,1,55.4,6.08
R27C,BUS004,1,3,13,0,0,17.9,3052.0,2.01,1,19.0,10.18
R27C,BUS001,2,6,21,1,0,27.4,2515.2,1.34,1,48.0,6.94
R45,BUS003,1,1,7,0,0,27.7,2632.9,1.54,0,55.4,6.0
R27C,BUS001,2,1,6,0,0,26.5,2194.7,2.48,1,45.6,6.03
R27C,BUS005,1,2,18,0,1,3.0,2626.4,5.52,1,70.2,55.13
R26,BUS005,3,6,12,1,0,21.9,2083.8,2.52,0,16.7,6.84
R26,BUS005,1,4,13,0,0,17.2,1830.3,0.21,1,14.6,7.95
R57,BUS003,3,2,12,0,0,21.0,1578.9,0.75,0,60.4,4.85
R26,BUS001,2,2,13,0,0,29.7,2206.2,2.11,1,32.9,5.38
R26,BUS005,3,6,21,1,0,28.2,1723.7,1.91,0,31.6,5.22
R26,BUS005,2,6,21,1,0,32.1,1868.5,1.56,0,34.4,3.4
R57,BUS002,3,2,10,0,1,11.2,1763.2,4.44,0,72.1,10.89
R26,BUS004,2,2,8,0,1,5.8,1841.4,6.05,0,59.0,21.3
R57,BUS005,3,3,17,0,1,4.2,1594.1,5.09,0,81.3,25.48
R26,BUS003,3,5,16,1,0,26.5,1796.5,1.12,0,32.0,4.37
R45,BUS004,1,6,15,1,0,24.2,2416.3,1.73,0,37.9,5.8
R57,BUS002,3,0,18,0,1,9.5,2007.1,3.8,0,38.3,13.37
R27C,BUS005,1,4,12,0,0,12.0,2937.9,0.8,2,53.5,16.68
R27A,BUS003,3,0,18,0,1,21.1,1914.2,5.07,0,99.1,7.99
R26,BUS001,2,6,16,1,0,26.1,1706.6,0.57,2,13.4,5.95
R57,BUS001,2,5,19,1,0,27.8,1788.6,1.48,0,42.0,4.29
R45,BUS004,1,5,17,1,0,18.3,2694.8,3.25,0,30.5,9.56
R26,BUS003,3,2,14,0,0,15.3,1956.4,2.37,0,30.6,8.91
R57,BUS002,3,4,19,0,1,17.0,1393.9,4.53,0,45.9,7.04
R26,BUS001,1,4,19,0,1,14.4,1722.6,4.43,0,75.1,8.45
R57,BUS005,2,5,17,1,0,23.5,1709.8,0.0,1,32.8,5.77
R57,BUS005,2,6,13,1,0,24.4,2256.3,2.17,0,19.0,6.3
R27C,BUS002,2,6,13,1,0,30.0,2212.2,1.19,0,47.6,4.6
R27A,BUS005,2,5,20,1,0,30.2,2051.9,1.44,0,27.3,4.78
R27A,BUS005,1,1,5,0,0,20.3,1480.1,1.65,0,28.2,5.46
R57,BUS005,1,3,5,0,0,12.7,1586.4,0.0,0,78.5,6.4
R26,BUS005,1,1,22,0,0,24.8,1864.7,0.55,2,24.5,5.43
R27C,BUS004,1,0,21,0,0,22.3,2734.6,1.28,0,33.5,7.83
R27A,BUS002,2,5,19,1,0,21.5,2164.2,1.93,0,46.7,7.11
R27C,BUS002,1,5,8,1,0,26.3,2274.8,1.07,0,15.5,5.79
R27C,BUS001,2,1,19,0,1,19.2,2841.2,4.58,0,49.2,10.55
R26,BUS005,1,4,22,0,0,17.7,1501.3,1.62,0,30.3,5.88
R45,BUS002,1,4,6,0,0,25.5,2355.0,1.81,0,20.9,5.78
R26,BUS005,3,0,8,0,1,10.2,1901.4,5.3,0,82.6,13.98
R27C,BUS004,2,6,5,1,0,31.3,2840.1,0.79,1,39.3,7.73
R27C,BUS005,2,0,20,0,1,11.1,3118.9,4.39,0,86.5,18.67
R45,BUS004,2,3,12,0,0,24.2,2708.6,1.41,1,13.0,7.7
R26,BUS003,2,3,12,0,0,14.1,1304.6,2.67,0,26.9,7.1
R26,BUS005,3,2,12,0,0,16.0,1491.8,1.66,1,12.8,6.88
R26,BUS003,1,0,22,0,0,20.5,2070.3,2.15,1,19.8,8.13
R27C,BUS002,1,3,22,0,0,25.5,2608.3,0.99,0,28.0,6.3
R57,BUS001,1,4,15,0,0,31.6,1707.4,0.77,0,51.5,3.92
R27C,BUS001,1,1,11,0,0,25.6,2178.9,2.85,2,43.8,9.28
R27A,BUS005,1,4,21,0,0,20.2,1211.8,0.92,1,53.0,5.15
R27C,BUS002,1,2,20,0,1,7.1,2137.2,4.71,2,74.2,20.8
R27A,BUS003,2,6,19,1,0,26.1,1229.6,1.1,0,50.3,4.73
R57,BUS002,2,4,8,0,1,19.5,1824.0,5.51,0,53.4,9.08
R27C,BUS004,2,6,8,1,0,30.1,2427.1,0.66,2,21.5,7.51
R27C,BUS005,2,3,5,0,0,23.1,2422.5,2.11,0,41.6,5.29
R45,BUS005,1,4,20,0,1,16.1,2263.0,5.6,0,62.6,11.51
R57,BUS004,1,2,7,0,0,20.0,1433.3,2.4,0,25.4,6.2
R57,BUS003,1,0,11,0,0,22.9,1851.5,2.93,0,46.0,6.39
R27C,BUS004,2,6,6,1,0,33.2,3054.2,0.1,0,48.3,5.8
R45,BUS005,2,2,15,0,0,18.6,2303.4,1.34,0,44.5,8.12
R27C,BUS001,2,6,16,1,0,25.8,2671.0,0.14,1,33.4,7.54
R57,BUS004,3,0,15,0,0,20.4,1425.6,0.63,0,42.9,4.97
R57,BUS002,3,6,22,1,0,22.5,1805.6,1.56,1,44.0,7.74
R26,BUS003,2,1,21,0,0,21.1,1707.4,1.47,0,17.6,5.55
R27A,BUS005,1,2,20,0,1,16.5,1872.8,3.93,0,52.9,8.45
R45,BUS005,1,1,21,0,0,30.2,3123.1,0.23,0,34.5,6.13
R45,BUS002,2,1,15,0,0,23.5,2220.5,1.69,0,62.9,5.87
R57,BUS004,1,0,11,0,0,13.9,1300.8,1.27,1,57.0,6.8
R27A,BUS005,1,1,5,0,0,23.7,1063.6,1.71,0,18.7,2.6
R27C,BUS004,1,3,9,0,1,9.2,3270.1,4.91,0,55.6,23.06
R27C,BUS003,2,1,10,0,1,13.2,2625.7,5.57,0,79.7,13.79
R27A,BUS004,3,0,9,0,1,19.9,2236.9,4.54,0,63.4,8.06
R27C,BUS003,2,1,17,0,1,11.0,2946.3,3.76,0,85.7,17.89
R27A,BUS003,2,1,16,0,0,22.0,1690.3,2.15,0,58.9,5.77
R26,BUS002,3,6,8,1,0,38.7,1928.3,1.45,0,37.7,3.52
R26,BUS005,1,4,13,0,0,11.7,1586.0,1.91,0,45.1,7.82
R57,BUS002,2,0,6,0,0,15.4,1529.7,0.69,0,34.6,6.7
R26,BUS002,1,3,20,0,1,17.7,1717.3,5.12,2,63.3,10.41
R27C,BUS002,2,4,6,0,0,26.9,2623.1,1.5,0,33.7,6.61
R26,BUS002,2,1,15,0,0,19.4,1346.7,0.0,0,9.0,4.72
R26,BUS004,1,2,13,0,0,15.9,1897.0,1.97,0,24.2,9.13
R27A,BUS005,1,5,17,1,0,13.9,2044.4,2.73,0,50.8,8.97
R26,BUS001,3,2,14,0,0,19.6,1683.5,0.83,0,36.3,5.86
R27A,BUS001,2,3,19,0,1,12.0,1407.8,4.17,0,64.3,8.12
R57,BUS004,3,1,8,0,1,8.0,1602.1,3.9,0,58.0,14.14
R45,BUS003,1,4,14,0,0,26.2,2586.8,0.65,0,41.7,6.61
R57,BUS001,2,4,18,0,1,17.5,1720.8,4.93,1,84.5,8.95
R27A,BUS003,3,5,20,1,0,20.8,1039.1,2.63,0,44.1,3.49
R45,BUS003,2,0,6,0,0,19.6,2546.1,1.49,0,5.0,8.28
R57,BUS001,2,1,22,0,0,21.7,1936.5,1.73,2,45.8,8.27
R27C,BUS002,2,5,22,1,0,25.9,2407.2,1.72,0,67.9,6.13
R27A,BUS005,3,5,8,1,0,24.7,1864.2,0.97,1,24.0,5.27
R27A,BUS001,2,4,6,0,0,20.0,1407.9,1.01,0,52.3,3.93
R27C,BUS003,2,1,14,0,0,17.9,2849.4,3.29,1,53.3,10.78
R26,BUS005,3,4,19,0,1,19.8,1433.5,5.69,0,85.4,6.04
R26,BUS004,2,5,20,1,0,32.1,1810.7,0.41,0,37.5,3.18
R26,BUS001,1,6,5,1,0,23.0,1754.5,2.01,0,32.6,6.26
R45,BUS001,1,5,17,1,0,34.7,2422.3,1.59,1,37.1,5.55
R45,BUS005,1,0,19,0,1,14.7,2201.9,5.87,0,69.6,10.82
R45,BUS003,2,4,12,0,0,21.8,3365.7,2.41,1,34.7,10.79
R27C,BUS001,2,0,12,0,0,17.4,2248.9,1.92,0,49.2,7.4
R27C,BUS003,2,4,15,0,0,20.8,2918.9,1.9,0,53.6,8.59
R57,BUS002,3,4,14,0,0,29.6,1563.8,1.04,1,40.1,3.73
R45,BUS003,1,0,18,0,1,14.9,2850.2,5.59,0,74.3,13.3
R27A,BUS001,3,0,16,0,0,22.1,1594.1,1.48,1,37.7,5.66
R57,BUS003,2,6,15,1,0,26.8,1447.0,1.55,0,53.3,4.02
R45,BUS004,1,3,21,0,0,24.4,2484.5,0.99,1,14.0,6.84
R45,BUS002,2,5,18,1,0,20.2,2739.8,1.49,0,42.5,9.6
R57,BUS004,2,2,14,0,0,11.2,1614.7,0.93,0,49.1,9.95
R27A,BUS004,3,5,15,1,0,26.6,1980.6,0.56,0,11.7,6.49
R45,BUS001,2,3,21,0,0,29.8,2087.8,1.42,0,44.1,5.38
R26,BUS004,1,1,11,0,0,14.1,1587.4,1.52,0,30.8,6.21
R27C,BUS004,1,0,16,0,0,13.4,2629.2,2.34,0,42.6,12.26
R57,BUS001,1,5,8,1,0,13.1,1352.1,2.1,0,69.5,6.69
R27A,BUS004,1,2,12,0,0,18.0,2043.4,1.06,1,63.3,8.09
R27C,BUS001,2,3,7,0,0,11.3,3092.5,0.62,0,47.0,15.65
R45,BUS003,1,6,6,1,0,25.9,1958.2,1.36,1,37.6,5.47
R27C,BUS005,2,3,21,0,0,21.8,2414.3,1.9,0,67.5,7.75
R57,BUS005,3,2,18,0,1,14.4,1392.6,3.49,0,87.7,6.39
R45,BUS003,2,5,8,1,0,29.7,1893.1,1.68,0,18.0,4.86
R27A,BUS004,3,3,13,0,0,13.5,1185.3,2.01,1,32.4,6.82
R27A,BUS001,3,5,16,1,0,32.3,1538.7,1.49,0,54.6,3.4
R57,BUS005,2,6,17,1,0,33.8,1510.5,2.28,0,55.2,3.86
R45,BUS002,2,5,5,1,0,16.5,1974.5,0.0,0,10.3,6.82
R27C,BUS003,1,5,12,1,0,28.9,2334.5,2.57,1,34.4,6.64
R45,BUS003,2,0,21,0,0,22.5,2622.9,1.59,1,5.0,8.89
R26,BUS003,3,6,17,1,0,27.2,1772.6,1.37,1,14.9,5.93
R27C,BUS002,2,2,22,0,0,16.8,2240.9,1.97,0,46.2,9.87
R26,BUS002,1,0,19,0,1,14.4,1170.9,5.41,0,45.6,6.28
R57,BUS001,3,3,17,0,1,12.1,1659.6,3.75,0,60.0,10.32
R27A,BUS003,2,1,15,0,0,17.1,2030.1,1.11,0,38.1,8.34
R45,BUS001,1,2,8,0,1,16.1,2693.0,4.98,0,66.6,12.01
R57,BUS004,2,2,22,0,0,23.7,1345.2,1.48,1,38.7,4.63
R26,BUS005,2,4,13,0,0,21.8,1695.8,1.59,0,52.8,5.56
R57,BUS002,1,0,22,0,0,23.6,1938.8,0.76,1,10.9,7.14
R57,BUS002,1,5,22,1,0,16.7,1886.2,0.64,0,29.6,7.3
R27A,BUS002,2,3,11,0,0,26.2,1138.5,1.1,0,5.0,2.77
R26,BUS003,2,6,5,1,0,20.1,1385.3,2.02,1,39.0,5.52
R27A,BUS003,1,6,13,1,0,29.3,1998.2,2.09,0,30.8,4.1
R27C,BUS005,1,6,17,1,0,22.6,2605.7,2.07,2,24.1,10.21
R27A,BUS002,3,1,20,0,1,17.9,1690.8,4.36,0,63.5,6.63
R27A,BUS001,3,1,16,0,0,14.3,2263.4,0.2,0,59.2,10.54
R26,BUS004,3,5,11,1,0,26.8,1799.7,1.55,0,51.9,4.39
R26,BUS004,3,0,19,0,1,16.6,1595.7,5.53,0,52.4,8.17
R57,BUS005,1,3,21,0,0,26.6,1968.2,1.63,1,49.0,4.86
R27C,BUS005,1,5,12,1,0,21.9,2943.0,0.36,0,49.9,7.32
R27C,BUS005,1,4,19,0,1,14.4,2134.8,3.85,0,88.7,10.99
R57,BUS001,3,5,19,1,0,29.1,1411.9,1.34,0,21.7,3.28
R57,BUS005,3,4,16,0,0,15.1,1806.2,2.69,2,37.0,10.08
R26,BUS003,3,1,16,0,0,16.7,1269.2,0.57,1,33.8,5.69
R27C,BUS005,2,2,14,0,0,11.6,2649.8,0.67,0,32.7,14.39
R27A,BUS005,1,1,15,0,0,28.0,1828.0,1.38,1,42.7,5.73
R27C,BUS002,1,0,9,0,1,19.8,2372.0,5.06,0,70.0,9.33
R26,BUS002,3,4,12,0,0,26.8,1942.7,1.52,0,24.3,5.76
R57,BUS004,3,4,13,0,0,21.9,2299.0,0.0,0,23.5,5.85
R27C,BUS001,1,1,20,0,1,11.1,2219.1,3.99,0,94.4,14.18
R57,BUS002,3,5,15,1,0,24.4,1471.3,2.96,2,15.6,6.81
R57,BUS003,1,3,15,0,0,14.9,1483.6,1.06,0,15.2,7.21
R45,BUS005,1,0,17,0,1,16.0,2864.1,5.79,0,69.4,13.35
R27A,BUS003,3,3,11,0,0,23.6,1528.6,1.9,0,19.8,5.97
R27C,BUS004,2,3,10,0,1,17.5,2100.5,5.98,0,61.5,9.74
R27A,BUS005,1,6,8,1,0,21.0,1950.3,1.43,0,34.8,6.31
R57,BUS002,3,2,8,0,1,16.5,1815.2,4.45,0,48.9,8.76
R27C,BUS002,1,0,16,0,0,22.3,3208.1,1.42,0,48.1,7.82
R26,BUS003,3,1,7,0,0,29.3,1486.5,1.83,0,42.8,4.18
R27A,BUS002,3,2,14,0,0,26.7,2265.3,1.8,0,40.8,5.95
R27C,BUS003,1,5,19,1,0,26.1,2311.9,0.64,0,19.6,5.38
R27C,BUS005,2,5,15,1,0,31.1,2209.2,2.71,0,38.8,4.57
R57,BUS005,1,3,10,0,1,14.6,1960.7,5.52,0,68.4,11.85
R27C,BUS001,2,6,8,1,0,27.0,2602.1,3.14,1,13.5,8.1
R57,BUS003,3,0,15,0,0,16.5,789.5,2.29,0,40.5,4.44
R57,BUS001,3,1,16,0,0,23.0,1487.8,0.37,0,19.5,5.35
R27C,BUS005,2,0,9,0,1,17.4,2773.4,5.33,0,48.1,11.77
R27C,BUS002,1,1,9,0,1,11.9,3081.9,5.39,0,72.9,17.16
R45,BUS005,1,3,10,0,1,9.0,2056.0,5.13,0,39.3,15.63
R26,BUS001,1,2,16,0,0,13.4,1520.7,2.14,1,25.4,8.95
R26,BUS004,3,2,7,0,0,31.9,1911.2,2.36,0,12.0,4.83
R45,BUS003,2,2,22,0,0,19.7,2485.8,1.85,0,37.4,7.72
R45,BUS001,2,1,5,0,0,22.7,1929.3,2.97,0,26.3,5.89
R45,BUS001,2,3,22,0,0,17.7,2822.7,2.04,0,39.5,11.07
R27C,BUS004,1,5,14,1,0,25.2,2097.4,2.52,1,17.0,5.95
R27A,BUS002,3,6,8,1,0,20.0,1466.4,0.82,0,32.6,5.66
R57,BUS004,1,5,16,1,0,20.8,1644.0,2.19,0,70.4,6.33
R27C,BUS002,2,1,9,0,1,12.0,2098.1,4.44,0,34.4,11.74
R27A,BUS003,3,4,10,0,1,15.0,1762.7,4.54,0,66.3,9.09
R27A,BUS004,3,2,8,0,1,7.8,1675.1,5.74,0,62.4,16.27
R45,BUS005,1,6,19,1,0,18.0,2962.3,2.38,0,34.3,10.66
R45,BUS003,2,1,21,0,0,24.5,2916.3,2.05,2,32.1,10.56
R26,BUS003,2,5,13,1,0,26.3,1637.4,0.42,1,18.9,4.2
R26,BUS004,1,2,6,0,0,13.8,1776.4,1.28,2,32.9,9.44
R26,BUS001,2,2,21,0,0,21.0,1406.5,1.66,0,34.3,5.17
R45,BUS005,2,2,19,0,1,9.6,2765.8,6.41,0,75.2,19.37
R27A,BUS005,1,3,5,0,0,22.4,2292.6,0.75,1,37.5,6.77
R57,BUS002,1,6,7,1,0,23.0,1446.0,2.58,0,31.1,4.04
R27C,BUS004,1,5,19,1,0,24.9,2741.4,2.33,0,44.6,7.89
R45,BUS004,1,1,5,0,0,17.2,2652.8,0.89,0,30.8,9.55
R26,BUS003,3,3,17,0,1,10.9,1726.0,5.37,0,57.9,12.16
R27C,BUS002,2,6,9,1,0,30.6,2868.8,1.52,0,16.1,6.15
R27C,BUS003,2,1,20,0,1,11.6,2925.0,5.28,1,44.0,18.89
R57,BUS005,2,3,13,0,0,17.4,1768.1,1.14,0,32.6,5.61
R26,BUS001,1,0,12,0,0,19.7,1060.4,2.21,0,17.0,4.61
R26,BUS003,2,4,21,0,0,25.6,1765.4,2.38,0,25.6,5.84
R45,BUS003,1,2,21,0,0,15.4,2772.0,1.61,0,33.5,10.5
R57,BUS002,1,3,13,0,0,15.9,2044.6,1.2,0,19.3,8.81
R26,BUS002,1,4,20,0,1,17.4,1407.9,3.51,0,44.9,5.9
R26,BUS002,3,1,21,0,0,21.7,2171.1,1.09,0,17.2,6.91
R26,BUS005,1,5,5,1,0,13.9,1937.8,1.56,1,46.7,9.15
R45,BUS002,2,6,5,1,0,32.7,1986.5,0.72,0,31.1,4.03
R27C,BUS002,1,2,9,0,1,8.1,2803.3,5.19,1,60.3,24.17
R45,BUS005,1,3,11,0,0,23.3,2711.1,2.58,1,33.1,8.4
R27A,BUS002,1,6,13,1,0,21.0,1578.5,1.81,1,64.2,5.28
R45,BUS002,1,2,10,0,1,15.0,2860.7,6.2,0,74.8,13.31
R26,BUS004,3,5,15,1,0,22.1,1533.5,1.96,0,42.6,4.98
R27A,BUS004,1,1,5,0,0,22.0,2119.7,0.44,0,55.5,5.95
R45,BUS004,2,2,22,0,0,20.1,2522.0,2.15,0,44.6,8.38
R45,BUS005,1,5,12,1,0,27.4,1927.6,1.2,1,28.5,5.01
R27A,BUS005,2,1,19,0,1,10.3,1400.0,4.96,0,67.5,9.22
R27C,BUS005,2,3,20,0,1,20.3,1981.8,3.91,0,59.5,8.61
R57,BUS003,2,2,10,0,1,10.4,1842.6,6.13,0,52.8,14.17
R27A,BUS002,3,2,21,0,0,19.6,1436.8,2.14,1,57.3,6.33
R57,BUS002,3,1,14,0,0,15.6,1809.2,2.05,0,34.3,8.35
R57,BUS001,3,5,12,1,0,31.6,1886.8,1.49,0,24.8,4.12
R26,BUS004,3,4,14,0,0,23.8,1455.3,2.0,0,42.4,3.89
R27C,BUS004,1,0,21,0,0,24.9,1892.1,1.27,0,22.8,4.61
R27A,BUS005,3,6,16,1,0,22.2,1448.0,0.27,0,20.6,2.96
R57,BUS001,3,3,9,0,1,16.2,1340.5,5.95,2,79.5,8.19
R57,BUS002,3,5,8,1,0,22.0,1791.0,2.65,0,37.3,5.72
R45,BUS002,1,4,16,0,0,24.7,2610.6,2.47,0,25.2,7.59
R45,BUS004,2,2,7,0,0,23.8,2290.6,0.39,0,22.9,6.98
R26,BUS003,1,4,17,0,1,14.5,1645.2,5.9,0,55.1,9.09
R26,BUS003,3,3,13,0,0,14.7,1754.6,3.41,0,42.6,7.59
R45,BUS005,1,6,12,1,0,20.9,2767.9,0.66,1,43.8,8.97
R27A,BUS001,2,5,5,1,0,31.6,1682.7,2.78,1,58.4,6.26
R57,BUS003,1,2,22,0,0,24.2,1832.1,0.94,0,21.0,4.24
R26,BUS004,3,1,7,0,0,21.7,2014.7,2.59,1,52.1,6.37
R26,BUS001,2,5,6,1,0,29.6,1482.2,0.0,0,42.3,3.56
R27A,BUS002,2,0,11,0,0,18.4,888.7,0.63,1,42.1,3.98
R57,BUS001,3,1,18,0,1,18.4,1500.5,4.14,2,65.1,8.1
R26,BUS004,3,1,17,0,1,13.9,1809.2,5.07,0,78.7,10.13
R26,BUS002,3,0,10,0,1,3.3,1632.8,4.18,0,76.5,31.58
R45,BUS003,2,2,11,0,0,15.7,2639.5,0.19,0,15.5,10.3
R45,BUS001,2,4,18,0,1,10.6,2424.4,6.0,1,71.3,16.7
R27C,BUS004,1,2,10,0,1,15.9,3139.7,5.21,0,52.5,14.84
R27C,BUS001,2,4,11,0,0,25.0,3284.1,2.9,2,57.1,11.68
R27A,BUS001,3,4,9,0,1,18.7,1623.8,5.25,0,94.5,7.87
R45,BUS005,1,5,14,1,0,21.4,2165.5,2.39,1,36.6,8.08
R26,BUS004,1,1,14,0,0,26.8,1547.6,1.83,0,22.8,4.29
R27A,BUS001,3,5,22,1,0,28.1,1917.6,2.19,0,63.1,5.47
R27C,BUS002,2,6,18,1,0,21.5,2872.7,1.85,1,26.2,10.05
R45,BUS003,2,3,12,0,0,20.3,2450.4,1.27,1,17.2,8.05
R45,BUS005,2,6,19,1,0,22.5,2618.6,0.05,0,15.5,6.56
R27A,BUS005,1,3,19,0,1,9.6,1532.2,4.28,0,70.5,11.44
R57,BUS004,1,5,5,1,0,32.3,1531.4,1.55,0,51.3,2.36
R27A,BUS004,1,3,7,0,0,18.8,1989.7,0.0,0,25.8,5.63
R27A,BUS003,2,5,7,1,0,35.6,1372.1,0.82,0,49.8,3.34
R57,BUS005,3,4,11,0,0,11.4,1006.9,1.0,1,5.0,5.68
R26,BUS001,2,1,17,0,1,8.3,1330.9,4.3,0,81.6,11.21
R27C,BUS005,2,4,17,0,1,11.9,2094.0,5.19,0,39.7,12.34
R57,BUS003,1,6,6,1,0,20.5,1561.2,1.88,0,51.9,5.42
R26,BUS004,1,2,5,0,0,20.5,1929.7,2.03,0,30.7,6.3
R45,BUS002,2,3,11,0,0,19.3,2741.6,2.06,2,13.4,12.34
R45,BUS005,1,5,5,1,0,23.7,3194.1,0.41,0,27.7,8.07
R27C,BUS002,1,6,18,1,0,21.0,2579.6,1.24,0,37.7,7.62
R27A,BUS002,3,0,16,0,0,13.7,2166.3,0.74,0,51.7,9.72
R45,BUS003,1,6,19,1,0,28.5,2970.9,1.01,0,22.9,6.25
R45,BUS005,1,6,21,1,0,34.2,2669.5,1.1,0,42.4,5.41
R27A,BUS005,3,5,12,1,0,29.7,1924.3,0.69,0,20.5,4.57
R27A,BUS005,1,6,5,1,0,32.0,1596.6,0.76,0,55.5,3.57
R27A,BUS005,1,1,6,0,0,19.6,1932.2,0.19,0,26.6,5.81
R27A,BUS003,2,5,13,1,0,36.7,1773.5,2.25,0,42.6,3.79
R27A,BUS004,1,0,22,0,0,13.1,1511.6,3.81,0,37.3,9.01
R26,BUS001,3,6,22,1,0,29.3,1648.1,1.0,0,26.6,3.68
R27C,BUS001,1,2,18,0,1,11.7,2782.9,4.79,0,87.5,15.61
R26,BUS002,3,4,20,0,1,11.5,2190.4,4.72,0,49.4,13.57
R27A,BUS005,1,4,22,0,0,18.4,1496.0,0.98,0,58.4,5.19
R26,BUS005,3,0,10,0,1,6.6,1786.1,6.58,0,64.5,19.52
R45,BUS004,1,4,8,0,1,13.9,2627.5,4.82,0,52.3,13.17
R45,BUS004,1,2,16,0,0,15.6,1952.8,1.61,0,49.7,7.6
R57,BUS001,3,4,12,0,0,19.6,1819.7,1.46,1,33.9,6.43
R27A,BUS005,3,5,18,1,0,29.8,1845.7,1.94,0,38.0,4.2
R45,BUS001,1,4,16,0,0,13.7,2295.8,1.53,0,20.1,11.26
R27C,BUS004,1,6,5,1,0,21.5,2322.4,1.74,0,7.2,6.47
R26,BUS004,1,1,6,0,0,17.9,1564.6,1.14,0,45.1,5.11
R57,BUS002,3,4,13,0,0,21.4,1929.0,0.73,0,39.2,5.22
R27C,BUS005,1,4,10,0,1,18.4,2472.1,4.13,0,66.4,10.35
R27A,BUS005,2,1,16,0,0,16.4,1914.6,1.53,0,18.7,6.97
R26,BUS003,1,4,9,0,1,14.0,1349.4,5.12,0,62.6,7.08
R57,BUS004,3,6,22,1,0,21.2,1866.8,2.43,0,19.7,6.24
R45,BUS003,1,4,6,0,0,13.3,2923.6,2.5,0,36.9,13.19
R27A,BUS004,3,0,21,0,0,17.9,1267.1,2.41,0,20.9,6.81
R27C,BUS002,2,6,18,1,0,24.3,2322.3,3.23,0,37.1,7.87
R26,BUS002,3,3,19,0,1,15.4,1694.6,5.21,0,78.7,8.87
R26,BUS001,3,1,15,0,0,22.9,1712.7,2.41,0,54.2,5.49
R57,BUS002,1,0,22,0,0,25.6,1347.4,0.68,0,33.0,3.0
R57,BUS003,3,4,21,0,0,20.5,1479.6,2.14,0,38.1,4.68
R57,BUS004,3,1,18,0,1,16.0,2123.8,6.74,1,78.7,10.67
R57,BUS001,3,5,13,1,0,25.8,1830.0,1.47,0,5.0,4.47
R26,BUS005,2,2,14,0,0,18.1,1749.4,1.04,0,30.8,6.48
R57,BUS003,3,5,13,1,0,25.4,1888.7,1.29,0,27.1,5.08
R57,BUS002,1,2,13,0,0,16.1,2088.2,0.67,0,19.5,8.82
R27A,BUS005,2,1,11,0,0,7.3,2271.7,0.87,0,12.6,19.17
R57,BUS002,1,0,6,0,0,17.9,1746.4,2.6,0,32.6,6.19
R27C,BUS003,1,4,9,0,1,19.9,2403.9,4.79,1,81.0,9.51
R27A,BUS004,1,5,11,1,0,26.3,1510.3,1.73,0,40.9,3.45
R27C,BUS005,1,1,21,0,0,19.6,2579.0,1.05,0,46.1,8.91
R27C,BUS001,1,6,5,1,0,29.5,2731.7,1.24,0,34.6,6.46
R45,BUS005,2,1,10,0,1,10.7,3000.9,4.45,0,54.1,18.62
R57,BUS005,2,1,15,0,0,24.1,1843.4,0.96,1,47.6,6.07
R27A,BUS004,1,2,5,0,0,13.0,1792.7,2.5,0,62.6,10.55
R26,BUS001,2,1,9,0,1,12.8,2081.2,5.15,0,88.2,12.04
R57,BUS005,2,3,12,0,0,15.9,1219.9,1.02,1,5.0,5.9
R27A,BUS002,2,6,12,1,0,26.4,1746.4,1.28,0,23.7,3.81
R27C,BUS004,2,6,15,1,0,23.4,2478.5,0.71,0,34.7,6.97
R26,BUS004,2,5,9,1,0,30.9,1535.2,2.82,2,23.3,7.36
R57,BUS001,3,6,17,1,0,19.3,1951.0,2.08,0,51.0,5.99
R27C,BUS001,1,4,22,0,0,21.4,3020.2,0.0,2,51.2,9.97
R57,BUS004,1,3,14,0,0,21.2,1695.1,1.64,0,52.5,5.65
R45,BUS005,1,6,13,1,0,26.1,2148.9,0.76,0,29.9,5.01
R57,BUS002,2,2,21,0,0,14.3,1584.5,0.33,1,29.7,7.83
R57,BUS005,1,3,8,0,1,17.6,1719.7,4.02,0,51.7,6.74
R26,BUS004,2,1,5,0,0,9.6,1928.5,0.88,0,41.8,12.81
R57,BUS004,3,6,11,1,0,23.9,1391.2,1.99,1,45.0,5.17
R57,BUS001,3,3,16,0,0,17.7,1233.2,2.06,0,31.9,4.44
R45,BUS001,2,3,20,0,1,15.8,2645.6,6.34,0,64.0,13.27
R45,BUS005,1,0,5,0,0,16.6,2522.8,0.98,1,35.9,10.69
R27A,BUS002,3,2,5,0,0,26.7,1868.4,0.92,1,48.3,5.11
R45,BUS004,1,2,5,0,0,21.4,3017.7,0.24,0,73.9,8.18
R27A,BUS001,1,6,7,1,0,14.0,1797.1,2.19,0,36.8,9.31
R27C,BUS005,1,4,17,0,1,14.0,2804.4,5.48,0,44.0,14.53
R27C,BUS003,2,0,17,0,1,7.5,2610.8,4.44,0,81.6,22.66
R57,BUS005,1,5,10,1,0,23.1,1668.8,1.42,1,57.5,5.67
R45,BUS003,2,5,17,1,0,22.8,2305.3,2.95,0,23.1,6.67
R27A,BUS002,1,3,10,0,1,16.3,1408.8,4.44,2,68.1,8.42
R57,BUS005,3,5,19,1,0,28.4,1707.0,1.0,1,61.1,3.72
R57,BUS005,3,1,22,0,0,14.8,2163.9,2.24,0,44.5,9.82
R57,BUS005,1,6,17,1,0,31.9,1499.0,2.41,0,37.6,3.72
R45,BUS001,1,0,11,0,0,14.7,2616.1,1.36,0,36.9,10.44
R27A,BUS001,3,5,19,1,0,34.5,1508.6,2.25,1,21.1,4.35
R57,BUS002,3,5,17,1,0,37.5,2069.6,0.83,1,36.3,4.67
R27C,BUS001,2,5,7,1,0,24.5,1885.3,1.53,0,31.4,4.81
R45,BUS002,2,0,8,0,1,15.2,2124.5,3.87,0,73.9,9.47
R27A,BUS002,3,3,21,0,0,21.9,1817.8,1.81,0,27.6,5.72
R27A,BUS002,1,5,6,1,0,27.0,1374.0,1.24,0,39.3,3.57
R27C,BUS001,1,3,13,0,0,15.9,2019.6,1.13,0,30.4,8.22
R27C,BUS002,2,1,15,0,0,8.7,3277.2,0.3,0,34.4,23.33
R45,BUS005,2,5,14,1,0,24.7,2782.4,1.42,0,5.0,7.38
R26,BUS003,2,4,17,0,1,6.8,1602.2,4.74,0,58.8,15.43
R57,BUS002,2,5,14,1,0,29.0,2014.5,3.3,0,30.1,5.15
R26,BUS005,1,5,17,1,0,31.0,1415.6,1.24,0,42.4,3.5
R27A,BUS002,1,1,7,0,0,27.0,1705.0,2.23,1,32.3,6.08
R26,BUS004,2,3,18,0,1,7.6,1509.0,4.34,1,65.8,14.45
R27C,BUS002,1,4,16,0,0,13.6,2199.1,2.57,0,25.9,9.67
R27A,BUS001,3,0,20,0,1,11.2,1771.9,4.31,0,83.4,10.58
R26,BUS003,3,6,19,1,0,32.7,1540.1,1.82,0,24.1,3.5
R57,BUS001,2,0,19,0,1,14.6,1336.3,5.86,0,80.9,7.2
R26,BUS002,2,3,13,0,0,24.3,1860.3,2.99,0,36.7,5.42
R27A,BUS005,3,5,21,1,0,32.9,1158.9,1.1,0,36.0,3.23
R27A,BUS004,1,0,11,0,0,20.1,1485.4,1.09,0,33.2,4.85
R27C,BUS001,2,5,18,1,0,21.1,2801.9,1.26,0,41.1,8.54
R57,BUS001,3,2,17,0,1,15.9,1874.1,5.28,0,70.2,9.44
R45,BUS004,2,4,7,0,0,21.1,2343.3,0.85,0,35.9,7.1
R27A,BUS002,3,5,19,1,0,21.7,1854.3,1.47,0,31.2,5.63
R27C,BUS004,1,1,6,0,0,23.0,2914.0,1.44,0,22.2,7.76
R45,BUS003,1,4,11,0,0,31.1,2341.9,0.49,0,35.1,4.58
R45,BUS005,1,6,14,1,0,22.5,2618.9,1.37,0,26.0,6.9
R26,BUS004,1,6,17,1,0,33.4,1927.0,1.28,0,40.0,4.34
R57,BUS003,1,1,17,0,1,10.2,2012.1,5.55,0,52.8,13.79
R27A,BUS001,3,1,5,0,0,19.8,1361.6,1.08,0,53.8,4.78
R27C,BUS001,2,4,10,0,1,9.6,2177.4,4.65,0,77.6,15.81
R27C,BUS004,2,4,6,0,0,20.4,2890.3,0.23,0,31.3,8.36
R45,BUS001,2,4,20,0,1,14.5,1997.1,4.03,0,75.3,10.73
R27C,BUS002,2,6,5,1,0,27.1,2251.8,2.05,0,31.7,5.54
R57,BUS003,3,2,15,0,0,17.1,1845.5,0.0,1,23.6,7.56
R26,BUS004,3,3,19,0,1,10.0,1568.1,3.41,0,58.2,11.38
R26,BUS001,1,3,17,0,1,10.7,1405.0,5.4,1,94.7,11.3
R27A,BUS001,2,6,21,1,0,24.3,1758.6,1.17,0,33.2,5.2
R45,BUS003,2,6,11,1,0,23.6,2193.6,1.69,0,8.6,6.79
R27C,BUS001,1,2,13,0,0,15.3,2450.9,2.13,0,32.8,10.86
R57,BUS005,2,6,22,1,0,30.0,1542.5,2.4,0,5.0,4.42
R57,BUS001,2,6,19,1,0,30.2,1482.1,1.74,0,30.0,4.36
R26,BUS004,3,4,19,0,1,12.1,1318.5,3.28,1,72.7,9.07
R57,BUS002,2,3,8,0,1,10.0,1824.0,4.52,1,79.6,12.68
R27A,BUS004,1,5,17,1,0,32.0,1672.2,1.37,0,39.7,3.34
R26,BUS003,1,4,5,0,0,21.9,1747.5,1.95,0,63.1,6.11
R45,BUS001,1,3,5,0,0,24.3,2844.7,0.04,0,8.8,6.56
R27A,BUS003,1,6,16,1,0,27.5,981.6,3.63,2,41.4,4.64
R45,BUS003,1,4,13,0,0,24.3,2271.4,1.17,0,43.2,6.18
R57,BUS001,3,0,17,0,1,13.3,1783.2,5.84,0,61.7,10.53
R27C,BUS002,2,6,18,1,0,35.1,2771.6,0.89,1,63.9,6.66
R27C,BUS005,2,0,14,0,0,19.6,2674.1,1.23,2,33.6,11.15
R27A,BUS001,1,0,19,0,1,12.5,1588.8,5.56,0,49.6,9.54
R45,BUS001,2,4,22,0,0,26.5,2713.1,0.94,2,13.5,8.68
R45,BUS002,2,1,11,0,0,26.4,2669.1,0.97,2,14.1,8.54
R45,BUS003,1,2,14,0,0,11.4,2376.5,1.24,2,47.5,15.07
R27A,BUS001,2,4,6,0,0,23.3,1753.6,2.3,1,35.1,5.62
R27A,BUS002,2,4,20,0,1,20.1,1772.4,5.51,0,58.3,8.08
R26,BUS001,2,6,20,1,0,34.7,1492.2,1.24,0,22.1,2.5
R27C,BUS001,2,0,19,0,1,11.1,2254.1,3.14,1,67.4,14.56
R26,BUS003,2,0,9,0,1,10.0,1373.2,4.67,0,67.5,10.64
R57,BUS002,3,2,12,0,0,25.5,1608.1,2.38,0,13.6,5.17
R45,BUS005,1,6,19,1,0,23.6,2110.1,2.3,0,34.7,6.82
R45,BUS002,2,4,19,0,1,10.3,3063.6,3.42,0,62.7,19.44
R26,BUS001,1,1,15,0,0,14.2,1446.1,1.87,0,31.7,6.53
R26,BUS005,1,4,21,0,0,16.1,1644.0,2.51,0,38.7,7.59
R27A,BUS001,1,2,22,0,0,13.1,1700.9,1.06,0,35.1,8.23
R27C,BUS002,2,1,18,0,1,12.8,2080.1,4.0,0,64.9,12.52
R57,BUS002,3,2,11,0,0,25.3,1818.8,1.94,0,21.6,4.85
R27A,BUS004,3,0,11,0,0,19.2,1733.5,2.35,0,31.8,6.78
R27A,BUS003,3,0,19,0,1,12.4,1688.5,5.59,0,62.7,9.34
R26,BUS003,3,4,6,0,0,23.0,2285.9,0.32,1,13.8,6.87
R57,BUS003,3,6,18,1,0,33.1,1805.6,2.13,0,11.0,5.14
R45,BUS001,2,0,5,0,0,17.8,2360.8,1.43,0,47.9,7.98
R26,BUS005,3,6,22,1,0,24.6,1568.5,1.5,0,62.3,4.52
R57,BUS004,2,3,17,0,1,10.5,1274.1,4.5,0,54.4,10.05
R45,BUS002,1,5,8,1,0,33.9,2535.0,1.57,0,21.2,5.42
R26,BUS002,2,3,15,0,0,13.3,1338.8,1.76,1,60.3,6.61
R27C,BUS004,1,1,14,0,0,24.0,2933.4,1.56,0,40.7,8.12
R45,BUS001,2,3,8,0,1,10.1,2524.1,4.34,0,66.5,16.6
R27C,BUS001,1,0,16,0,0,17.6,2356.5,1.84,1,41.8,8.8
R27C,BUS002,2,0,18,0,1,9.0,3232.4,4.67,0,67.6,22.36
R27A,BUS001,2,3,11,0,0,18.7,1718.5,2.14,0,52.8,5.77
R27C,BUS005,2,1,21,0,0,20.2,2575.1,1.17,0,22.2,7.26
R26,BUS001,2,3,19,0,1,20.7,1568.5,5.11,0,57.3,6.73
R57,BUS005,2,4,14,0,0,18.4,1532.4,1.5,1,27.7,5.9
R27A,BUS004,3,2,11,0,0,13.7,1543.7,1.46,0,47.2,9.22
R45,BUS004,1,3,13,0,0,23.1,2373.7,1.89,1,26.7,6.64
R45,BUS004,1,6,5,1,0,29.0,2061.7,0.75,0,57.9,4.33
R45,BUS004,2,0,16,0,0,29.5,3149.2,1.46,0,45.7,6.8
R26,BUS005,3,2,10,0,1,11.1,1440.0,6.17,0,54.5,10.06
R26,BUS005,1,6,22,1,0,24.6,1352.9,1.1,1,34.0,4.61
R27C,BUS003,2,6,6,1,0,27.8,2602.3,1.09,0,19.3,5.8
R57,BUS001,3,4,13,0,0,21.8,1676.9,0.76,0,35.5,5.42
R27A,BUS003,2,5,10,1,0,36.1,1854.9,1.51,0,46.9,3.24
R45,BUS005,1,5,17,1,0,25.2,2558.9,0.63,0,18.9,6.62
R45,BUS003,2,3,19,0,1,13.5,2224.1,3.9,2,59.3,13.8
R26,BUS002,3,5,15,1,0,21.8,1563.7,0.0,0,25.5,4.84
R27C,BUS002,1,3,13,0,0,20.3,2512.1,0.87,0,28.9,7.39
R45,BUS004,2,1,16,0,0,25.8,2576.2,1.2,1,47.5,6.55
R27C,BUS001,1,4,12,0,0,24.7,2387.7,1.94,0,26.0,5.76
R27C,BUS002,1,3,18,0,1,20.6,2187.7,4.3,1,66.2,8.49
R27A,BUS005,2,1,10,0,1,12.0,1477.7,4.84,0,58.0,9.67
R57,BUS003,2,4,19,0,1,8.9,1954.6,6.31,1,57.6,16.9
R27A,BUS003,1,4,7,0,0,19.4,2082.4,1.13,0,27.9,6.69
R57,BUS005,3,3,7,0,0,20.0,1823.0,0.0,2,32.8,8.04
R57,BUS004,2,2,11,0,0,19.7,1212.6,1.13,0,49.2,4.84
R45,BUS002,1,2,10,0,1,19.1,2148.1,4.45,0,79.4,9.34
R57,BUS005,3,1,7,0,0,20.7,1648.5,1.72,0,51.3,4.47
R27A,BUS001,3,3,14,0,0,17.0,1886.0,1.14,1,36.8,8.57
R27C,BUS005,2,5,19,1,0,26.7,3102.5,1.65,0,33.4,6.94
R45,BUS001,2,3,13,0,0,24.5,2761.7,1.42,0,40.7,6.23
R57,BUS001,3,6,16,1,0,36.8,1624.6,0.52,0,11.1,3.51
R45,BUS003,1,2,10,0,1,11.7,2886.0,5.15,0,42.0,16.39
R26,BUS002,2,4,11,0,0,15.8,1792.3,0.76,0,34.0,7.73
R26,BUS005,1,6,6,1,0,26.3,1617.7,1.16,0,20.5,4.49
R57,BUS005,2,2,10,0,1,10.8,1930.3,4.57,1,65.0,13.58
R45,BUS002,1,1,7,0,0,18.4,2189.3,0.0,0,40.1,8.56
R45,BUS002,2,5,14,1,0,28.4,2743.5,3.61,0,12.3,6.69
R27C,BUS004,1,2,7,0,0,26.7,2404.9,0.39,0,45.8,4.88
R45,BUS003,1,4,10,0,1,19.3,3227.1,4.88,0,84.7,12.77
R26,BUS005,2,5,12,1,0,26.8,1440.2,2.13,0,28.1,4.41
R26,BUS002,1,1,8,0,1,13.5,1823.5,4.24,2,93.4,12.44
R45,BUS004,2,3,5,0,0,24.8,2425.4,2.0,0,17.6,7.59
R26,BUS004,3,5,19,1,0,26.8,1943.1,2.33,0,37.8,5.8
R57,BUS001,1,6,11,1,0,26.3,1477.9,4.42,0,61.2,5.1
R45,BUS001,1,2,17,0,1,19.6,2289.8,4.14,2,26.8,10.95
R27C,BUS002,2,4,7,0,0,22.1,2663.7,1.68,0,42.3,8.17
R27A,BUS002,3,0,5,0,0,22.5,1699.5,2.32,1,36.0,6.7
R57,BUS002,1,4,18,0,1,7.1,1293.6,5.36,1,62.5,12.78
R26,BUS002,2,4,15,0,0,19.1,1669.1,1.55,0,5.0,5.61
R45,BUS003,2,3,9,0,1,5.1,2860.5,4.41,1,31.4,35.41
R27A,BUS002,3,4,19,0,1,8.6,1561.0,5.36,0,63.5,13.43
R26,BUS001,3,3,5,0,0,29.3,1536.4,0.86,1,61.8,3.75
R27A,BUS003,2,6,18,1,0,26.1,1804.8,2.17,0,28.7,4.82
R27A,BUS002,1,0,8,0,1,11.5,1736.0,4.59,0,59.3,11.07
R57,BUS003,2,5,19,1,0,19.9,1524.2,0.49,0,51.8,4.89
R26,BUS005,1,4,18,0,1,13.8,1469.9,6.29,0,71.8,8.78
R26,BUS001,1,1,15,0,0,26.7,1753.0,1.58,0,20.1,4.48
R27A,BUS004,1,5,8,1,0,25.7,1813.5,2.79,0,20.9,6.51
R57,BUS004,3,0,21,0,0,19.1,2081.3,1.25,1,41.9,7.4
R27A,BUS005,1,6,18,1,0,31.8,1876.0,0.17,0,30.0,3.48
R57,BUS005,1,4,9,0,1,5.9,1853.2,5.59,0,61.5,20.4
R27A,BUS002,1,5,6,1,0,36.4,1982.6,2.97,0,28.5,4.45
R57,BUS001,1,6,20,1,0,19.3,1425.1,1.88,0,42.2,4.15
R57,BUS003,2,1,20,0,1,16.1,1528.1,5.51,0,66.4,8.06
R27A,BUS001,1,4,18,0,1,16.7,1892.3,5.1,0,61.3,8.82
R57,BUS001,3,4,16,0,0,20.7,1691.7,1.53,0,63.3,5.95
R26,BUS001,3,3,16,0,0,21.9,2083.7,1.92,0,45.7,7.5
R57,BUS001,1,5,14,1,0,32.5,1699.5,1.88,0,62.0,3.92
R45,BUS003,2,2,16,0,0,25.3,2851.5,0.67,0,14.6,6.95
R27A,BUS001,1,6,12,1,0,20.4,1694.4,2.48,0,30.6,5.21
R57,BUS004,2,6,12,1,0,22.2,2367.2,2.1,1,37.3,7.32
R45,BUS003,2,5,9,1,0,29.5,2508.4,1.67,0,36.0,5.97
R27A,BUS003,1,3,5,0,0,15.8,1427.7,2.68,0,39.5,6.27
R26,BUS004,3,4,6,0,0,10.4,963.1,1.84,0,15.8,5.86
R57,BUS002,3,2,20,0,1,9.7,1896.6,3.1,2,93.8,15.52
R57,BUS001,2,2,15,0,0,28.7,1880.7,0.04,0,34.5,3.96
R27C,BUS004,2,4,9,0,1,10.4,2227.7,4.6,0,56.4,14.87
R27A,BUS003,1,2,21,0,0,23.9,1802.4,2.14,0,26.6,4.79
R45,BUS004,2,6,8,1,0,17.1,2295.5,1.66,1,49.8,10.06
R26,BUS003,3,1,8,0,1,12.3,1879.4,5.81,0,56.3,11.59
R27A,BUS004,1,3,17,0,1,16.7,1704.2,5.56,0,63.7,9.15
R45,BUS002,2,4,9,0,1,16.2,1925.2,4.4,0,56.9,8.28
R27A,BUS002,1,4,20,0,1,11.8,1436.2,5.87,0,73.4,10.43
R45,BUS001,2,2,13,0,0,11.6,2781.0,2.89,0,7.3,15.72
R26,BUS005,3,5,8,1,0,24.7,1728.0,3.01,1,55.7,6.96
R26,BUS001,1,4,9,0,1,15.1,1711.4,3.83,0,52.5,9.19
R57,BUS001,2,4,14,0,0,5.0,1638.8,2.17,1,31.4,22.06
R26,BUS005,2,2,7,0,0,19.1,1721.0,1.21,0,23.5,5.7
R27C,BUS002,1,6,19,1,0,26.8,2714.6,1.67,1,36.2,7.46
R57,BUS003,3,1,15,0,0,20.7,2016.2,1.6,0,51.2,6.15
R26,BUS002,1,3,21,0,0,24.9,1639.9,2.05,0,46.0,4.63
R27A,BUS004,1,4,17,0,1,17.4,1996.4,5.74,0,51.9,7.88
R45,BUS001,2,5,21,1,0,26.6,2890.4,0.0,0,37.0,7.01
R27A,BUS005,3,1,8,0,1,15.9,1497.4,4.09,0,91.3,7.29
R45,BUS002,2,4,8,0,1,9.4,2669.0,5.15,1,95.8,20.21
R57,BUS001,1,5,9,1,0,25.4,1351.7,0.19,0,14.4,3.47
R27C,BUS002,2,1,19,0,1,17.9,2854.6,5.17,0,63.5,13.2
R57,BUS005,2,6,16,1,0,22.9,1833.4,1.82,1,20.8,6.71
R57,BUS003,1,2,10,0,1,16.7,2025.2,5.17,0,86.3,9.6
R27A,BUS003,3,6,7,1,0,25.3,1743.6,1.33,0,6.2,4.86
R26,BUS002,1,1,19,0,1,8.9,1258.5,4.73,1,67.0,10.59
R57,BUS003,1,0,13,0,0,24.1,1937.1,1.48,0,41.4,6.02
R27A,BUS003,2,1,6,0,0,22.2,1988.3,1.26,0,26.5,5.61
R27C,BUS002,1,0,5,0,0,19.2,2467.5,2.7,1,49.4,10.43
R26,BUS004,3,1,22,0,0,16.6,1685.6,1.46,0,53.9,6.49
R26,BUS005,2,1,10,0,1,12.5,1532.5,6.58,0,36.7,10.1
R27A,BUS005,2,0,15,0,0,21.2,1768.5,0.43,0,23.2,5.56
R27A,BUS001,1,2,10,0,1,8.1,1720.0,4.07,0,41.4,13.95
R26,BUS004,3,3,15,0,0,23.1,1503.0,1.98,1,55.0,5.27
R26,BUS003,2,5,5,1,0,18.9,1919.9,0.77,0,28.0,6.81
R26,BUS004,1,3,19,0,1,14.9,1652.6,5.19,0,51.8,9.27
R45,BUS003,2,4,6,0,0,16.7,2281.0,2.03,0,32.7,8.42
R26,BUS004,3,0,19,0,1,9.0,1349.2,5.36,0,81.6,10.64
R57,BUS001,2,5,6,1,0,29.0,2277.8,0.61,0,41.2,5.66
R27A,BUS001,1,2,7,0,0,25.8,1680.3,0.0,1,25.9,3.55
R57,BUS005,1,2,17,0,1,11.5,1316.4,4.5,0,56.2,8.87
R26,BUS003,1,5,20,1,0,28.0,1971.3,1.48,0,44.7,5.64
R45,BUS002,1,6,21,1,0,28.5,2440.3,1.04,0,6.5,5.95
R27A,BUS003,3,2,18,0,1,16.2,1954.5,4.19,0,42.6,8.58
R57,BUS004,2,0,12,0,0,23.7,1793.7,2.01,0,59.2,6.0
R27C,BUS004,1,5,17,1,0,29.4,2768.0,0.41,0,20.1,5.34
R27A,BUS004,3,2,6,0,0,29.1,1206.9,0.06,0,20.9,2.2
R27A,BUS005,1,0,11,0,0,16.2,1662.9,0.49,0,32.9,7.06
R57,BUS002,3,2,13,0,0,15.3,2005.9,1.41,0,32.2,10.14
R26,BUS005,1,1,22,0,0,23.5,2191.2,0.74,0,29.6,5.3
R57,BUS005,2,6,5,1,0,24.3,1489.9,2.87,0,39.5,5.28
R27A,BUS004,3,4,6,0,0,26.7,1883.3,2.16,1,27.6,5.46
R57,BUS003,3,3,15,0,0,23.4,1749.1,0.93,0,38.6,4.75
R27A,BUS003,3,3,16,0,0,20.8,1574.1,1.4,0,36.5,4.58
R27A,BUS005,1,6,19,1,0,23.3,1196.0,1.65,0,36.9,3.83
R27A,BUS001,1,5,21,1,0,29.6,1463.6,1.25,0,59.7,4.83
R57,BUS005,3,1,7,0,0,23.5,1632.4,0.36,1,32.5,4.58
R27C,BUS005,2,0,19,0,1,5.5,3193.3,6.38,0,55.2,36.6
R26,BUS001,3,3,11,0,0,17.5,1548.3,1.1,0,44.2,6.78
R27C,BUS001,1,6,19,1,0,25.6,2470.1,1.49,1,19.7,6.31
R26,BUS002,2,6,11,1,0,30.0,1519.3,0.59,1,40.7,5.59
R57,BUS002,2,3,22,0,0,18.0,1830.0,1.18,1,10.1,6.79
R27A,BUS003,3,4,22,0,0,19.2,1491.9,2.22,0,20.5,6.39
R26,BUS001,1,3,21,0,0,27.9,1618.4,1.73,0,18.7,3.33
R45,BUS005,2,4,9,0,1,17.8,2858.1,3.62,0,83.9,12.01
R27C,BUS005,1,4,11,0,0,18.9,3318.7,0.64,0,45.3,11.8
R45,BUS002,1,2,14,0,0,27.2,2815.8,3.0,0,42.0,7.37
R26,BUS002,3,3,5,0,0,13.2,1401.9,2.2,1,38.8,8.13
R27C,BUS005,1,5,21,1,0,33.7,2673.9,0.93,0,20.0,5.28
R27C,BUS004,2,2,17,0,1,15.5,2029.5,5.83,0,74.7,11.44
R27C,BUS003,2,4,10,0,1,6.3,2769.1,4.45,0,49.8,28.18
R27A,BUS004,3,6,17,1,0,25.8,1694.4,1.06,0,34.4,3.88
R57,BUS001,2,1,18,0,1,8.2,1842.5,4.68,0,92.8,14.64
R27C,BUS004,2,4,21,0,0,26.8,2195.7,0.6,0,31.4,5.07
R27A,BUS002,2,4,8,0,1,9.5,2034.1,5.48,1,84.6,15.88
R45,BUS001,2,5,18,1,0,21.1,2582.2,1.68,1,38.6,8.76
R45,BUS003,1,0,16,0,0,17.7,3050.1,1.35,0,35.5,10.73
R27C,BUS003,1,4,8,0,1,17.0,3092.7,5.04,1,53.6,14.31
R27C,BUS002,1,2,11,0,0,16.6,2584.8,1.32,0,61.3,10.0
R57,BUS001,2,5,17,1,0,31.1,1694.3,2.46,0,35.9,3.92
R45,BUS003,2,3,16,0,0,16.3,2696.6,0.18,0,17.4,8.6
R27A,BUS003,1,0,20,0,1,19.2,1866.6,4.37,2,90.3,9.52
R57,BUS002,3,5,16,1,0,25.7,1697.0,1.73,2,20.7,8.13
R27C,BUS001,1,6,5,1,0,17.9,1927.9,1.71,0,34.4,7.13
R26,BUS001,1,0,19,0,1,10.7,1394.2,5.36,0,63.1,9.29
R27A,BUS003,2,0,5,0,0,18.9,1669.2,1.33,0,29.3,5.32
R57,BUS002,3,2,13,0,0,22.0,1618.5,0.95,0,45.9,4.58
R27A,BUS004,1,1,10,0,1,3.1,1348.2,3.48,0,87.0,27.8
R27A,BUS003,2,6,19,1,0,21.9,1405.6,1.07,0,30.5,4.11
R45,BUS003,2,4,10,0,1,16.7,2199.5,5.03,1,88.0,10.08
R57,BUS003,2,3,8,0,1,14.9,1043.9,3.96,0,81.9,5.55
R27C,BUS001,2,2,11,0,0,14.4,3010.5,3.06,2,14.9,15.04
R26,BUS004,2,0,14,0,0,15.9,1771.6,2.99,2,37.0,9.45
R57,BUS004,1,1,19,0,1,12.7,1488.1,5.22,0,67.7,8.1
R45,BUS004,2,3,6,0,0,31.0,2704.9,1.71,0,36.7,6.2
R27C,BUS005,1,1,16,0,0,24.0,2774.3,2.05,1,58.8,8.36
R26,BUS005,3,0,17,0,1,12.4,1830.6,4.76,0,42.4,10.45
R27C,BUS001,1,1,11,0,0,23.4,2485.5,0.93,0,54.3,6.9
R26,BUS004,1,5,18,1,0,25.2,1614.0,1.14,0,51.2,3.02
R26,BUS004,1,1,20,0,1,8.9,1412.5,4.58,0,27.5,12.31
R27C,BUS003,2,5,9,1,0,29.0,2663.9,1.02,0,48.4,5.61
R27A,BUS003,1,5,17,1,0,22.3,1520.6,1.35,2,18.5,6.9
R45,BUS003,1,2,13,0,0,19.9,2742.7,2.66,2,16.2,10.85
R45,BUS004,1,1,18,0,1,9.6,2449.5,6.46,0,58.7,17.58
R45,BUS004,1,1,10,0,1,12.9,2849.9,4.86,1,66.2,16.81
R57,BUS002,1,5,20,1,0,28.7,2432.8,0.0,0,45.5,5.4
R27C,BUS005,1,0,8,0,1,11.5,2438.3,3.71,0,59.1,14.18
R26,BUS004,2,3,5,0,0,21.9,1639.1,1.29,0,47.8,5.52
R57,BUS004,2,6,8,1,0,26.0,1671.3,1.67,0,42.1,5.0
R45,BUS001,2,6,5,1,0,30.0,2974.6,2.56,0,9.6,7.1
R45,BUS002,2,6,14,1,0,33.8,2687.8,0.17,1,39.6,5.92
R27A,BUS002,2,6,18,1,0,21.3,2132.5,1.72,0,40.7,7.02
R27C,BUS001,2,6,11,1,0,18.0,2717.9,1.02,0,30.5,9.25
R27C,BUS002,2,4,16,0,0,21.8,2904.8,1.98,1,24.2,10.08
R27A,BUS005,3,4,8,0,1,19.6,1758.8,6.65,0,97.4,7.97
R27C,BUS004,1,3,6,0,0,22.0,2542.4,2.07,0,40.0,6.87
R27C,BUS003,1,2,10,0,1,21.0,2321.3,3.38,1,74.2,8.41
R57,BUS003,1,5,17,1,0,31.3,1844.4,1.84,0,51.7,4.49
R45,BUS001,2,0,21,0,0,19.6,2162.8,1.23,1,38.3,9.05
R57,BUS003,1,4,21,0,0,15.4,1577.1,0.44,0,37.8,6.75
R57,BUS002,1,2,10,0,1,10.2,1242.7,5.35,0,49.4,9.32
R57,BUS001,1,0,7,0,0,29.1,1719.0,1.0,0,35.3,3.19
R27A,BUS005,1,0,5,0,0,20.4,1611.8,1.45,0,50.9,5.0
R27C,BUS002,2,3,7,0,0,24.8,2422.4,0.67,0,30.9,6.26
R27A,BUS004,2,1,18,0,1,11.1,1661.4,4.76,1,64.6,11.61
R45,BUS002,2,0,17,0,1,4.7,2466.9,4.09,0,66.3,33.76
R57,BUS001,3,0,12,0,0,28.8,1671.7,1.22,0,41.7,3.81
R26,BUS003,2,0,22,0,0,15.1,1627.2,2.43,0,39.2,7.98
R57,BUS004,3,3,17,0,1,13.0,1631.6,4.98,0,43.9,10.21
R45,BUS004,2,4,5,0,0,21.5,2794.5,1.18,0,39.8,7.04
R27C,BUS002,2,1,6,0,0,18.1,2322.3,1.31,1,19.6,9.57
R45,BUS004,1,0,9,0,1,12.8,2819.1,6.15,0,70.9,16.21
R26,BUS001,2,0,5,0,0,15.6,2108.2,2.3,0,32.7,9.39
R27C,BUS004,1,6,19,1,0,27.3,3306.1,1.1,0,6.7,8.42
R27C,BUS003,2,3,19,0,1,13.8,2545.4,4.45,0,79.8,12.68
R26,BUS005,2,4,5,0,0,25.7,1876.6,2.48,0,45.3,6.4
R26,BUS001,2,5,18,1,0,16.2,1844.4,1.76,0,46.0,8.31
R57,BUS004,1,6,17,1,0,21.1,1706.6,1.36,1,25.6,6.9
R26,BUS003,2,5,21,1,0,28.2,1751.9,0.54,1,71.4,3.63
R26,BUS004,3,5,7,1,0,23.9,1721.5,0.0,0,27.6,4.35
R26,BUS002,1,4,10,0,1,12.1,1911.2,3.68,2,66.4,13.07
R26,BUS004,1,6,17,1,0,28.2,1785.2,0.22,1,38.7,5.18
R27A,BUS005,3,4,10,0,1,12.4,1776.7,5.29,0,72.6,9.95
R26,BUS003,3,3,19,0,1,8.0,1835.9,5.06,0,50.9,15.46
R57,BUS004,1,4,13,0,0,17.4,1789.4,1.7,1,28.1,7.86
R45,BUS002,1,1,9,0,1,12.3,1846.3,5.55,0,40.9,11.09
R27C,BUS004,1,6,14,1,0,21.8,2061.4,2.01,0,45.6,6.58
R45,BUS005,1,6,13,1,0,26.8,2328.9,2.08,0,42.4,5.98
R45,BUS004,1,2,8,0,1,12.2,2801.9,4.81,1,38.9,16.21
R27A,BUS001,2,1,6,0,0,17.6,2110.2,1.96,0,47.6,8.51
R27C,BUS005,1,4,10,0,1,6.6,2560.7,5.82,0,78.2,24.66
R27A,BUS001,2,2,9,0,1,8.7,1441.2,3.34,0,57.9,10.77
R57,BUS005,1,5,16,1,0,18.6,1638.8,0.74,1,24.2,6.09
R57,BUS002,1,3,10,0,1,16.6,2017.2,5.32,0,61.9,9.15
R57,BUS004,1,2,16,0,0,17.5,1987.6,0.41,0,73.7,7.49
R45,BUS003,1,5,8,1,0,27.6,2582.6,1.88,1,31.8,7.73
R57,BUS003,1,0,8,0,1,19.6,2068.2,5.19,2,61.6,10.89
R57,BUS002,3,0,19,0,1,14.7,1640.0,4.79,0,56.9,7.9
R45,BUS001,1,2,7,0,0,16.5,2390.9,2.2,0,31.5,10.26
R27A,BUS005,2,4,5,0,0,26.8,1696.2,1.2,0,15.4,4.75
R27A,BUS004,2,1,8,0,1,12.0,2069.7,5.25,0,83.8,12.35
R27A,BUS003,1,4,17,0,1,15.8,1613.7,5.7,1,69.4,9.02
R27C,BUS002,1,3,14,0,0,22.2,1899.3,1.44,0,68.3,6.46
R45,BUS003,1,5,8,1,0,19.5,2447.8,1.63,1,52.4,10.24
R27A,BUS003,1,3,11,0,0,13.8,1928.0,1.36,0,50.6,8.82
R27C,BUS004,2,0,10,0,1,20.3,2144.7,6.33,0,69.7,8.76
R45,BUS002,1,1,11,0,0,16.1,1767.4,1.51,2,33.1,8.96
R57,BUS002,3,4,6,0,0,15.3,1526.5,0.7,0,20.6,7.04
R57,BUS005,3,2,11,0,0,29.1,1624.3,1.75,1,36.7,5.03
R27C,BUS002,2,5,11,1,0,29.1,2183.2,0.52,0,46.4,4.65
R27C,BUS003,1,4,15,0,0,26.4,2337.7,2.39,0,21.5,7.19
R45,BUS001,2,0,22,0,0,7.9,2518.7,2.69,0,32.5,20.08
R27C,BUS004,1,6,18,1,0,21.1,2976.0,2.07,1,58.1,9.45
R27A,BUS004,3,1,13,0,0,13.0,2000.6,1.29,1,24.8,9.33
R27A,BUS005,1,3,15,0,0,15.5,1592.7,1.38,0,23.7,6.24
R57,BUS004,2,2,10,0,1,11.4,1436.6,4.74,1,52.8,11.45
R45,BUS004,1,1,18,0,1,9.7,2356.3,4.76,0,77.6,17.54
R27A,BUS005,1,6,18,1,0,22.7,1510.7,1.49,0,31.5,4.43
R26,BUS005,3,4,7,0,0,21.8,1708.9,2.14,0,33.2,5.34
R45,BUS002,2,1,13,0,0,20.7,2795.5,1.31,0,39.8,8.72
R57,BUS001,3,6,20,1,0,32.3,1705.6,0.63,0,18.5,4.62
R27A,BUS002,1,2,20,0,1,16.9,2115.4,3.75,0,51.1,7.97
R26,BUS002,3,6,9,1,0,20.7,1809.5,1.52,2,38.1,7.89
R57,BUS002,2,1,21,0,0,14.6,1292.2,1.0,0,55.7,5.39
R26,BUS005,3,0,17,0,1,15.7,1515.6,3.12,0,63.0,6.1
R57,BUS001,3,6,22,1,0,22.5,1757.0,0.83,0,17.0,5.32
R26,BUS002,3,2,21,0,0,25.0,1503.6,1.41,0,31.8,3.44
R27A,BUS002,3,6,7,1,0,34.2,1701.2,1.25,0,47.6,3.72
R27A,BUS004,1,2,20,0,1,13.7,1701.8,6.22,0,80.2,10.87
R45,BUS005,1,3,17,0,1,13.5,3053.8,5.58,0,76.4,16.45
R45,BUS001,1,0,12,0,0,18.4,3017.1,2.81,0,55.5,10.98
R45,BUS004,2,6,16,1,0,22.7,2403.3,0.8,0,54.5,7.27
R57,BUS004,3,4,17,0,1,14.7,1740.3,5.97,0,59.0,8.99
R27A,BUS003,2,2,8,0,1,9.0,1746.7,4.97,0,65.3,13.85
R26,BUS003,3,6,20,1,0,29.1,1752.7,1.65,0,37.4,2.97
R26,BUS004,2,4,9,0,1,9.7,2046.0,4.68,0,40.3,13.77
R57,BUS004,2,2,8,0,1,18.0,1756.0,5.49,1,60.7,7.53
R57,BUS001,2,6,5,1,0,23.2,1806.6,2.38,1,20.0,5.75
R27C,BUS004,1,6,13,1,0,23.8,2199.3,1.14,0,65.2,5.72
R27C,BUS001,2,5,12,1,0,26.0,2549.6,0.54,0,28.9,5.71
R26,BUS003,3,3,13,0,0,10.7,1274.4,1.42,2,68.3,9.29
R57,BUS004,3,4,22,0,0,16.3,1201.9,1.1,0,21.3,3.8
R27C,BUS005,2,1,22,0,0,28.2,2305.2,1.75,0,32.9,5.15
R57,BUS002,1,6,18,1,0,30.4,1766.4,1.76,0,10.9,4.46
R26,BUS003,1,5,15,1,0,25.0,1974.7,1.8,0,50.7,5.75
R57,BUS004,1,6,16,1,0,34.2,1555.3,1.09,0,16.5,3.93
R27C,BUS001,2,3,19,0,1,16.4,2829.6,5.6,0,68.2,12.16
R57,BUS003,1,4,21,0,0,21.5,2054.3,0.87,0,56.7,7.78
R26,BUS002,3,1,9,0,1,10.8,1656.6,4.63,1,60.4,12.11
R57,BUS002,3,4,5,0,0,23.8,1772.4,2.77,1,42.2,6.88
R27C,BUS005,2,4,7,0,0,18.3,2426.8,2.19,0,17.3,9.34
R45,BUS003,2,0,12,0,0,16.4,2673.4,1.94,2,45.7,12.22
R57,BUS004,1,6,7,1,0,30.3,1774.8,1.81,1,44.4,4.8
R26,BUS003,2,5,16,1,0,27.4,1513.0,2.75,0,22.1,4.64
R27A,BUS001,1,0,9,0,1,14.8,1544.5,4.81,0,52.5,8.07
R27C,BUS003,2,0,11,0,0,26.4,3250.8,1.42,1,35.7,9.25
R26,BUS001,1,1,7,0,0,16.4,1571.4,2.34,0,37.6,5.69
R45,BUS003,1,5,21,1,0,21.2,2224.6,0.76,0,53.9,6.83
R57,BUS001,1,3,19,0,1,12.3,1963.7,3.58,1,56.5,11.56
R27C,BUS004,2,0,6,0,0,18.0,2533.3,2.73,0,58.9,9.85
R45,BUS002,1,4,18,0,1,14.4,3124.4,5.39,0,44.0,15.9
R57,BUS004,2,5,22,1,0,27.7,1677.8,2.15,1,33.7,5.45
R57,BUS003,1,6,5,1,0,16.9,1639.6,1.18,0,32.4,6.74
R27A,BUS004,3,1,20,0,1,13.0,2116.7,4.43,1,72.3,11.91
R45,BUS001,1,5,21,1,0,21.3,2585.4,1.82,0,27.8,8.23
R57,BUS003,2,3,5,0,0,24.4,1565.7,0.55,0,7.2,3.46
R45,BUS001,2,4,9,0,1,12.3,2881.4,5.41,0,67.7,15.4
R27C,BUS003,1,5,14,1,0,27.6,2553.7,1.27,1,32.4,6.62
R57,BUS005,1,1,12,0,0,19.9,1619.0,1.52,1,39.3,6.52
R26,BUS001,3,2,8,0,1,16.2,1807.2,5.09,0,74.6,8.19
R27A,BUS003,2,3,19,0,1,11.6,1586.0,5.21,0,45.2,11.06
R26,BUS001,3,0,9,0,1,11.3,1588.7,5.28,0,28.3,8.87
R45,BUS002,2,0,5,0,0,21.2,2607.4,1.4,0,6.5,8.67
R57,BUS003,3,4,13,0,0,18.2,1463.0,2.07,1,11.3,5.74
R45,BUS003,2,4,18,0,1,15.7,2740.9,4.82,2,53.3,14.55
R27C,BUS005,1,5,21,1,0,42.0,2478.5,1.7,0,46.4,3.97
R45,BUS002,1,6,22,1,0,30.6,2175.5,1.58,0,42.4,4.98
R27A,BUS003,3,1,19,0,1,19.0,1984.2,5.48,0,87.7,8.08
R27C,BUS001,2,2,5,0,0,22.1,2865.0,2.43,0,26.1,8.91
R27A,BUS003,2,0,18,0,1,11.4,1845.7,2.79,0,78.8,10.53
R27A,BUS004,2,2,12,0,0,19.7,1550.6,2.81,1,60.9,6.63
R57,BUS003,3,2,9,0,1,4.1,1532.2,5.29,0,79.3,24.79
R27A,BUS001,3,1,5,0,0,18.0,1595.2,0.0,0,30.9,5.56
R27C,BUS005,1,0,14,0,0,20.9,2124.0,1.18,0,36.7,6.22
R45,BUS002,2,4,22,0,0,19.2,2456.4,0.81,0,8.4,7.86
R27C,BUS005,1,1,6,0,0,27.7,2768.2,0.31,1,40.2,7.66
R27A,BUS001,3,0,10,0,1,10.3,1962.8,4.27,0,89.9,13.15
R27A,BUS003,2,5,20,1,0,19.5,2117.4,1.41,0,32.7,6.25
R26,BUS002,2,3,22,0,0,26.9,2136.8,0.0,0,35.0,4.54
R26,BUS001,2,4,15,0,0,27.8,1633.8,1.48,1,47.9,5.35
R26,BUS004,3,0,7,0,0,20.5,1846.0,1.45,0,53.3,4.34
R45,BUS005,2,2,11,0,0,18.4,2141.3,0.69,0,18.4,7.78
R27C,BUS005,2,4,9,0,1,18.4,2163.3,5.48,1,51.2,10.48
R26,BUS002,3,3,14,0,0,24.9,1767.5,2.34,0,42.8,5.31
R57,BUS001,2,4,21,0,0,17.5,1290.3,1.65,0,9.3,4.4
R27C,BUS004,1,6,11,1,0,30.8,2372.8,1.97,1,42.8,7.2
R27A,BUS003,1,3,21,0,0,22.5,1640.5,1.6,0,36.7,6.33
R45,BUS001,2,5,16,1,0,27.8,3080.2,1.62,0,5.0,8.0
R27C,BUS005,1,4,13,0,0,18.3,3006.0,2.17,0,51.1,11.39
R27C,BUS004,2,0,7,0,0,14.9,2997.6,0.71,0,24.5,11.21
R27C,BUS002,1,5,22,1,0,15.3,2039.2,1.38,0,5.0,8.1
R45,BUS002,1,6,13,1,0,27.5,2996.3,3.18,0,33.7,7.5
R57,BUS005,3,4,8,0,1,10.2,1410.0,4.02,0,70.7,9.15
R27A,BUS005,3,5,21,1,0,21.4,1733.6,1.74,0,15.7,6.56
R57,BUS004,2,1,14,0,0,20.5,1868.5,2.43,1,31.0,7.61
R45,BUS004,2,0,6,0,0,26.8,2201.9,0.78,1,19.7,6.75
R45,BUS005,1,5,13,1,0,28.7,1988.9,0.54,0,26.7,4.52
R27C,BUS001,1,5,19,1,0,20.2,2634.1,1.29,0,44.6,7.72
R45,BUS001,2,3,20,0,1,14.6,2172.0,4.17,0,36.7,10.27
R27C,BUS005,1,1,5,0,0,29.8,2827.0,1.33,0,51.0,4.73
R27A,BUS005,3,6,18,1,0,31.3,1827.2,1.23,0,50.2,4.13
R27A,BUS003,3,0,21,0,0,16.3,1480.6,3.06,0,50.4,5.73
R45,BUS003,2,1,5,0,0,22.1,3104.6,0.79,1,34.2,10.66
R27C,BUS005,1,3,10,0,1,6.8,2368.7,5.92,0,84.1,22.57
R57,BUS004,1,3,21,0,0,17.4,1676.9,1.65,0,40.4,6.52
R27A,BUS004,3,1,19,0,1,11.7,2129.2,5.34,0,64.2,13.51
R26,BUS002,1,6,5,1,0,22.4,2205.8,1.88,0,7.6,7.12
R26,BUS003,1,3,13,0,0,11.9,1890.4,0.61,0,25.2,10.02
R45,BUS005,1,6,7,1,0,22.9,2367.0,1.18,0,41.0,6.77
R26,BUS001,2,1,8,0,1,15.9,2000.1,5.38,0,69.7,10.1
R27C,BUS002,1,5,11,1,0,29.7,1948.4,2.06,0,22.4,4.73
R27A,BUS001,2,0,13,0,0,15.8,1691.8,1.06,0,21.3,6.67
R27C,BUS002,2,4,13,0,0,28.3,1924.9,2.24,0,13.1,4.17
R27C,BUS004,2,5,7,1,0,32.6,2810.1,1.15,0,40.9,5.82
R27C,BUS001,1,4,5,0,0,19.8,2513.9,0.79,0,65.6,7.85
R27A,BUS001,2,0,9,0,1,10.6,2020.8,4.3,0,72.2,13.41
R26,BUS002,3,2,7,0,0,10.6,1303.9,2.36,0,30.9,8.12
R57,BUS004,3,6,9,1,0,28.6,1680.2,1.29,1,27.2,4.06
R45,BUS005,1,5,7,1,0,15.3,2275.3,2.05,0,49.1,9.14
R45,BUS003,1,5,22,1,0,32.6,3132.8,1.88,0,25.1,7.08
R27A,BUS005,3,6,13,1,0,21.4,1692.2,0.91,0,29.3,4.33
R57,BUS001,3,1,12,0,0,15.1,2098.4,0.0,0,26.4,9.13
R27A,BUS004,3,0,17,0,1,9.4,1465.3,5.37,1,67.7,13.27
R27A,BUS001,3,2,22,0,0,15.1,1683.9,1.59,0,42.2,7.58
R45,BUS001,1,4,12,0,0,22.8,1876.8,0.88,0,5.0,5.68
R26,BUS002,2,6,5,1,0,20.9,1855.9,2.22,0,10.3,6.33
R26,BUS005,2,0,16,0,0,17.7,1895.9,1.39,0,32.4,7.82
R27C,BUS003,1,0,7,0,0,20.8,2774.9,3.65,2,37.3,11.57
R57,BUS002,2,2,12,0,0,20.2,1581.8,1.79,0,58.9,5.16
R57,BUS001,2,4,19,0,1,9.1,1639.8,4.78,0,87.3,13.67
R45,BUS003,2,2,5,0,0,22.9,2155.4,0.0,1,43.3,6.27
R45,BUS002,2,6,8,1,0,23.6,2513.3,1.48,0,31.0,6.57
R26,BUS003,1,1,16,0,0,18.0,1787.6,1.97,0,29.6,6.61
R45,BUS003,1,2,5,0,0,16.3,1995.7,2.09,0,53.7,8.63
R57,BUS004,1,6,21,1,0,19.9,2276.5,0.96,1,53.8,8.02
R27A,BUS004,3,6,21,1,0,22.4,1462.2,1.87,0,42.5,5.22
R26,BUS001,2,2,16,0,0,20.9,1708.5,1.54,0,44.2,5.4
R27A,BUS001,3,6,12,1,0,23.0,1440.0,2.11,0,34.7,5.31
R57,BUS001,3,2,7,0,0,12.4,1559.2,0.79,0,32.2,8.02
R27C,BUS005,1,0,13,0,0,19.7,2859.7,2.8,1,39.7,9.51
R45,BUS001,1,2,10,0,1,11.5,2626.6,5.32,0,46.9,15.62
R26,BUS002,1,5,7,1,0,23.3,1692.9,0.63,0,32.1,4.76
R27C,BUS003,2,0,20,0,1,16.8,2069.2,4.74,0,69.0,10.19
R27A,BUS001,3,2,5,0,0,19.6,1760.1,1.82,0,31.5,5.56
R26,BUS001,2,1,16,0,0,19.4,1285.2,1.89,0,65.4,5.26
R26,BUS005,3,0,11,0,0,28.8,1945.6,0.69,2,38.7,6.16
R26,BUS002,1,1,18,0,1,12.1,2081.4,6.69,0,74.3,12.09
R57,BUS002,1,1,17,0,1,11.2,1677.1,5.2,0,71.4,10.86
R26,BUS004,2,2,8,0,1,10.4,1751.4,4.4,0,78.7,11.72
R57,BUS002,2,3,13,0,0,17.3,2054.0,1.2,0,15.2,8.34
R27C,BUS004,2,4,16,0,0,15.7,1929.5,0.0,0,22.0,7.81
R45,BUS001,2,4,15,0,0,18.4,2605.5,1.6,0,25.0,9.73
R27A,BUS005,1,4,9,0,1,13.6,1754.3,4.96,0,63.1,9.26
R27C,BUS003,2,4,17,0,1,13.8,2783.7,6.05,0,85.8,14.92
R57,BUS004,3,1,16,0,0,20.5,1668.6,1.76,0,41.6,4.79
R57,BUS003,1,0,11,0,0,16.5,1532.6,2.24,0,59.1,6.01
R27A,BUS003,2,4,22,0,0,18.9,1651.4,0.95,0,33.4,5.06
R57,BUS001,2,1,17,0,1,17.5,1636.9,4.92,1,91.1,8.05
R27C,BUS004,1,5,16,1,0,25.1,2994.1,0.97,0,5.0,7.23
R27C,BUS002,2,1,6,0,0,16.5,2226.2,2.21,2,26.7,11.6
R27A,BUS001,1,4,14,0,0,24.6,1616.5,0.54,0,55.1,4.65
R26,BUS001,3,1,22,0,0,21.8,1625.3,1.85,0,38.3,4.86
R27A,BUS005,3,6,5,1,0,30.9,1665.5,1.57,1,28.2,6.14
R27A,BUS005,2,2,20,0,1,8.7,2228.6,3.29,0,92.7,15.79
R57,BUS002,1,1,22,0,0,20.5,2050.0,2.3,1,22.7,8.17
R27A,BUS003,2,4,19,0,1,11.3,1438.1,5.14,2,64.6,11.88
R57,BUS003,2,0,19,0,1,11.7,1905.3,4.4,0,77.9,11.54
R26,BUS001,1,6,15,1,0,31.3,1892.8,2.27,2,69.1,6.59
R57,BUS001,1,6,7,1,0,35.3,1273.1,1.37,0,60.4,1.95
R45,BUS005,1,3,20,0,1,10.8,2057.2,4.21,0,52.8,13.55
R27A,BUS002,2,1,5,0,0,11.4,1373.5,1.6,0,34.3,8.28
R27A,BUS005,1,0,7,0,0,16.2,1647.7,2.41,0,30.7,7.1
R57,BUS002,3,1,9,0,1,8.7,1722.3,5.26,0,57.2,14.67
R27C,BUS002,2,1,5,0,0,17.9,3313.8,1.12,0,25.6,10.75
R26,BUS003,3,1,6,0,0,23.5,1470.0,1.81,0,13.8,4.29
R26,BUS004,1,2,11,0,0,23.1,1818.4,0.71,1,5.0,4.67
R57,BUS004,1,2,17,0,1,15.5,2134.0,4.52,0,78.5,9.94
R57,BUS005,2,0,19,0,1,21.2,1791.1,4.72,1,64.3,7.58
R27C,BUS004,2,3,6,0,0,28.7,1825.1,3.03,0,17.8,6.09
R27C,BUS004,2,0,22,0,0,19.2,3093.7,0.88,0,37.4,9.98
R45,BUS004,2,3,20,0,1,5.0,2498.7,4.44,0,45.4,31.96
R27C,BUS004,1,5,12,1,0,27.1,3255.4,0.0,0,40.7,7.12
R27A,BUS004,3,3,8,0,1,10.3,1702.6,4.38,0,59.2,11.53
R26,BUS003,2,2,7,0,0,19.6,1810.1,0.87,0,27.0,5.57
R27C,BUS005,2,1,12,0,0,19.6,3085.1,1.52,0,13.4,9.02
R57,BUS005,2,2,18,0,1,9.4,1174.4,4.65,0,85.4,9.05
R27C,BUS002,1,6,16,1,0,27.0,3133.3,1.11,0,76.1,7.82
R27A,BUS002,1,1,12,0,0,21.4,1886.3,1.29,0,34.5,5.63
R27A,BUS004,1,0,6,0,0,14.0,1503.5,1.61,0,23.4,7.18
R45,BUS004,1,4,19,0,1,19.6,1680.2,4.88,0,86.5,6.33
R57,BUS001,2,4,7,0,0,25.1,1761.9,1.46,0,44.4,5.29
R45,BUS003,2,5,9,1,0,22.8,2997.9,0.81,1,38.7,8.86
R27C,BUS001,1,1,6,0,0,21.7,2740.2,1.33,0,41.0,7.53
R26,BUS004,1,1,15,0,0,16.1,1544.6,1.93,0,23.1,7.62
R57,BUS005,3,1,17,0,1,3.0,1615.8,4.18,0,80.0,33.86
R27A,BUS004,1,4,15,0,0,29.0,1889.5,1.53,2,36.6,6.33
R45,BUS005,1,4,21,0,0,24.6,2350.6,0.19,0,55.0,5.08
R57,BUS002,3,0,7,0,0,17.5,1867.3,2.5,0,36.0,6.98
R27A,BUS002,1,5,9,1,0,28.1,1893.7,2.0,2,43.9,7.44
R26,BUS005,2,5,9,1,0,34.9,1483.4,1.28,0,22.0,3.28
R57,BUS003,2,1,22,0,0,23.7,1530.8,0.76,0,27.8,4.58
R45,BUS003,1,6,7,1,0,27.0,2729.9,0.61,2,17.5,6.5
R45,BUS001,1,2,20,0,1,11.8,2067.5,6.9,1,38.1,14.59
R26,BUS002,1,4,11,0,0,11.5,1685.9,0.35,0,40.1,8.87
R57,BUS003,2,4,11,0,0,17.9,1502.5,1.82,0,35.6,6.45
R45,BUS004,2,6,5,1,0,20.2,2099.6,1.92,0,37.6,6.77
R26,BUS003,3,5,18,1,0,23.6,1996.0,1.72,0,38.1,6.15
R27C,BUS005,2,4,17,0,1,9.4,2719.4,4.83,0,71.2,20.77
R27A,BUS002,2,2,12,0,0,16.5,1504.2,1.05,0,42.4,6.07
R27A,BUS005,2,0,15,0,0,21.7,1754.2,1.56,1,32.6,5.63
R27A,BUS004,1,6,7,1,0,33.0,1690.1,2.14,0,33.9,3.01
R57,BUS001,2,0,11,0,0,27.0,1802.5,1.51,0,26.6,4.64
R27A,BUS004,1,5,21,1,0,30.4,1593.6,2.8,0,16.8,3.57
R57,BUS002,1,6,16,1,0,28.1,1038.7,1.05,0,54.9,1.88
R45,BUS001,1,0,17,0,1,10.6,2681.9,4.4,0,76.1,16.62
R27A,BUS005,3,6,13,1,0,21.4,1581.3,2.74,0,58.6,6.65
R27A,BUS004,3,1,12,0,0,14.4,1785.0,2.19,0,54.2,8.89
R27A,BUS002,3,0,16,0,0,19.1,1451.1,0.64,0,65.3,5.04
R45,BUS002,2,2,14,0,0,20.8,2152.9,0.64,0,30.5,5.96
R27C,BUS004,1,2,14,0,0,18.8,1924.3,1.28,0,20.1,6.75
R57,BUS001,1,6,10,1,0,27.6,1624.3,1.77,0,18.1,4.61
R45,BUS001,2,2,15,0,0,17.8,2970.7,1.68,1,11.1,11.83
R45,BUS003,2,6,20,1,0,29.1,2102.7,0.52,0,18.4,4.49
R26,BUS002,2,4,5,0,0,19.7,1693.0,1.45,1,16.5,7.45
R45,BUS001,1,1,8,0,1,17.0,3406.3,4.2,0,72.1,13.09
R26,BUS003,2,6,13,1,0,23.5,1662.8,1.52,0,47.4,5.02
R27C,BUS004,1,6,20,1,0,24.9,2714.0,1.91,0,31.3,7.13
R45,BUS005,1,6,15,1,0,26.8,3296.6,1.25,0,31.6,7.09
R26,BUS004,1,5,7,1,0,24.5,1652.3,1.62,0,34.0,5.11
R26,BUS002,2,4,14,0,0,12.6,1261.9,3.38,0,28.1,6.78
R57,BUS004,2,1,20,0,1,16.0,1776.6,4.06,0,58.8,8.96
R45,BUS003,2,6,11,1,0,23.0,2212.7,1.32,0,36.1,7.46
R26,BUS003,2,0,15,0,0,18.7,1468.2,1.09,0,53.4,6.0
R27A,BUS005,2,5,22,1,0,20.6,1486.6,1.16,0,21.0,5.46
R26,BUS005,1,0,9,0,1,15.3,1508.2,5.68,0,49.5,8.31
R45,BUS004,2,6,6,1,0,27.0,2266.0,2.71,0,44.5,6.57
R26,BUS003,2,0,19,0,1,18.8,1891.1,5.61,0,86.0,8.88
R26,BUS004,2,5,10,1,0,30.9,1584.7,1.2,0,29.1,3.21
R27C,BUS001,2,4,10,0,1,13.3,2531.8,4.69,0,50.2,14.3
R26,BUS001,1,5,18,1,0,24.4,1813.2,0.65,0,53.6,4.69
R45,BUS001,2,5,5,1,0,34.0,2044.5,1.94,0,26.6,4.58
R27A,BUS002,3,6,22,1,0,24.6,1610.3,2.11,0,27.2,5.7
R27C,BUS001,2,6,21,1,0,23.5,2889.7,1.96,0,25.0,8.84
R26,BUS001,2,3,19,0,1,14.1,1400.0,4.35,0,58.8,8.4
R45,BUS004,1,4,7,0,0,18.3,2625.8,2.33,0,19.6,9.88
R45,BUS002,2,2,6,0,0,24.4,2765.8,2.77,0,25.9,8.96
R26,BUS001,3,6,19,1,0,28.2,1577.8,0.98,0,23.7,4.07
R26,BUS001,1,4,9,0,1,16.3,1554.1,4.81,0,68.4,8.01
R57,BUS001,3,5,11,1,0,19.2,1866.7,0.92,0,52.2,6.26
R45,BUS004,1,2,5,0,0,16.1,1860.7,2.14,0,29.7,7.91
R45,BUS002,2,6,20,1,0,22.5,3006.6,2.99,1,10.0,9.45
R45,BUS005,1,6,9,1,0,26.5,2172.8,2.05,0,39.9,6.68
R26,BUS002,2,6,9,1,0,35.6,2190.9,1.07,0,22.5,3.58
R27A,BUS002,3,0,20,0,1,14.4,1738.5,4.14,0,66.2,9.38
R27A,BUS001,1,2,6,0,0,22.4,1826.6,0.88,0,39.0,4.43
R26,BUS004,3,4,10,0,1,10.6,1258.4,4.18,0,96.7,8.93
R45,BUS005,2,0,17,0,1,8.0,2370.0,4.69,0,68.5,19.99
R57,BUS003,1,4,21,0,0,18.7,1619.3,0.22,0,22.4,4.52
R57,BUS002,1,1,14,0,0,19.6,1749.5,1.53,0,45.1,6.11
R57,BUS002,1,0,22,0,0,24.9,1619.3,1.36,1,15.4,5.54
R27A,BUS004,1,3,14,0,0,19.7,1922.8,2.31,0,48.6,6.97
R26,BUS002,2,4,19,0,1,9.4,2195.0,4.89,0,60.6,16.77
R27C,BUS002,1,5,11,1,0,23.7,2758.9,2.17,2,29.8,9.73
R26,BUS002,2,6,22,1,0,19.9,1612.6,0.64,0,36.0,5.4
R27C,BUS005,2,4,17,0,1,14.7,2656.2,3.31,1,61.4,12.37
R45,BUS001,2,4,16,0,0,25.3,2426.4,3.03,0,42.8,6.75
R45,BUS005,1,4,15,0,0,19.0,1943.6,1.13,0,23.4,5.76
R26,BUS005,1,0,14,0,0,20.3,1387.5,1.16,0,29.4,5.5
R26,BUS005,3,5,16,1,0,30.5,1323.5,0.56,1,35.9,2.66
R57,BUS004,3,3,20,0,1,9.4,1913.2,5.75,1,66.3,15.31
R57,BUS005,2,0,11,0,0,18.8,1610.8,1.8,0,51.9,5.97
R45,BUS005,1,3,16,0,0,21.1,2194.8,0.27,1,43.5,6.54
R27C,BUS004,2,1,8,0,1,13.0,2951.8,4.81,1,48.8,15.78
R27A,BUS001,2,1,12,0,0,24.0,1670.4,3.9,0,28.7,5.11
R27A,BUS005,3,5,13,1,0,24.0,1855.9,1.69,0,63.4,4.74
R57,BUS004,2,0,18,0,1,9.9,1767.9,6.39,0,91.4,13.23
R57,BUS002,3,3,19,0,1,21.4,1252.0,5.14,0,40.8,5.66
R27C,BUS005,2,6,10,1,0,33.9,2927.8,0.75,0,23.0,6.92
R27A,BUS002,2,3,7,0,0,25.7,1689.1,2.83,1,26.2,6.68
R57,BUS002,2,0,10,0,1,17.0,2034.0,6.0,1,80.3,9.75
R57,BUS005,2,6,10,1,0,28.5,1805.5,1.79,0,42.6,4.7
R45,BUS005,2,3,20,0,1,15.2,2472.0,4.73,1,58.6,11.98
R27C,BUS001,1,0,12,0,0,24.9,2398.8,0.76,0,38.9,5.41
R45,BUS002,1,2,14,0,0,19.7,2879.9,0.39,0,17.2,9.54
R27A,BUS005,2,5,11,1,0,27.5,1673.3,0.45,0,24.3,4.21
R27C,BUS005,1,0,20,0,1,10.1,2299.0,5.16,1,45.2,16.16
R27A,BUS002,1,6,20,1,0,21.0,1944.6,1.05,0,28.0,5.1
R26,BUS002,1,4,20,0,1,10.3,1490.2,5.75,0,47.0,10.51
R45,BUS005,2,2,8,0,1,23.0,2923.2,5.52,1,46.0,10.52
R57,BUS001,1,5,21,1,0,37.8,1608.7,1.57,0,37.1,3.22
R27C,BUS003,2,0,19,0,1,5.1,3500.0,5.78,0,44.1,43.55
R27A,BUS005,1,5,6,1,0,21.8,1853.3,1.55,0,49.2,5.24
R27C,BUS004,1,5,7,1,0,25.7,2816.1,1.94,0,32.1,6.6
R57,BUS004,1,1,21,0,0,21.9,1439.8,1.74,1,17.6,5.87
R27C,BUS002,1,1,16,0,0,26.0,2858.5,2.17,0,12.7,6.37
R26,BUS005,2,3,7,0,0,18.2,1439.9,1.86,0,47.8,5.79
R45,BUS002,1,2,16,0,0,21.4,2541.1,2.37,0,39.7,8.85
R27A,BUS004,1,3,5,0,0,26.0,1583.1,1.1,0,5.0,3.37
R45,BUS004,2,0,20,0,1,16.5,2439.1,4.93,2,68.8,12.2
R27A,BUS002,1,4,21,0,0,10.3,1756.1,0.99,1,34.0,12.33
R27C,BUS004,1,6,13,1,0,29.3,2764.6,1.39,0,56.1,6.15
R27A,BUS002,2,1,13,0,0,21.6,1884.9,1.59,0,21.6,6.39
R57,BUS005,2,6,10,1,0,26.5,1697.1,1.59,0,55.6,5.01
R57,BUS003,2,3,7,0,0,16.6,1392.2,0.52,0,46.9,5.42
R45,BUS001,2,6,19,1,0,28.6,2545.7,1.14,1,9.6,6.43
R57,BUS003,1,3,10,0,1,10.5,1764.1,4.96,1,72.0,12.97
R27A,BUS002,3,4,19,0,1,13.4,1228.7,4.55,0,83.5,6.9
R45,BUS001,1,1,17,0,1,16.0,2954.6,4.43,0,45.3,12.42
R57,BUS004,2,1,20,0,1,13.6,1871.8,4.72,1,65.7,11.06
R27A,BUS003,2,1,14,0,0,35.1,1760.9,0.79,0,40.1,3.44
R27C,BUS003,2,6,14,1,0,13.4,2800.9,2.56,0,14.2,13.88
R27C,BUS001,2,1,11,0,0,18.2,2265.6,1.84,0,21.3,8.68
R27A,BUS005,2,4,22,0,0,13.2,1682.0,1.92,0,24.7,9.05
R45,BUS003,2,3,15,0,0,26.3,2526.8,1.73,0,40.1,6.94
R27A,BUS005,3,0,13,0,0,21.1,1842.6,2.12,0,38.3,6.31
R26,BUS001,1,3,5,0,0,14.8,1561.3,1.62,0,45.4,6.26
R27A,BUS004,1,4,18,0,1,10.2,1634.5,4.64,0,82.1,10.98
R26,BUS004,1,6,9,1,0,31.5,1282.8,2.14,0,39.5,3.17
R26,BUS005,1,6,15,1,0,26.4,1997.3,1.56,0,68.0,4.53
R57,BUS002,2,0,7,0,0,8.4,1516.2,2.12,1,29.3,12.0
R27A,BUS001,3,4,11,0,0,20.0,2120.9,2.02,0,38.1,6.37
R26,BUS001,1,4,22,0,0,16.8,1281.0,1.89,0,38.1,5.5
R27C,BUS005,2,2,11,0,0,22.0,2719.8,1.13,1,29.1,9.09
R26,BUS001,1,1,22,0,0,18.7,1612.7,1.87,0,42.6,5.64
R26,BUS001,1,3,15,0,0,16.7,1842.2,2.12,0,27.0,6.86
R57,BUS003,3,1,22,0,0,14.9,1172.1,2.63,2,53.8,7.52
R45,BUS003,1,4,9,0,1,17.9,2288.3,4.32,2,77.3,10.34
R45,BUS003,2,1,16,0,0,20.5,2411.7,2.43,0,51.3,8.35
R57,BUS005,1,3,7,0,0,24.1,1766.3,1.41,0,53.2,5.02
R57,BUS004,2,2,17,0,1,7.3,1443.5,5.8,0,61.6,14.35
R45,BUS004,1,4,17,0,1,16.7,2817.8,4.6,0,34.7,12.63
R57,BUS002,1,4,13,0,0,23.7,1933.0,0.29,0,32.9,4.84
R27A,BUS003,3,6,15,1,0,32.5,1893.3,1.06,2,46.6,7.25
R26,BUS004,2,5,11,1,0,24.1,1781.2,0.27,0,34.0,4.74
R57,BUS002,1,0,15,0,0,19.4,1547.1,1.83,0,23.8,5.57
R45,BUS005,2,3,5,0,0,20.5,2432.1,1.43,0,50.0,7.32
R26,BUS004,3,2,8,0,1,8.7,1567.7,4.8,1,70.4,12.83
R27C,BUS003,1,6,15,1,0,28.1,3235.2,1.44,0,50.0,7.67
R27C,BUS005,2,1,6,0,0,16.4,1892.0,1.21,0,42.2,7.04
R27C,BUS002,2,1,9,0,1,14.1,2985.5,4.42,0,63.6,14.09
R26,BUS005,3,4,18,0,1,9.1,1910.4,5.28,0,54.3,14.68
R45,BUS004,1,5,6,1,0,20.0,2547.4,1.76,1,60.5,9.28
R27C,BUS001,2,4,14,0,0,18.0,2727.5,3.14,0,19.4,10.86
R57,BUS005,3,1,10,0,1,16.2,1757.1,5.36,0,58.1,8.68
R27A,BUS004,3,4,20,0,1,16.9,1691.6,6.69,0,84.9,8.91
R26,BUS002,1,4,18,0,1,15.3,1578.1,4.39,0,56.0,8.51
R27A,BUS001,1,3,16,0,0,17.6,1802.3,3.54,0,67.7,8.13
R26,BUS005,1,1,5,0,0,10.1,1500.5,1.85,1,42.4,10.55
R27A,BUS002,3,3,16,0,0,17.7,1667.0,1.56,0,26.5,6.45
R27A,BUS001,2,6,22,1,0,26.5,1501.7,1.77,1,64.5,3.67
R57,BUS004,3,4,6,0,0,21.2,1769.7,1.6,1,27.5,6.54
R27C,BUS005,1,0,19,0,1,15.5,3027.8,5.24,0,43.9,13.28
R27A,BUS004,1,3,9,0,1,14.1,1641.9,4.94,2,51.5,11.18
R45,BUS004,1,5,7,1,0,18.3,2021.1,2.12,0,34.6,6.98
R45,BUS002,1,5,16,1,0,29.2,2827.9,2.01,0,49.6,7.88
R26,BUS004,1,2,5,0,0,12.0,1722.3,2.6,1,36.7,9.59
R26,BUS004,2,6,5,1,0,32.8,1752.1,2.54,0,41.8,4.9
R45,BUS002,2,2,16,0,0,19.1,2317.4,1.4,0,5.0,8.94
R27C,BUS001,1,6,6,1,0,22.7,2273.1,2.68,0,50.7,6.71
R27C,BUS004,2,1,21,0,0,27.5,3101.1,1.49,0,19.2,6.6
R27A,BUS003,1,6,15,1,0,22.7,1803.6,2.14,2,28.3,7.4
R57,BUS005,3,4,13,0,0,17.0,1657.2,1.97,0,26.0,5.81
R27A,BUS002,1,3,5,0,0,16.9,1470.7,1.89,0,28.4,6.04
R26,BUS004,2,0,20,0,1,11.9,1986.0,5.55,0,65.3,12.51
R45,BUS003,1,6,9,1,0,21.3,2304.4,1.18,2,77.8,8.59
R26,BUS005,3,1,10,0,1,20.0,1482.8,4.34,1,66.2,7.04
R45,BUS003,1,4,12,0,0,18.1,2353.0,1.17,0,40.5,8.42
R45,BUS003,2,6,22,1,0,21.7,2989.7,0.0,1,33.0,8.1
R27A,BUS003,3,4,12,0,0,23.6,1794.7,0.6,0,54.3,5.54
R57,BUS003,1,6,15,1,0,29.4,2073.4,1.64,0,53.6,5.14
R57,BUS005,2,4,6,0,0,26.2,1432.8,2.2,0,21.2,4.18
R27C,BUS002,1,3,12,0,0,20.8,2757.4,2.38,1,15.7,9.06
R26,BUS002,2,4,14,0,0,16.5,1734.5,1.21,0,40.1,7.21
R57,BUS001,2,3,15,0,0,24.9,1695.2,0.42,0,39.9,4.07
R27C,BUS005,2,6,15,1,0,35.1,1979.8,0.0,1,29.5,4.11
R27A,BUS005,2,5,10,1,0,24.1,1796.5,1.9,2,53.8,6.31
R57,BUS001,3,2,11,0,0,24.2,1420.1,1.93,1,28.6,4.48
R26,BUS003,1,5,7,1,0,24.5,1497.0,1.57,1,8.6,5.62
R45,BUS001,2,1,22,0,0,17.0,2576.6,1.03,0,53.9,9.94
R27C,BUS005,2,6,11,1,0,22.4,1896.4,1.18,0,31.6,4.78
R26,BUS005,1,2,6,0,0,12.8,1793.7,0.21,0,59.1,7.68
R57,BUS005,2,5,18,1,0,27.5,1694.5,0.81,2,52.0,5.51
R26,BUS003,3,4,16,0,0,29.0,1272.5,0.84,0,33.1,3.55
R57,BUS003,3,2,11,0,0,18.6,1286.3,2.48,0,35.8,5.72
R45,BUS004,1,5,5,1,0,28.0,3147.2,2.68,0,40.8,7.76
R27A,BUS003,2,3,17,0,1,12.7,1186.9,4.75,1,75.2,8.28
R26,BUS005,2,5,9,1,0,27.7,1362.1,1.41,0,36.0,4.39
R45,BUS002,2,2,19,0,1,16.9,2278.0,4.94,0,69.4,9.86
R27C,BUS002,1,4,7,0,0,17.5,2059.9,1.1,1,34.3,8.88
R45,BUS003,2,4,10,0,1,13.3,2988.2,5.4,0,65.3,16.27
R57,BUS005,3,3,15,0,0,25.2,1694.1,0.41,0,38.2,4.86
R27C,BUS001,1,4,17,0,1,15.3,3265.3,4.25,0,78.7,14.64
R45,BUS001,2,2,11,0,0,17.2,1981.0,0.41,0,39.4,6.54
R26,BUS004,2,3,5,0,0,17.6,1589.9,1.82,0,25.5,6.66
R57,BUS003,2,1,6,0,0,22.8,1884.5,1.43,0,59.5,6.46
R27A,BUS002,3,6,13,1,0,36.0,1651.0,1.92,0,55.9,3.93
R26,BUS003,2,4,17,0,1,13.2,2056.7,4.28,1,75.0,10.72
R57,BUS004,1,0,5,0,0,18.9,1914.5,0.27,0,45.5,6.31
R27A,BUS001,3,6,22,1,0,22.0,1541.9,1.21,0,28.9,4.71
R27A,BUS004,3,5,17,1,0,27.4,1772.6,1.99,0,29.9,3.59
R57,BUS003,3,0,16,0,0,30.9,1697.6,2.4,0,31.5,4.0
R45,BUS004,1,1,6,0,0,21.4,3052.5,0.13,0,45.4,8.47
R27C,BUS005,1,2,22,0,0,8.4,2560.8,0.0,1,32.9,18.72
R26,BUS005,1,5,8,1,0,22.0,1307.9,0.29,0,33.0,3.44
R27C,BUS001,2,6,20,1,0,30.5,3016.3,1.6,0,48.1,6.8
R45,BUS002,1,4,18,0,1,19.9,2640.5,4.45,0,75.8,9.71
R45,BUS002,1,2,18,0,1,13.8,2801.0,5.33,2,40.7,17.53
R57,BUS003,2,0,14,0,0,22.5,1511.0,0.98,2,25.0,5.94
R26,BUS001,1,5,14,1,0,22.8,1565.6,1.66,0,63.8,5.32
R27C,BUS004,2,4,20,0,1,9.9,2733.3,4.8,2,80.1,21.31
R27C,BUS004,2,6,6,1,0,23.2,3306.7,1.54,0,38.0,9.05
R26,BUS002,1,0,10,0,1,7.0,1903.3,4.42,0,56.1,18.04
R27C,BUS002,1,1,12,0,0,19.5,2464.7,2.78,0,34.4,10.08
R45,BUS003,2,3,9,0,1,12.9,2746.5,6.79,0,66.3,16.15
R26,BUS005,3,4,22,0,0,25.8,1815.0,1.17,0,39.7,3.61
R27C,BUS002,2,0,9,0,1,14.1,2960.1,4.71,1,71.7,13.9
R57,BUS003,1,1,14,0,0,25.5,1408.4,1.71,0,33.9,3.72
R27A,BUS005,1,4,9,0,1,12.5,1908.2,4.35,0,85.7,11.68
R45,BUS005,1,6,20,1,0,26.6,2334.0,0.35,0,47.9,6.29
R57,BUS001,1,4,7,0,0,11.9,2167.1,0.57,0,48.8,11.29
R27C,BUS001,2,2,17,0,1,12.6,2616.0,4.55,1,60.6,14.7
R26,BUS005,1,5,7,1,0,24.7,1991.5,0.0,0,47.4,3.42
R45,BUS004,2,4,19,0,1,11.8,2564.7,5.45,0,61.7,15.77
R27C,BUS004,1,6,13,1,0,31.4,2680.1,2.47,0,27.3,5.57
R26,BUS003,2,4,16,0,0,13.5,1605.1,0.93,0,42.7,6.54
R27A,BUS002,2,0,22,0,0,23.9,2059.9,1.51,0,41.3,5.46
R27C,BUS001,1,1,14,0,0,15.3,3266.3,1.54,0,40.7,12.64
R27A,BUS004,3,1,21,0,0,20.3,1743.4,1.29,0,26.3,5.63
R27C,BUS003,1,0,7,0,0,13.9,2489.9,2.9,1,48.7,12.69
R27C,BUS001,2,0,15,0,0,21.8,2181.7,1.86,0,28.9,6.42
R27A,BUS004,1,2,18,0,1,14.7,1158.3,6.73,1,94.3,7.82
R26,BUS002,1,6,18,1,0,20.6,1645.9,2.28,0,7.8,5.72
R26,BUS002,2,0,11,0,0,11.5,1986.0,1.64,0,38.4,10.72
R57,BUS004,1,2,10,0,1,10.3,1610.3,5.01,0,68.9,11.75
R26,BUS004,2,0,12,0,0,22.4,1529.9,2.06,0,77.6,5.09
R57,BUS001,3,4,19,0,1,10.8,1954.7,4.08,1,68.3,13.57
R45,BUS005,1,0,12,0,0,18.6,1579.6,1.68,0,33.7,6.52
R27C,BUS001,1,6,13,1,0,30.8,2618.8,1.42,0,17.5,5.29
R57,BUS003,2,4,5,0,0,15.4,1131.4,2.06,0,29.4,5.22
R27C,BUS004,1,6,8,1,0,17.4,2222.5,1.1,0,39.5,7.84
R45,BUS001,1,5,16,1,0,21.3,2355.1,1.59,1,33.2,7.47
R27C,BUS002,1,3,22,0,0,10.6,2283.7,1.27,0,20.0,12.91
R45,BUS003,2,0,18,0,1,17.5,2545.3,5.87,0,59.3,11.55
R45,BUS005,2,2,22,0,0,20.5,2669.2,0.56,0,33.1,7.9
R57,BUS002,2,5,14,1,0,17.8,2015.9,2.78,0,6.8,7.6
R45,BUS004,2,0,5,0,0,27.2,2328.3,0.7,0,25.0,5.7
R27C,BUS004,2,6,22,1,0,31.7,2692.6,1.66,1,37.7,7.05
R27A,BUS005,3,3,19,0,1,10.5,1852.6,4.56,0,71.1,12.86
R45,BUS004,1,4,18,0,1,9.0,1534.9,5.42,1,66.5,13.22
R27C,BUS001,1,2,14,0,0,24.9,2217.0,0.0,0,60.5,4.95
R26,BUS002,1,5,21,1,0,19.4,1629.2,1.7,0,44.0,4.69
R26,BUS002,1,2,15,0,0,20.4,1674.6,0.64,0,33.2,5.91
R26,BUS002,2,4,5,0,0,20.7,1659.4,2.0,0,37.4,5.47
R45,BUS005,1,5,11,1,0,33.4,2563.5,0.85,0,32.7,4.53
R57,BUS003,1,2,18,0,1,18.9,2091.4,3.91,0,60.5,8.81
R45,BUS003,2,1,6,0,0,17.2,2621.7,0.74,0,47.8,9.45
R26,BUS004,1,2,5,0,0,24.5,1842.9,2.94,0,23.4,5.48
R27A,BUS005,3,5,20,1,0,20.1,1902.2,2.05,0,31.4,6.09
R27A,BUS004,1,1,8,0,1,12.6,1699.6,5.98,0,74.2,10.55
R27A,BUS004,1,2,17,0,1,14.8,1800.5,5.57,0,43.9,9.6
R27A,BUS002,2,5,12,1,0,24.8,1974.2,0.23,0,28.6,4.82
R27A,BUS002,1,2,14,0,0,14.6,1547.0,0.96,0,19.5,4.91
R26,BUS005,2,5,18,1,0,19.3,1748.8,0.43,0,22.1,5.73
R27C,BUS002,2,5,14,1,0,33.5,2059.6,0.65,0,34.4,3.89
R26,BUS004,3,6,5,1,0,30.4,1801.8,0.65,1,24.0,4.37
R57,BUS001,2,5,18,1,0,28.8,1588.0,1.27,0,42.4,4.23
R26,BUS005,3,0,18,0,1,8.2,1903.9,4.45,0,83.5,15.0
R27A,BUS005,1,4,13,0,0,11.6,1804.6,1.41,0,44.7,10.14
R57,BUS003,1,4,22,0,0,14.5,1615.6,1.95,0,19.8,6.52
R27A,BUS002,1,2,20,0,1,16.8,1564.7,5.06,1,98.2,8.26
R27C,BUS001,1,3,19,0,1,6.7,2542.5,5.4,0,70.6,24.0
R27A,BUS002,1,6,10,1,0,24.0,1902.6,0.0,1,50.1,7.13
R26,BUS002,2,0,22,0,0,12.6,1786.5,1.45,0,33.4,8.72
R57,BUS004,1,5,5,1,0,27.0,1997.1,1.63,0,48.0,5.76
R27A,BUS005,1,3,8,0,1,9.6,2001.3,4.87,0,63.4,14.6
R26,BUS005,1,1,7,0,0,22.9,1707.2,1.54,1,55.6,6.32
R57,BUS005,2,0,10,0,1,8.5,1541.1,4.27,0,63.4,12.29
R45,BUS003,2,3,8,0,1,19.9,2983.7,4.07,0,40.1,11.28
R26,BUS003,2,2,10,0,1,18.8,1306.6,3.94,2,88.5,7.85
R27C,BUS001,2,4,21,0,0,9.1,2435.2,1.79,0,19.4,17.08
R57,BUS001,2,0,20,0,1,9.6,1061.8,6.0,0,66.9,8.48
R26,BUS005,3,0,14,0,0,16.5,1622.8,1.4,0,31.6,6.21
R57,BUS003,3,3,8,0,1,8.7,1739.6,4.86,2,72.4,16.32
R57,BUS003,2,1,15,0,0,11.4,1631.9,3.45,2,35.6,11.0
R27A,BUS001,1,1,6,0,0,24.9,1783.6,1.5,0,43.0,5.98
R26,BUS005,2,4,12,0,0,18.2,1422.7,2.76,0,44.8,6.74
R27C,BUS002,1,1,15,0,0,18.4,2012.2,0.44,0,16.8,6.56
R26,BUS002,1,6,13,1,0,27.5,1182.8,0.96,2,44.7,4.66
R27C,BUS005,1,2,22,0,0,12.5,2115.7,1.93,0,45.5,12.02
R27C,BUS005,1,2,17,0,1,10.8,3000.3,4.27,1,60.2,19.66
R26,BUS003,2,3,19,0,1,15.1,1374.1,5.08,2,82.6,9.84
R57,BUS003,2,5,6,1,0,27.9,1487.1,2.09,0,16.7,4.25
R26,BUS002,3,6,11,1,0,17.3,1757.7,0.69,1,42.7,7.35
R45,BUS001,1,2,14,0,0,27.2,2325.1,2.0,0,66.7,5.67
R26,BUS005,3,4,5,0,0,26.0,2105.1,2.53,0,44.2,6.39
R27C,BUS001,2,3,18,0,1,13.2,2481.4,3.84,0,56.4,13.85
R27C,BUS005,2,4,10,0,1,14.3,2426.8,4.36,1,63.4,11.82
R27C,BUS003,2,3,18,0,1,14.3,2589.5,3.86,1,65.4,13.67
R45,BUS005,1,6,22,1,0,27.0,2966.8,2.35,0,46.7,8.45
R45,BUS002,1,5,6,1,0,33.3,2227.9,2.99,0,40.2,5.42
R27C,BUS005,1,6,16,1,0,26.1,3060.7,0.57,1,13.2,8.88
R26,BUS003,3,0,20,0,1,16.7,1570.4,4.59,0,80.2,8.48
R27C,BUS003,1,5,6,1,0,27.4,2526.9,1.3,0,36.9,5.69
R57,BUS003,3,5,18,1,0,22.2,1257.0,1.61,0,54.2,5.03
R57,BUS004,1,1,16,0,0,15.2,2025.1,1.67,0,35.4,9.6
R27C,BUS005,2,0,13,0,0,16.0,1914.0,0.66,0,26.3,6.74
R27A,BUS005,2,2,17,0,1,15.5,2009.4,3.96,0,61.2,9.71
R45,BUS002,2,0,7,0,0,25.7,2059.6,1.43,0,50.0,4.78
R27A,BUS001,2,2,22,0,0,18.3,1536.3,2.13,0,11.2,6.14
R57,BUS003,1,6,18,1,0,20.6,1728.0,1.26,0,45.6,5.33
R45,BUS001,2,1,8,0,1,12.4,3037.0,5.58,0,101.7,15.56
R26,BUS004,1,0,7,0,0,19.9,1455.8,1.33,0,33.5,4.8
R45,BUS003,2,1,13,0,0,25.1,2232.9,2.21,0,33.0,6.15
R26,BUS001,1,0,14,0,0,24.2,2091.0,1.04,1,22.2,6.16
R27C,BUS005,1,1,12,0,0,24.6,2049.4,0.38,0,43.0,5.14
R27A,BUS003,2,4,22,0,0,23.0,1682.4,2.65,0,39.7,4.58
R57,BUS002,1,3,5,0,0,18.9,1537.4,0.64,0,30.9,6.14
R45,BUS003,1,3,15,0,0,18.1,2111.7,2.46,0,5.0,9.22
R45,BUS002,2,6,20,1,0,20.3,2575.2,0.86,1,31.7,8.61
R27C,BUS005,2,1,8,0,1,14.4,2785.2,5.71,1,42.2,14.66
R45,BUS004,1,0,19,0,1,15.5,2638.2,5.2,0,64.1,12.97
R45,BUS001,2,0,9,0,1,18.7,2174.3,4.92,0,64.3,9.09
R27C,BUS001,2,1,16,0,0,24.4,2307.7,1.9,0,36.9,6.63
R27A,BUS002,1,6,6,1,0,24.2,1773.4,0.65,0,36.5,5.03
R45,BUS001,1,5,17,1,0,25.2,2578.4,2.3,0,57.3,6.86
R45,BUS004,1,0,15,0,0,19.1,2777.0,1.38,1,6.9,10.21
R27C,BUS002,1,0,20,0,1,12.8,2502.3,4.54,0,51.2,13.44
R45,BUS002,1,4,6,0,0,24.6,2697.0,1.83,1,23.5,7.88
R57,BUS004,3,4,6,0,0,20.0,1747.8,0.61,1,41.4,6.47
R27C,BUS004,1,6,17,1,0,27.8,2739.9,3.18,1,32.5,7.96
R45,BUS005,2,6,5,1,0,25.4,2423.9,1.82,0,49.1,5.59
R45,BUS002,1,3,18,0,1,4.7,2558.5,4.41,1,71.6,35.33
R57,BUS003,2,3,22,0,0,16.1,1495.1,2.27,0,65.2,6.9
R27A,BUS002,3,5,11,1,0,30.3,1562.6,1.63,0,42.7,4.09
R45,BUS002,2,1,8,0,1,10.9,2637.4,5.23,1,68.9,17.53
R45,BUS005,1,3,15,0,0,23.1,1749.9,0.39,0,31.3,4.04
R27C,BUS003,2,4,16,0,0,26.8,2405.1,2.09,0,5.0,6.01
R27C,BUS004,1,5,14,1,0,29.2,2262.4,1.81,0,23.4,5.03
R26,BUS001,1,6,11,1,0,17.8,1671.5,0.2,0,53.9,6.1
R27C,BUS005,2,0,19,0,1,13.4,1906.6,4.11,0,50.4,11.44
R26,BUS003,3,0,20,0,1,9.0,1579.3,3.71,1,63.5,12.97
R27A,BUS005,1,0,18,0,1,6.9,1708.1,4.41,1,52.5,16.8
R45,BUS001,1,6,21,1,0,25.0,2510.5,2.62,0,39.0,7.42
R26,BUS002,1,1,19,0,1,11.5,1718.8,5.63,0,68.4,10.55
R27C,BUS001,2,4,21,0,0,18.5,2328.1,2.23,1,53.6,9.89
R27A,BUS005,3,1,12,0,0,23.6,1733.8,1.04,0,20.7,4.76
R57,BUS004,3,2,20,0,1,12.7,1760.4,5.65,0,57.3,9.96
R26,BUS001,1,1,5,0,0,24.4,1612.6,1.07,0,26.0,5.86
R27A,BUS001,3,5,13,1,0,23.5,1875.5,1.52,0,50.2,5.17
R27C,BUS001,1,0,6,0,0,9.7,2284.3,0.54,0,44.1,13.63
R57,BUS002,1,3,5,0,0,25.4,2051.2,1.48,0,26.9,6.18
R27A,BUS003,1,1,6,0,0,25.0,1713.0,0.76,0,70.6,4.66
R45,BUS002,1,1,15,0,0,13.1,2933.9,3.36,0,33.6,14.41
R27C,BUS005,2,0,10,0,1,10.7,2613.9,4.36,0,52.0,16.24
R57,BUS004,2,4,8,0,1,10.6,1978.1,5.57,0,69.6,13.56
R27C,BUS002,2,2,13,0,0,18.6,3231.8,2.2,0,52.0,11.44
R26,BUS002,2,6,17,1,0,21.6,1545.4,1.99,1,47.3,5.42
R45,BUS005,1,4,21,0,0,12.1,2483.4,1.95,0,58.3,12.93
R27A,BUS002,2,0,19,0,1,10.7,2159.6,5.3,0,43.0,14.07
R45,BUS004,1,0,12,0,0,26.5,2019.5,0.88,1,44.0,4.87
R45,BUS003,2,1,6,0,0,18.2,2430.6,2.21,1,35.1,10.08
R45,BUS005,2,2,10,0,1,21.1,2539.5,3.62,0,32.8,9.48
R26,BUS001,2,4,8,0,1,14.8,1671.2,3.96,0,69.7,7.67
R27C,BUS003,1,5,16,1,0,21.3,2630.0,2.18,0,24.5,9.72
R27A,BUS004,1,3,16,0,0,22.1,1360.1,1.38,1,27.3,3.91
R57,BUS005,2,2,18,0,1,11.0,1978.2,6.22,0,64.8,13.76
R27C,BUS005,2,0,12,0,0,23.4,2028.2,1.58,1,42.0,7.62
R26,BUS004,1,5,17,1,0,16.9,1337.2,3.92,0,16.0,7.53
R26,BUS005,2,3,22,0,0,23.8,1738.4,2.38,1,47.3,6.26
R27A,BUS002,3,4,21,0,0,23.1,1681.4,2.51,0,41.0,5.71
R27A,BUS002,2,3,10,0,1,17.7,1763.1,4.44,1,78.9,8.41
R26,BUS005,2,2,15,0,0,14.8,1659.3,1.88,0,25.9,7.99
R26,BUS002,2,3,17,0,1,16.1,1528.5,4.66,0,79.1,7.86
R26,BUS003,1,6,15,1,0,29.5,2023.7,2.06,0,18.0,5.28
R26,BUS002,1,3,17,0,1,17.6,1360.4,4.93,2,75.8,8.45
R45,BUS005,1,0,21,0,0,20.0,2186.4,1.46,0,32.4,5.57
R57,BUS005,1,6,10,1,0,23.7,2014.2,1.23,0,34.1,5.48
R27A,BUS005,3,4,15,0,0,27.0,1539.3,2.54,1,40.4,5.66
R26,BUS003,1,0,9,0,1,20.1,1519.1,5.11,0,89.8,6.65
R27C,BUS002,1,5,12,1,0,19.4,2621.3,0.46,0,20.3,7.51
R57,BUS002,2,3,14,0,0,23.1,1542.9,0.03,1,18.9,4.87
R26,BUS001,2,5,9,1,0,26.6,2244.5,2.12,0,34.5,5.08
R26,BUS002,1,3,5,0,0,25.6,2041.2,0.99,0,12.4,5.93
R26,BUS001,2,5,14,1,0,29.8,1591.6,1.8,0,20.0,4.13
R26,BUS005,1,2,13,0,0,14.8,2076.6,2.39,0,34.3,9.92
R26,BUS001,2,5,12,1,0,22.4,1581.1,1.23,0,37.2,5.33
R45,BUS001,2,1,20,0,1,12.1,1904.9,5.06,1,57.8,10.82
R26,BUS003,3,2,8,0,1,12.7,1674.1,5.76,0,61.9,9.75
R26,BUS003,2,2,18,0,1,14.7,2037.0,4.03,0,52.0,9.77
R45,BUS005,1,5,15,1,0,32.1,2561.0,1.36,1,39.5,6.98
R26,BUS004,1,5,7,1,0,35.3,1832.6,1.57,0,40.0,4.95
R57,BUS002,3,6,17,1,0,30.6,1352.1,1.03,0,56.2,2.75
R27A,BUS001,2,1,19,0,1,23.4,1424.3,5.82,1,28.2,8.3
R27A,BUS002,2,6,6,1,0,24.4,1520.2,1.85,0,13.0,5.42
R27C,BUS002,1,4,7,0,0,21.3,2512.4,1.61,0,31.5,8.01
R26,BUS001,3,6,15,1,0,27.4,1520.2,1.56,0,11.6,3.92
R26,BUS001,3,4,8,0,1,17.8,1578.2,4.42,0,62.8,7.65
R27A,BUS005,2,3,5,0,0,24.1,1339.2,0.89,0,37.1,2.86
R45,BUS004,1,5,12,1,0,29.2,2580.9,1.86,0,44.5,5.73
R57,BUS002,1,4,7,0,0,18.0,1546.4,0.14,1,39.9,6.23
R26,BUS002,3,3,7,0,0,18.3,1657.1,1.52,1,10.4,6.09
R27C,BUS001,2,4,21,0,0,23.4,2185.4,1.8,1,62.3,6.66
R26,BUS004,2,4,16,0,0,19.8,2062.2,1.91,0,33.9,6.28
R45,BUS003,1,2,19,0,1,9.0,2453.8,4.59,1,60.8,18.71
R27A,BUS002,1,2,14,0,0,17.5,1896.7,1.95,1,57.0,7.51
R27A,BUS002,1,3,16,0,0,25.5,1299.9,3.18,0,49.7,4.26
R27A,BUS001,2,0,19,0,1,9.6,1206.2,5.5,1,41.3,9.77
R57,BUS002,1,0,21,0,0,22.2,1126.2,1.14,0,48.8,3.92
R27C,BUS004,2,6,6,1,0,33.9,2341.7,2.61,0,26.7,5.66
R45,BUS003,2,6,14,1,0,29.4,2697.5,1.89,0,25.9,6.28
R26,BUS002,2,2,20,0,1,14.5,1556.8,5.82,1,87.7,9.0
R27C,BUS002,2,2,12,0,0,22.6,1911.6,2.11,1,68.1,6.42
R27C,BUS002,2,2,11,0,0,20.6,2513.3,2.35,0,47.9,7.79
R27A,BUS003,1,2,20,0,1,13.4,1882.2,5.6,0,60.0,10.98
R57,BUS003,2,6,13,1,0,26.4,2356.0,2.36,1,38.6,6.58
R27C,BUS005,1,0,17,0,1,12.2,1840.2,5.28,0,60.7,11.62
R27A,BUS002,2,6,11,1,0,23.6,1364.0,1.49,1,5.0,4.73
R26,BUS004,3,4,10,0,1,11.6,1331.6,4.71,0,81.2,8.97
R27C,BUS004,2,1,6,0,0,16.2,2412.8,0.82,0,46.2,9.55
R57,BUS001,2,1,21,0,0,18.4,1511.3,1.96,0,46.5,6.04
R27C,BUS004,2,6,12,1,0,25.3,2289.2,1.75,0,38.2,6.07
R27A,BUS001,1,5,5,1,0,21.9,1592.8,0.83,0,30.2,3.7
R57,BUS001,3,6,18,1,0,17.5,1621.4,0.19,0,43.7,5.63
R27C,BUS005,1,5,10,1,0,26.7,2429.2,1.47,0,12.2,5.82
R27A,BUS005,3,2,19,0,1,15.2,2018.8,4.24,0,63.6,9.17
R27C,BUS004,1,4,8,0,1,17.9,2377.5,4.95,0,54.0,9.55
R27C,BUS001,1,6,8,1,0,29.2,3152.6,1.92,0,43.4,7.89
R27C,BUS001,1,2,7,0,0,11.1,2224.2,0.46,0,50.1,11.34
R26,BUS004,2,2,18,0,1,12.6,1881.6,5.21,1,58.9,13.26
R27A,BUS002,3,6,13,1,0,31.3,1381.5,2.92,0,33.7,3.53
R27C,BUS002,1,3,12,0,0,23.7,2043.3,2.34,1,45.2,6.79
R57,BUS001,2,5,6,1,0,30.2,1549.9,2.74,0,26.6,3.87
R27A,BUS003,3,1,15,0,0,19.3,1417.6,1.34,1,45.7,5.18
R45,BUS002,2,2,15,0,0,25.0,2119.0,2.28,1,12.8,5.32
R57,BUS002,2,1,19,0,1,11.4,1689.2,6.15,0,52.1,11.23
R26,BUS005,1,3,22,0,0,28.2,1677.8,0.37,0,6.8,3.57
R27C,BUS002,2,3,7,0,0,18.6,3286.1,1.95,0,28.3,11.39
R27C,BUS001,2,1,22,0,0,25.2,2447.5,1.31,0,19.8,6.14
R45,BUS001,2,2,18,0,1,10.9,2680.3,5.67,0,33.5,16.71
R45,BUS001,1,1,20,0,1,14.5,1636.2,4.9,0,83.1,8.53
R57,BUS004,2,3,13,0,0,22.4,1437.4,0.8,1,20.1,4.7
R45,BUS004,2,6,19,1,0,26.4,2336.7,1.72,0,25.6,6.35
R27C,BUS004,1,0,8,0,1,16.0,2284.7,3.85,1,57.4,10.94
R27A,BUS005,1,2,10,0,1,5.9,1398.2,4.04,0,75.9,15.79
R45,BUS002,1,2,14,0,0,21.4,2724.2,2.5,0,53.5,8.48
R45,BUS002,1,6,13,1,0,24.3,3432.7,1.69,0,6.9,8.2
R26,BUS004,2,6,18,1,0,27.7,1875.8,1.93,0,48.9,4.75
R27C,BUS004,2,4,7,0,0,20.8,2223.1,1.73,1,14.8,7.23
R26,BUS005,1,1,19,0,1,12.8,1479.3,3.93,1,69.4,9.35
R57,BUS002,2,1,12,0,0,12.6,1577.8,1.77,0,36.3,7.91
R27C,BUS005,1,6,5,1,0,34.0,2643.2,1.77,1,25.7,5.43
R57,BUS004,1,1,7,0,0,24.5,1631.2,1.33,0,75.7,3.36
R45,BUS001,2,3,11,0,0,18.3,3051.4,1.53,0,47.5,10.45
R57,BUS004,3,2,13,0,0,25.2,1851.7,1.65,0,26.4,5.02
R57,BUS002,3,2,14,0,0,16.3,1813.9,0.73,0,43.6,7.55
R27A,BUS002,3,1,12,0,0,17.3,1361.5,1.63,0,28.1,5.2
R45,BUS004,2,2,5,0,0,21.0,3077.9,0.25,0,55.1,9.27
R26,BUS002,2,1,7,0,0,18.5,1645.7,0.9,1,39.5,7.97
R57,BUS001,2,1,21,0,0,12.7,1241.0,2.75,1,23.6,7.94
R45,BUS002,1,4,19,0,1,8.9,1924.6,5.24,0,69.6,15.09
R27A,BUS005,3,5,19,1,0,22.4,2243.7,1.67,1,48.7,8.25
R27A,BUS003,2,5,5,1,0,28.2,1240.1,1.69,0,42.7,3.22
R27A,BUS001,2,4,17,0,1,12.9,1357.8,5.64,1,45.9,9.86
R27A,BUS003,1,2,13,0,0,19.3,1995.3,0.77,0,46.7,5.9
R57,BUS004,2,4,8,0,1,4.7,1966.9,4.41,1,76.3,26.49
R45,BUS003,2,1,6,0,0,18.5,1959.6,0.89,0,18.5,7.25
R26,BUS005,2,4,8,0,1,10.6,1396.0,5.38,1,82.9,10.8
R27C,BUS002,1,5,19,1,0,29.3,2329.9,2.65,1,20.3,6.19
R26,BUS004,1,2,11,0,0,15.3,1729.6,1.54,2,27.7,10.27
R45,BUS004,2,1,15,0,0,18.9,1839.6,0.42,0,28.9,5.65
R57,BUS001,3,0,12,0,0,17.5,1636.0,1.4,0,20.1,6.45
R45,BUS001,1,5,21,1,0,27.6,2536.4,2.22,0,51.4,5.8
R57,BUS005,1,1,18,0,1,7.0,1239.4,5.16,0,70.7,13.32
R57,BUS004,2,3,14,0,0,24.3,1825.5,1.73,1,46.8,6.44
R45,BUS005,2,3,20,0,1,9.7,2809.0,5.44,0,55.6,19.82
R26,BUS004,2,5,15,1,0,17.4,1427.8,2.95,1,29.1,5.9
R26,BUS002,3,5,17,1,0,31.7,2181.9,0.0,0,19.1,4.03
R27C,BUS003,1,5,10,1,0,23.5,2445.5,0.33,1,10.5,6.96
R57,BUS003,1,0,12,0,0,23.8,2035.8,0.68,0,19.4,4.78
R57,BUS004,1,0,15,0,0,17.1,1565.8,1.56,0,18.6,5.64
R26,BUS002,2,1,10,0,1,17.1,1788.8,4.48,0,29.0,8.38
R45,BUS005,2,2,21,0,0,25.4,2418.4,2.0,1,21.5,6.56
R26,BUS002,3,5,12,1,0,29.0,1770.6,1.32,0,25.5,3.28
R26,BUS005,1,4,14,0,0,16.3,2479.4,2.92,0,50.2,10.26
R57,BUS005,1,3,5,0,0,24.9,1651.1,2.25,0,64.6,4.5
R26,BUS005,3,5,6,1,0,27.0,2069.7,1.21,1,36.2,6.19
R27C,BUS004,2,4,14,0,0,12.1,2496.7,1.81,0,59.7,14.07
R27C,BUS002,2,0,16,0,0,21.7,2239.8,2.5,0,65.0,6.99
R26,BUS005,2,0,18,0,1,14.5,1508.7,4.96,0,89.4,7.86
R27A,BUS005,3,4,7,0,0,19.5,1604.3,1.87,0,71.8,5.75
R57,BUS001,3,2,8,0,1,15.4,1561.0,4.99,0,54.9,8.07
R27C,BUS001,1,1,5,0,0,19.8,2510.2,0.65,0,36.1,7.57
R27A,BUS004,1,1,14,0,0,16.5,1733.6,1.79,0,18.9,7.4
R45,BUS005,1,3,12,0,0,7.3,2436.1,0.84,1,36.8,20.64
R57,BUS001,1,4,14,0,0,15.0,1888.0,2.45,2,43.8,10.76
R45,BUS005,1,0,13,0,0,17.8,2510.1,1.17,0,46.0,8.34
R45,BUS002,1,1,18,0,1,22.1,2431.0,5.24,1,87.5,9.99
R45,BUS001,2,0,8,0,1,12.7,2514.0,4.08,1,74.9,15.06
R45,BUS004,1,0,19,0,1,17.1,2410.0,4.15,0,50.9,9.44
R27A,BUS002,1,5,12,1,0,17.9,1434.5,0.76,0,40.6,6.3
R27C,BUS001,2,2,12,0,0,21.9,2307.8,2.54,1,27.5,8.54
R45,BUS004,2,1,13,0,0,21.3,2603.1,2.7,0,25.1,8.52
R27C,BUS003,1,3,9,0,1,12.9,2813.4,5.83,0,71.1,15.37
R45,BUS003,2,0,17,0,1,14.3,2505.7,5.47,0,67.5,12.29
R27A,BUS004,3,5,15,1,0,23.9,1756.5,1.27,0,36.1,4.65
R27A,BUS004,2,2,21,0,0,16.6,1516.3,1.35,1,42.8,6.52
R27C,BUS003,1,5,14,1,0,20.2,1992.9,2.25,0,28.8,6.95
R45,BUS003,1,4,15,0,0,16.8,2989.3,2.21,1,55.0,13.34
R26,BUS002,3,2,12,0,0,17.6,1552.4,2.24,2,39.4,8.56
R27C,BUS002,1,2,19,0,1,14.5,3279.8,6.42,1,43.6,17.57
R26,BUS002,2,5,15,1,0,28.4,1836.9,0.87,1,12.5,6.2
R57,BUS003,1,6,17,1,0,23.1,1998.6,0.85,0,20.3,5.9
R57,BUS001,3,3,18,0,1,9.4,1771.9,5.51,0,100.2,14.05
R45,BUS003,1,1,22,0,0,24.5,2492.5,1.23,0,29.6,5.9
R27A,BUS004,2,5,21,1,0,34.4,1881.9,2.24,0,21.2,4.77
R27A,BUS002,1,6,13,1,0,25.1,1506.4,2.65,1,11.9,4.94
R27C,BUS002,2,6,13,1,0,25.1,2561.8,0.1,0,32.2,6.15
R27C,BUS004,2,3,21,0,0,15.6,2958.3,1.63,0,61.5,11.34
R26,BUS005,2,2,22,0,0,20.5,1609.3,1.95,0,46.6,6.22
R27A,BUS001,2,6,20,1,0,26.7,1256.3,0.79,0,30.8,2.55
R26,BUS001,1,0,6,0,0,25.2,1537.8,1.31,0,40.3,4.72
R26,BUS001,2,6,20,1,0,20.9,1807.5,1.36,0,49.4,5.98
R45,BUS004,2,5,22,1,0,31.6,2286.9,0.0,1,33.5,5.24
R27C,BUS003,2,6,5,1,0,26.4,2644.8,2.43,0,38.9,7.4
R27C,BUS001,2,3,20,0,1,11.3,2831.5,4.5,0,73.6,16.62
R45,BUS003,1,0,12,0,0,20.9,2874.6,4.15,0,19.4,9.73
R27A,BUS004,1,6,12,1,0,21.7,1495.7,1.84,0,24.4,5.38
R27C,BUS005,2,6,14,1,0,21.0,2901.7,0.82,0,30.6,9.16
R27A,BUS003,3,4,9,0,1,10.0,2086.0,3.76,0,84.9,13.03
R45,BUS001,2,3,11,0,0,21.7,2663.7,0.96,0,42.1,7.91
R45,BUS004,1,4,6,0,0,18.4,2174.0,1.18,0,35.3,7.67
R27A,BUS004,3,6,13,1,0,21.0,1685.2,1.52,0,49.5,6.07
R26,BUS002,2,1,11,0,0,21.8,1649.4,0.66,0,21.7,4.46
R27A,BUS003,3,5,14,1,0,29.7,1296.0,1.07,0,33.2,3.26
R45,BUS003,2,1,9,0,1,6.6,2829.3,5.21,0,35.4,27.41
R57,BUS001,1,3,12,0,0,15.2,1255.7,1.62,0,27.1,5.5
R26,BUS005,3,2,5,0,0,29.9,1877.8,0.92,0,30.5,3.4
R45,BUS002,1,5,6,1,0,19.0,2096.6,2.46,1,45.6,9.02
R57,BUS005,3,0,18,0,1,11.5,1474.1,5.62,0,90.6,10.78
R26,BUS005,1,3,7,0,0,23.8,1360.0,0.67,0,41.4,3.41
R57,BUS004,1,0,13,0,0,22.4,1381.0,0.0,0,5.0,4.08
R45,BUS002,2,5,22,1,0,31.6,2571.1,1.26,0,15.1,4.95
R27A,BUS005,2,0,10,0,1,17.8,1293.2,4.91,1,43.2,6.87
R26,BUS001,2,2,15,0,0,18.9,1832.3,1.76,0,28.3,6.44
R26,BUS002,2,0,13,0,0,16.1,1525.9,1.13,0,31.8,6.04
R27A,BUS005,1,6,17,1,0,24.5,1644.0,1.28,1,52.8,5.65
R45,BUS004,2,2,8,0,1,14.0,2289.1,6.16,1,46.5,12.14
R27A,BUS004,1,0,19,0,1,13.1,1965.6,5.2,0,66.8,10.81
R26,BUS003,1,0,10,0,1,13.4,1774.3,4.2,1,58.1,10.43
R26,BUS002,3,5,21,1,0,29.0,1678.9,1.21,1,41.7,5.56
R26,BUS002,3,2,11,0,0,19.7,1692.1,2.58,0,53.2,6.12
R26,BUS001,1,6,5,1,0,25.9,1408.9,0.74,0,34.8,3.86
R57,BUS005,1,1,20,0,1,15.5,1588.8,6.09,0,53.8,8.4
R57,BUS002,1,1,19,0,1,17.2,1880.9,4.05,0,41.7,7.82
R26,BUS003,1,0,19,0,1,9.5,1545.9,4.2,0,64.5,9.95
R27C,BUS003,1,3,13,0,0,22.7,2770.5,1.4,0,31.4,8.63
R27C,BUS003,2,5,18,1,0,27.9,2969.8,3.3,0,26.8,7.72
R27C,BUS001,1,0,13,0,0,19.9,1668.8,1.36,0,11.0,6.44
R26,BUS003,1,2,8,0,1,7.1,1673.4,5.07,1,69.3,16.53
R57,BUS005,3,0,5,0,0,18.7,2012.8,0.29,0,27.6,6.45
R27A,BUS001,2,0,16,0,0,21.9,1501.3,1.35,0,28.6,4.55
R26,BUS003,2,4,15,0,0,25.8,2198.0,2.15,0,15.5,5.32
R45,BUS005,1,4,17,0,1,14.7,2264.8,3.76,0,71.4,10.07
R26,BUS004,3,3,14,0,0,15.4,1713.3,0.68,0,18.9,6.33
R57,BUS004,3,0,20,0,1,14.1,1750.7,5.44,1,79.1,10.28
R27C,BUS001,2,5,21,1,0,20.7,2466.8,1.65,0,22.3,8.18
R26,BUS005,3,0,13,0,0,19.9,2109.9,1.98,0,53.4,6.57
R45,BUS005,2,1,20,0,1,20.6,1943.4,3.53,0,60.3,7.12
R45,BUS003,1,6,5,1,0,27.7,2409.2,0.04,0,32.6,5.45
R27A,BUS003,3,0,20,0,1,12.0,1387.5,5.6,0,62.7,9.16
R57,BUS002,2,5,11,1,0,22.1,1782.5,2.74,0,38.8,5.55
R57,BUS005,1,4,17,0,1,15.7,1826.9,6.09,0,57.0,9.27
R57,BUS003,3,5,20,1,0,30.2,1730.5,2.29,0,64.9,4.41
R57,BUS002,2,4,8,0,1,15.7,1506.2,5.36,1,52.5,9.33
R45,BUS003,1,5,7,1,0,26.5,2020.7,2.61,2,35.5,7.25
R27A,BUS001,3,2,5,0,0,19.7,1498.5,1.21,1,28.6,6.02
R26,BUS001,3,2,6,0,0,14.6,1627.2,2.2,2,15.4,8.84
R26,BUS003,1,2,7,0,0,22.4,1982.1,1.12,1,38.0,6.1
R57,BUS004,3,4,21,0,0,22.5,2092.5,0.89,0,20.6,6.35
R45,BUS004,2,1,19,0,1,4.2,3112.4,5.97,0,63.2,46.67
R27A,BUS002,2,6,7,1,0,23.7,1711.7,2.32,0,23.6,5.39
R27C,BUS005,1,0,13,0,0,25.9,2089.2,2.45,0,38.5,6.09
R57,BUS001,1,1,11,0,0,15.2,1438.5,1.62,0,26.9,6.46
R26,BUS001,1,6,22,1,0,26.3,1542.9,1.66,0,28.1,3.98
R26,BUS003,1,1,17,0,1,8.2,1574.9,4.99,0,69.6,13.42
R45,BUS002,2,3,20,0,1,9.8,2595.4,4.97,1,75.5,18.01
R27C,BUS001,1,5,9,1,0,21.4,3119.3,1.8,0,19.3,10.53
R45,BUS003,1,2,20,0,1,16.3,2956.1,4.78,0,69.1,13.22
R27A,BUS005,1,1,18,0,1,14.7,1729.3,4.13,0,51.9,8.7
R57,BUS005,2,1,5,0,0,23.4,1544.4,0.98,0,29.0,6.2
R27C,BUS001,2,1,15,0,0,3.1,2542.6,1.82,0,26.3,49.85
R27A,BUS004,3,2,7,0,0,27.0,1685.3,1.95,1,19.5,4.36
R27C,BUS002,2,6,21,1,0,30.7,1751.8,0.84,0,15.3,4.27
R26,BUS003,3,6,5,1,0,21.8,2265.6,0.79,0,35.2,7.48
R45,BUS002,1,6,7,1,0,19.6,1982.5,1.62,0,28.6,5.98
R27A,BUS001,1,2,5,0,0,19.5,1769.5,0.39,1,29.8,5.82
R27A,BUS003,1,4,8,0,1,10.7,1966.0,4.94,0,68.3,13.65
R45,BUS001,1,4,13,0,0,26.6,2854.3,2.51,0,33.7,7.98
R57,BUS005,3,6,13,1,0,35.8,1948.2,1.53,0,45.2,2.92
R26,BUS001,3,4,13,0,0,20.5,1859.5,0.79,0,43.1,5.12
R57,BUS001,2,6,7,1,0,32.6,1784.6,1.21,0,43.9,3.83
R26,BUS004,3,4,19,0,1,7.6,1630.3,5.61,0,98.4,15.8
R45,BUS002,1,6,6,1,0,23.8,2534.4,1.66,0,33.9,6.91
R57,BUS002,3,4,16,0,0,16.8,1962.3,1.58,0,9.9,7.32
R26,BUS001,3,0,18,0,1,18.8,1664.0,5.65,0,85.8,8.11
R27C,BUS001,2,2,15,0,0,23.4,2974.9,1.23,0,29.4,9.18
R57,BUS001,3,3,6,0,0,34.0,1486.1,1.9,0,30.4,4.13
R45,BUS002,1,6,17,1,0,25.5,2764.5,1.71,0,37.8,6.89
R57,BUS005,3,6,11,1,0,19.5,1594.0,1.92,0,31.3,5.29
R26,BUS005,1,2,18,0,1,13.5,1877.2,5.56,1,57.3,11.84
R27A,BUS003,2,4,7,0,0,19.8,1585.3,0.53,0,27.6,5.92
R27A,BUS001,1,2,6,0,0,28.0,1198.8,2.51,2,46.4,5.86
R45,BUS004,2,6,6,1,0,14.1,2189.1,1.55,0,19.0,10.16
R45,BUS004,1,2,21,0,0,15.0,2760.2,0.3,2,7.4,12.85
R27C,BUS002,2,3,11,0,0,12.7,2697.8,3.13,0,26.7,14.38
R27C,BUS001,2,2,5,0,0,21.9,2590.5,1.23,2,14.3,9.24
R45,BUS005,1,6,7,1,0,19.6,2554.7,1.65,0,21.1,8.6
R26,BUS002,3,2,14,0,0,19.7,1259.1,1.93,1,23.6,5.07
R45,BUS005,2,2,17,0,1,7.0,2370.5,5.5,0,89.0,22.06
R57,BUS005,1,3,20,0,1,11.4,1935.6,4.87,0,66.9,12.48
R27A,BUS004,2,1,16,0,0,17.7,2175.0,0.27,0,38.0,7.65
R26,BUS001,1,4,7,0,0,24.6,1874.7,1.27,1,20.7,6.49
R27A,BUS005,3,2,19,0,1,11.3,1252.3,4.05,1,62.7,9.76
R27A,BUS005,3,3,16,0,0,18.3,1302.0,1.32,2,29.6,6.96
R27A,BUS003,3,5,16,1,0,20.1,1843.0,1.56,0,5.3,6.22
R57,BUS004,3,3,7,0,0,31.7,1881.4,1.25,0,43.0,3.48
R27C,BUS002,1,0,8,0,1,13.4,2714.0,4.85,0,31.0,13.65
R26,BUS001,1,6,13,1,0,36.0,1803.9,0.73,1,53.7,3.29
R45,BUS001,1,1,7,0,0,20.6,2142.1,1.57,0,30.1,7.29
R26,BUS005,3,3,16,0,0,17.8,1112.4,2.39,0,26.6,4.18
R27A,BUS001,1,1,5,0,0,19.6,1515.2,2.22,0,32.2,6.18
R27A,BUS001,3,2,6,0,0,31.6,1923.0,2.27,0,36.0,4.87
R27C,BUS002,1,1,9,0,1,7.4,1792.1,4.0,0,39.3,15.65
R57,BUS004,1,1,7,0,0,21.5,2139.5,2.66,1,79.4,7.73
R45,BUS003,1,3,14,0,0,23.8,1889.9,1.09,0,71.1,5.78
R27C,BUS004,2,6,15,1,0,27.7,2548.5,0.0,0,35.9,5.46
R27C,BUS005,2,0,10,0,1,11.1,2295.2,5.9,0,62.0,15.08
R27A,BUS002,1,0,10,0,1,19.4,1593.7,4.13,0,76.0,6.82
R57,BUS001,1,4,18,0,1,12.2,2164.5,4.5,0,34.2,12.06
R57,BUS004,2,1,11,0,0,21.1,1348.8,2.13,0,45.0,5.67
R45,BUS005,1,0,5,0,0,10.8,2232.9,1.56,0,45.8,13.2
R45,BUS003,1,6,16,1,0,15.5,2203.7,0.55,0,13.3,9.6
R57,BUS005,2,6,16,1,0,21.8,1281.9,1.66,0,48.5,3.95
R27A,BUS004,2,6,11,1,0,20.0,1912.7,1.29,0,27.9,6.66
R26,BUS005,1,3,7,0,0,24.5,1474.2,0.95,1,32.0,5.06
R27A,BUS003,1,6,16,1,0,33.6,1877.1,0.35,1,52.5,5.18
R45,BUS002,1,3,12,0,0,17.0,2519.9,2.07,1,11.8,8.71
R27C,BUS001,2,6,5,1,0,28.1,2074.7,1.98,0,43.8,5.93
R27A,BUS002,3,6,22,1,0,20.6,1906.6,0.64,0,15.8,5.56
R45,BUS004,2,0,12,0,0,15.6,2676.9,1.15,0,47.9,11.44
R26,BUS001,3,6,8,1,0,30.8,1899.9,1.54,1,49.4,4.49
R27A,BUS003,3,1,8,0,1,13.1,1392.3,5.19,0,64.5,7.44
R27A,BUS004,3,3,21,0,0,23.1,1237.4,1.75,0,33.8,4.21
R27C,BUS004,2,6,8,1,0,22.5,2115.2,1.27,0,5.0,5.38
R57,BUS001,3,4,19,0,1,10.8,1453.5,6.07,0,65.7,11.66
R27A,BUS005,3,6,22,1,0,20.6,1544.5,1.6,2,50.0,6.04
R57,BUS001,2,0,16,0,0,20.5,1505.0,0.34,1,21.6,6.09
R45,BUS004,1,0,15,0,0,19.6,2559.9,2.47,0,61.5,9.24
R27C,BUS003,1,6,6,1,0,18.6,1960.5,1.41,1,24.7,7.47
R27A,BUS002,2,4,7,0,0,18.6,1316.2,2.28,2,31.0,7.22
R27A,BUS005,3,4,12,0,0,12.8,1784.1,1.97,0,43.4,10.12
R26,BUS005,1,5,15,1,0,31.6,1886.0,2.35,0,33.7,4.84
R57,BUS003,1,0,14,0,0,14.9,2049.8,3.11,0,29.3,9.39
R27A,BUS004,2,5,11,1,0,25.1,1577.5,0.89,0,19.6,3.92
R45,BUS001,1,0,22,0,0,13.7,3299.5,1.59,0,5.0,15.4
R45,BUS002,1,3,14,0,0,23.7,2870.6,1.51,0,58.3,8.31
R27C,BUS004,1,2,5,0,0,19.9,2192.9,3.32,0,53.5,7.96
R26,BUS005,3,6,19,1,0,23.2,1696.7,0.86,0,5.0,4.72
R45,BUS001,1,1,6,0,0,12.2,3219.5,1.08,1,37.4,17.8
R57,BUS005,2,4,12,0,0,21.0,1375.1,0.0,0,42.6,4.79
R45,BUS001,2,1,10,0,1,16.2,2067.2,4.14,1,55.1,10.3
R27A,BUS001,2,4,19,0,1,9.6,1475.1,3.73,0,65.5,10.92
R45,BUS005,1,0,10,0,1,13.5,3072.4,4.69,0,82.0,15.33
R27C,BUS004,1,3,8,0,1,10.9,2497.7,5.33,1,50.2,16.61
R27A,BUS002,3,4,16,0,0,25.7,2154.2,2.11,0,28.2,5.86
R26,BUS003,3,4,9,0,1,12.7,1631.2,3.44,0,50.2,10.41
R45,BUS003,1,0,8,0,1,16.5,2764.7,4.52,0,86.0,12.31
R27C,BUS002,1,4,14,0,0,9.2,2572.5,0.39,1,51.5,17.4
R27C,BUS001,2,6,19,1,0,31.7,2405.8,1.41,0,48.6,4.59
R57,BUS002,1,4,9,0,1,16.2,1847.6,5.07,0,43.1,9.31
R27C,BUS004,1,0,19,0,1,9.3,2189.9,4.54,0,71.3,15.77
R26,BUS001,1,0,21,0,0,29.6,1493.3,1.89,0,45.9,4.18
R45,BUS001,2,3,8,0,1,16.1,2360.9,5.83,0,61.4,10.7
R27A,BUS003,1,3,5,0,0,13.4,2269.9,1.79,1,30.9,12.44
R27C,BUS005,2,3,5,0,0,21.3,1988.0,1.7,0,47.5,6.31
R45,BUS003,2,2,10,0,1,18.0,2674.6,4.46,1,43.6,11.85
R27A,BUS002,1,6,21,1,0,28.6,1688.9,2.11,0,36.1,5.43
R27A,BUS004,3,6,6,1,0,25.5,1884.4,1.6,0,32.2,4.25
R27C,BUS004,2,3,16,0,0,24.2,2090.7,2.03,0,28.2,6.09
R27A,BUS005,3,5,17,1,0,33.6,2017.1,2.4,0,23.8,4.5
R27C,BUS001,2,0,12,0,0,21.7,2157.1,1.2,2,22.3,8.34
R27C,BUS002,1,5,15,1,0,21.7,2407.7,2.16,0,44.5,8.29
R57,BUS001,1,1,11,0,0,19.2,2054.2,1.5,0,48.1,7.45
R57,BUS004,3,1,15,0,0,18.5,1642.4,0.75,0,43.3,4.21
R45,BUS003,2,2,7,0,0,19.2,2087.1,0.05,0,19.7,7.62
R27A,BUS005,2,1,13,0,0,20.1,1865.0,1.49,1,28.4,6.21
R57,BUS003,2,6,12,1,0,29.0,2047.5,3.61,0,37.0,5.72
R27C,BUS002,1,2,11,0,0,18.0,1712.2,0.42,0,55.3,6.59
R57,BUS005,1,3,16,0,0,23.1,1818.7,1.39,0,39.2,5.11
R27C,BUS001,2,0,12,0,0,25.9,3168.4,3.57,1,15.9,9.54
R57,BUS004,2,0,7,0,0,18.1,1659.4,2.2,0,37.3,6.96
R57,BUS002,1,6,15,1,0,24.3,1700.4,2.15,0,38.0,5.07
R27A,BUS003,1,1,9,0,1,11.2,2060.3,5.51,1,87.4,13.24
R57,BUS003,1,6,17,1,0,23.4,2037.2,0.96,0,28.4,6.4
R27C,BUS002,1,1,16,0,0,20.8,1947.3,1.49,0,56.2,6.27
R26,BUS002,1,4,5,0,0,11.2,1490.3,1.49,0,69.5,8.65
R27A,BUS001,2,0,15,0,0,15.3,1703.9,1.82,2,19.5,9.37
R27A,BUS005,3,0,6,0,0,24.5,1506.6,1.48,0,43.4,3.16
R26,BUS001,2,5,14,1,0,25.7,1667.1,1.63,0,27.0,4.41
R27C,BUS004,1,2,9,0,1,16.1,2829.4,3.98,0,60.7,12.91
R26,BUS005,1,3,14,0,0,18.7,1676.2,1.7,0,26.5,6.66
R27A,BUS005,2,1,14,0,0,23.3,1760.9,1.9,0,25.8,5.59
R45,BUS002,1,6,16,1,0,27.0,2668.3,0.53,0,53.3,6.31
R27C,BUS003,1,6,19,1,0,31.7,2306.7,0.0,0,36.2,4.94
R45,BUS003,2,0,10,0,1,7.1,2295.9,4.08,0,62.9,21.85
R26,BUS005,3,0,18,0,1,15.4,1786.7,4.31,1,57.7,9.16
R27C,BUS005,1,6,11,1,0,23.6,2367.2,3.57,0,22.8,7.64
R57,BUS004,2,2,8,0,1,17.0,1667.8,5.56,2,31.8,9.99
R27A,BUS003,3,5,11,1,0,25.0,1688.6,1.51,2,28.5,6.52
R27A,BUS003,2,1,18,0,1,18.9,1522.5,4.79,0,112.2,6.8
R27A,BUS003,3,2,6,0,0,19.6,1584.0,1.8,0,20.7,4.93
R26,BUS001,1,6,10,1,0,28.9,1520.1,2.17,2,46.4,5.35
R27A,BUS001,3,0,16,0,0,22.3,1390.3,3.43,0,51.3,4.75
R57,BUS005,2,4,5,0,0,12.6,1261.6,1.21,0,32.9,6.5
R57,BUS001,3,3,17,0,1,14.1,1655.2,4.13,0,72.6,8.22
R27C,BUS002,1,2,11,0,0,25.3,2719.7,1.81,0,28.2,6.69
R57,BUS002,2,5,21,1,0,30.1,1360.1,1.83,0,43.8,2.73
R26,BUS003,1,4,9,0,1,10.4,1891.4,4.7,0,75.5,12.49
R45,BUS003,1,5,13,1,0,27.1,2645.5,2.38,0,41.0,6.76
R27C,BUS005,1,4,12,0,0,23.0,2919.0,1.19,0,49.5,8.34
R27A,BUS004,3,0,16,0,0,25.1,1707.7,0.36,0,41.5,4.31
R26,BUS001,3,5,6,1,0,28.5,1427.3,2.55,0,37.3,3.89
R45,BUS001,1,4,10,0,1,3.0,2273.7,5.21,0,80.3,46.93
R27A,BUS005,1,5,9,1,0,25.4,1657.3,0.63,0,48.5,3.79
R45,BUS005,1,0,7,0,0,17.2,2622.3,1.03,1,57.5,10.63
R27C,BUS004,2,6,12,1,0,18.7,2622.0,1.06,0,61.8,8.2
R27A,BUS003,2,0,17,0,1,17.7,1564.8,6.97,1,51.5,8.67
R26,BUS003,1,1,11,0,0,24.5,1593.4,0.21,0,22.7,2.88
R26,BUS003,1,6,7,1,0,27.7,1747.8,0.94,0,39.6,4.83
R57,BUS002,1,5,6,1,0,35.6,1981.4,0.1,2,32.8,5.14
R57,BUS001,2,2,14,0,0,27.0,1368.7,2.68,0,21.7,5.18
R27C,BUS005,1,0,13,0,0,16.6,2548.2,0.64,0,23.7,9.03
R45,BUS001,2,6,21,1,0,30.2,2340.6,2.11,1,57.2,6.96
R26,BUS003,1,3,21,0,0,18.1,1678.2,2.55,1,50.3,6.72
R27A,BUS005,1,0,10,0,1,11.4,1837.0,5.2,0,82.7,11.24
R57,BUS002,2,2,11,0,0,23.3,1727.2,2.83,1,20.7,5.71
R45,BUS003,1,3,20,0,1,6.9,2541.1,4.43,0,98.2,23.63
R45,BUS003,2,2,18,0,1,16.9,1834.9,5.37,2,77.6,10.89
R45,BUS001,2,1,10,0,1,14.8,2484.1,6.05,0,61.6,11.53
R26,BUS002,2,3,20,0,1,9.9,1907.6,4.24,0,77.9,14.04
R27A,BUS004,3,6,7,1,0,31.8,1600.0,0.0,0,13.9,2.17
R45,BUS004,2,2,6,0,0,19.9,2635.3,0.79,0,17.0,9.03
R45,BUS003,1,0,10,0,1,15.8,2417.1,5.05,0,84.2,11.33
R27A,BUS003,2,2,11,0,0,16.4,1755.1,1.01,1,48.9,8.03
R45,BUS004,2,1,14,0,0,23.8,2925.6,0.72,0,40.9,7.14
R57,BUS005,2,5,19,1,0,22.7,1725.5,0.0,0,36.1,3.94
R26,BUS001,3,0,16,0,0,7.3,1743.9,1.6,0,14.1,14.7
R27C,BUS001,2,5,17,1,0,30.6,2148.3,2.19,0,54.6,5.47
R27A,BUS004,1,5,14,1,0,22.7,1619.3,3.01,0,43.4,6.24
R27A,BUS002,3,6,19,1,0,18.7,1785.0,0.0,0,34.5,6.68
R27A,BUS003,1,4,18,0,1,15.0,1698.5,5.16,0,65.9,9.42
R26,BUS004,2,6,12,1,0,32.7,1808.8,2.57,0,13.3,4.38
R26,BUS002,3,5,17,1,0,33.8,1156.6,1.09,1,39.7,3.06
R57,BUS003,3,2,5,0,0,18.5,2025.7,0.42,0,17.3,7.76
R27A,BUS001,1,6,12,1,0,30.2,1547.7,2.33,0,34.0,3.1
R45,BUS001,2,3,21,0,0,20.0,2139.5,0.47,0,36.6,6.12
R27A,BUS004,2,3,8,0,1,5.9,1744.0,3.15,0,43.5,18.49
R27C,BUS004,2,3,7,0,0,23.2,2815.6,1.21,0,6.9,7.58
R45,BUS004,1,6,18,1,0,20.3,2309.1,1.58,0,39.9,7.6
R27A,BUS002,2,0,12,0,0,21.5,2072.7,0.12,1,10.6,7.3
R57,BUS001,3,6,12,1,0,23.5,1742.0,1.38,0,50.8,5.36
R27C,BUS004,1,2,13,0,0,19.9,2585.6,0.97,0,21.8,7.61
R27A,BUS003,3,6,5,1,0,21.7,1686.9,2.17,0,44.5,6.37
R57,BUS002,3,2,13,0,0,16.6,2060.8,1.64,0,28.6,7.8
R57,BUS001,2,3,8,0,1,16.2,1508.5,6.09,0,63.7,7.2
R26,BUS005,2,4,18,0,1,10.4,1856.2,5.26,0,73.6,13.53
R27A,BUS003,2,5,7,1,0,22.9,1601.6,0.33,0,23.3,4.77
R26,BUS003,2,1,19,0,1,9.8,1330.0,4.51,0,71.2,10.15
R45,BUS001,2,2,22,0,0,22.9,2624.5,1.65,0,24.4,7.42
R57,BUS005,2,5,15,1,0,24.4,1416.6,1.65,1,33.6,3.8
R27C,BUS003,2,6,16,1,0,21.8,2155.0,1.1,0,60.0,6.12
R57,BUS002,1,3,7,0,0,23.6,1818.4,1.85,0,5.0,5.81
R27C,BUS005,2,4,14,0,0,15.4,2809.8,1.96,0,33.9,12.79
R57,BUS005,3,6,20,1,0,20.5,2195.6,0.1,0,29.2,5.53
R27C,BUS002,1,2,18,0,1,12.9,2066.6,4.83,1,52.1,11.97
R27C,BUS001,2,1,5,0,0,27.8,2180.3,1.18,0,8.0,5.89
R57,BUS003,2,0,13,0,0,22.7,1764.1,1.59,0,21.7,5.3
R57,BUS004,1,6,20,1,0,18.0,1766.0,1.52,1,37.0,6.81
R27A,BUS001,3,5,22,1,0,22.5,1816.9,1.85,0,26.6,7.13
R45,BUS002,2,3,12,0,0,14.2,3229.9,1.27,0,34.2,14.54
R57,BUS005,1,6,22,1,0,32.2,1873.0,1.16,0,38.5,3.7
R27C,BUS005,2,0,12,0,0,13.2,2814.0,1.37,0,37.7,14.02
R45,BUS005,2,5,17,1,0,31.2,1606.0,1.32,0,25.0,2.97
R27C,BUS005,2,5,10,1,0,26.7,2542.8,1.79,0,27.2,5.46
R57,BUS005,2,1,19,0,1,16.3,1830.9,5.61,0,82.3,9.13
R45,BUS003,2,3,6,0,0,15.1,2087.0,0.78,0,24.6,7.99
R27A,BUS002,2,2,16,0,0,24.9,1951.8,2.04,0,20.1,6.16
R57,BUS005,2,0,20,0,1,17.1,1684.3,5.29,0,40.4,7.44
R27C,BUS004,2,3,7,0,0,17.7,2430.4,2.91,1,51.0,10.69
R26,BUS004,1,6,9,1,0,23.0,1625.7,0.94,0,23.2,3.61
R26,BUS003,2,3,9,0,1,23.1,2029.3,5.25,2,75.4,8.76
R27C,BUS003,1,1,22,0,0,22.6,2742.9,0.54,0,38.0,8.06
R26,BUS004,2,6,18,1,0,32.9,1524.7,1.31,1,15.5,4.23
R27C,BUS002,1,2,14,0,0,25.0,2888.4,1.93,0,40.1,8.26
R45,BUS003,2,3,13,0,0,20.6,2389.3,1.32,0,39.4,6.86
R27A,BUS002,2,3,8,0,1,12.5,1590.4,5.7,0,53.8,9.52
R26,BUS003,2,2,17,0,1,7.0,1696.5,5.31,1,69.6,17.38
R27C,BUS001,2,6,15,1,0,24.6,2405.5,2.05,1,30.9,8.28
R45,BUS003,2,6,17,1,0,27.4,2774.2,1.89,0,34.5,6.41
R27C,BUS003,2,3,13,0,0,23.6,3041.8,1.44,1,15.8,9.45
R26,BUS001,2,2,8,0,1,18.4,1950.2,6.02,0,67.5,8.69
R27A,BUS002,2,2,16,0,0,20.4,1764.8,2.16,0,62.3,6.25
R27C,BUS005,1,6,13,1,0,21.2,2083.2,1.92,0,47.9,6.54
R27A,BUS002,2,4,22,0,0,25.6,1266.4,0.36,0,25.8,3.6
R27C,BUS002,1,0,21,0,0,19.6,2707.6,2.16,0,38.5,9.49
R27C,BUS002,1,3,11,0,0,29.7,2670.4,1.65,0,47.2,5.05
R27C,BUS002,1,4,22,0,0,26.9,2612.8,1.83,1,50.0,5.85
R26,BUS002,3,4,7,0,0,19.7,1999.6,2.2,0,26.5,6.6
R26,BUS004,2,2,12,0,0,23.7,1660.9,1.09,0,38.8,5.19
R27C,BUS005,2,3,18,0,1,11.1,2211.2,4.91,0,76.6,14.12
R27A,BUS004,2,2,7,0,0,18.6,1321.2,1.27,1,45.3,5.35
R45,BUS005,2,0,22,0,0,18.0,2646.2,1.94,1,55.8,9.57
R27A,BUS004,2,6,17,1,0,25.9,1519.7,1.79,0,32.1,4.33
R57,BUS002,3,4,21,0,0,33.7,2068.1,2.08,1,30.4,5.27
R27A,BUS002,1,6,15,1,0,29.0,1662.6,1.41,0,32.6,5.35
R27A,BUS004,1,3,9,0,1,16.9,1339.1,5.81,0,96.6,6.89
R27C,BUS004,2,6,11,1,0,29.7,2997.6,0.14,1,11.0,7.76
R27C,BUS001,1,6,5,1,0,26.5,2444.9,0.36,1,41.8,6.29
R27C,BUS001,1,0,22,0,0,20.5,2750.9,0.0,0,24.1,7.85
R26,BUS004,1,1,12,0,0,23.0,1684.9,2.13,2,16.4,6.32
R27A,BUS003,2,5,17,1,0,32.3,1876.5,1.61,0,41.6,4.0
R27A,BUS004,3,1,22,0,0,21.7,1279.0,0.11,0,51.6,3.08
R27A,BUS005,1,3,15,0,0,19.9,1735.3,0.87,1,33.0,5.31
R26,BUS002,3,6,15,1,0,27.2,1269.5,0.74,0,30.6,3.98
R27A,BUS003,1,5,5,1,0,17.1,1942.8,3.11,0,50.4,7.44
R27A,BUS003,2,5,16,1,0,22.5,1807.6,1.74,0,37.0,5.44
R26,BUS005,2,2,14,0,0,24.3,1891.6,2.98,1,50.2,6.76
R45,BUS004,2,4,9,0,1,19.7,2930.9,4.43,0,93.9,10.1
R27C,BUS004,2,4,6,0,0,14.9,3113.8,2.13,0,36.1,13.85
R27C,BUS002,2,0,10,0,1,13.4,2457.5,4.22,0,54.0,13.11
R57,BUS002,2,0,15,0,0,17.5,1726.5,1.25,1,7.5,7.7
R27A,BUS005,2,6,13,1,0,21.4,1835.5,0.4,1,45.8,6.14
R57,BUS004,1,2,13,0,0,12.4,1458.8,0.69,0,63.4,7.41
R45,BUS002,2,1,12,0,0,17.1,2825.9,1.38,1,13.9,11.67
R27A,BUS003,3,4,13,0,0,18.9,1665.9,1.78,1,48.7,6.87
R27C,BUS004,2,0,11,0,0,14.0,2621.4,1.87,0,57.4,11.93
R26,BUS002,2,0,5,0,0,17.8,2165.7,1.14,0,34.7,7.72
R27A,BUS002,2,1,14,0,0,12.2,1893.8,1.91,0,60.8,10.11
R26,BUS004,2,6,18,1,0,18.4,1406.4,0.99,0,38.1,4.7
R26,BUS001,2,5,17,1,0,25.4,1665.0,1.35,2,41.3,6.68
R57,BUS002,2,4,19,0,1,16.2,1839.4,4.61,1,65.0,7.79
R57,BUS005,2,1,6,0,0,16.0,1360.7,0.6,0,28.9,5.17
R45,BUS001,2,2,13,0,0,21.4,2345.5,2.52,0,42.3,7.3
R45,BUS003,1,3,22,0,0,22.5,2867.2,1.42,0,29.0,8.24
R57,BUS005,3,4,8,0,1,17.9,1537.7,5.38,0,54.6,8.41
R27C,BUS003,2,2,22,0,0,17.7,2562.1,1.48,0,47.3,8.6
R57,BUS005,2,1,20,0,1,13.1,1691.6,6.46,0,78.3,9.66
R45,BUS003,2,3,21,0,0,16.6,2808.1,1.67,0,34.2,10.69
R27A,BUS004,1,0,16,0,0,16.9,1913.2,1.4,0,21.8,7.44
R45,BUS004,2,5,11,1,0,22.8,2553.5,1.32,0,24.3,7.42
R57,BUS003,1,1,22,0,0,12.3,1582.6,1.12,0,34.1,7.78
R27C,BUS004,1,1,6,0,0,24.8,2946.2,0.5,0,49.1,6.82
R27C,BUS001,1,0,8,0,1,8.9,2672.8,5.45,0,81.1,20.07
R27C,BUS002,2,1,8,0,1,11.7,1956.3,4.72,0,65.7,12.95
R26,BUS002,3,4,21,0,0,27.0,1737.5,3.26,1,24.9,5.71
R57,BUS003,1,4,14,0,0,13.1,1247.4,1.83,0,24.9,7.35
R57,BUS004,1,2,22,0,0,15.5,1355.4,1.97,0,47.7,6.7
R45,BUS004,1,2,9,0,1,9.9,2307.3,5.29,1,63.4,16.34
R27A,BUS004,1,2,22,0,0,24.4,1519.6,1.95,0,33.0,3.29
R26,BUS003,2,0,6,0,0,24.1,1720.9,0.63,0,65.2,3.61
R45,BUS003,2,2,5,0,0,22.0,2791.4,1.13,1,21.7,8.88
R27C,BUS005,2,6,13,1,0,22.3,2697.7,1.14,0,54.3,8.12
R26,BUS001,2,4,17,0,1,10.9,1860.8,6.14,0,87.3,12.81
R27C,BUS004,2,0,20,0,1,20.3,2652.5,5.28,0,63.7,9.92
R27A,BUS004,3,4,8,0,1,18.8,1915.1,5.28,0,43.6,8.14
R26,BUS001,1,2,9,0,1,16.4,1669.0,5.13,0,87.5,8.65
R57,BUS004,3,2,13,0,0,23.6,1566.9,1.24,0,39.8,2.83
R27A,BUS002,3,3,20,0,1,12.3,1750.0,4.98,0,78.7,9.71
R27A,BUS005,3,6,11,1,0,27.6,1324.1,1.71,1,28.9,5.38
R57,BUS003,2,0,21,0,0,20.1,1183.1,0.0,1,52.5,3.24
R45,BUS004,1,6,21,1,0,27.3,2514.3,1.71,1,33.6,8.43
R27C,BUS003,2,3,9,0,1,7.7,1841.3,4.89,0,68.7,16.66
R57,BUS003,2,0,5,0,0,18.8,1388.0,0.94,0,51.3,4.51
R27C,BUS001,2,5,9,1,0,26.6,2408.4,0.82,0,25.9,6.21
R27A,BUS003,2,0,11,0,0,25.0,1873.0,1.78,0,37.1,5.67
R26,BUS002,3,6,17,1,0,24.0,1834.8,0.22,0,32.4,4.51
R26,BUS003,2,5,17,1,0,18.5,1963.0,1.55,2,16.8,7.55
R45,BUS001,2,3,16,0,0,18.7,2216.6,1.98,1,22.3,9.21
R27A,BUS003,2,6,8,1,0,33.2,1868.7,1.18,0,16.4,4.16
R27A,BUS003,1,6,18,1,0,21.8,1725.8,0.99,0,36.6,4.83
R57,BUS003,2,0,11,0,0,19.8,1596.5,2.53,2,54.6,7.48
R26,BUS002,2,4,13,0,0,15.2,1608.6,3.21,0,38.7,7.35
R45,BUS005,1,1,8,0,1,6.2,2410.2,4.21,1,55.4,26.74
R27A,BUS001,2,6,15,1,0,27.9,1513.7,1.68,0,38.1,3.89
R57,BUS005,2,2,21,0,0,15.9,1268.4,1.11,0,41.6,5.33
R27C,BUS004,2,1,16,0,0,23.8,2808.1,1.5,0,43.4,7.74
R57,BUS005,2,0,10,0,1,9.3,1511.1,6.02,0,51.0,12.41
R26,BUS005,3,0,13,0,0,11.2,1571.1,1.72,0,48.7,9.47
R57,BUS004,2,0,11,0,0,18.7,1719.8,1.69,1,23.8,6.4
R26,BUS004,1,1,5,0,0,17.4,1852.6,2.16,0,45.5,7.57
R57,BUS002,3,2,9,0,1,25.6,1712.2,4.53,0,56.7,5.87
R57,BUS005,1,1,15,0,0,15.9,1925.3,2.07,0,58.2,7.32
R57,BUS004,1,0,5,0,0,16.1,1867.1,1.56,0,37.3,8.06
R27C,BUS003,2,2,20,0,1,12.1,2428.2,6.1,0,64.9,14.08
R57,BUS005,3,6,10,1,0,26.5,1854.1,1.11,0,26.4,3.55
R45,BUS003,2,6,14,1,0,36.7,2686.0,0.15,0,37.3,3.82
R26,BUS001,3,6,8,1,0,28.5,1767.9,1.44,0,26.5,4.17
R45,BUS003,2,6,20,1,0,30.5,2863.1,1.1,2,21.9,9.13
R27A,BUS002,1,1,16,0,0,16.9,1786.3,0.01,1,5.0,7.79
R27C,BUS004,2,1,15,0,0,18.0,2721.2,2.48,0,19.1,10.17
R27C,BUS001,2,4,5,0,0,19.4,2587.2,2.82,0,45.6,9.0
R26,BUS001,1,6,6,1,0,19.1,2039.1,1.68,0,47.6,8.21
R27C,BUS004,1,1,10,0,1,9.9,2221.5,5.06,0,58.8,15.31
R26,BUS001,2,6,8,1,0,25.4,1920.7,1.79,0,53.1,6.27
R26,BUS002,1,4,7,0,0,22.6,2081.0,1.27,0,37.1,6.66
R26,BUS003,2,1,8,0,1,12.8,2006.5,4.59,0,83.3,11.65
R26,BUS002,1,1,7,0,0,23.5,1712.3,1.6,1,46.6,5.94
R26,BUS004,3,2,12,0,0,13.3,1321.7,2.81,1,39.3,8.7
R45,BUS003,2,4,18,0,1,4.0,2493.3,5.03,0,90.1,37.76
R45,BUS004,2,0,10,0,1,17.5,2171.6,5.26,0,82.3,9.29
R27C,BUS004,1,5,18,1,0,30.2,2626.8,1.0,0,42.9,5.95
R26,BUS005,2,2,15,0,0,20.2,1650.0,0.43,0,18.8,4.38
R57,BUS002,2,3,20,0,1,20.0,2100.2,3.88,0,40.6,7.35
R45,BUS001,1,4,16,0,0,19.8,2818.7,1.42,0,24.5,9.4
R26,BUS002,2,6,13,1,0,28.3,1287.4,0.17,0,51.7,2.7
R26,BUS001,3,3,14,0,0,24.5,1690.9,1.53,0,38.3,5.27
R57,BUS003,2,3,5,0,0,15.2,1729.5,1.97,1,67.1,7.81
R26,BUS003,3,0,16,0,0,12.4,1758.2,1.3,0,42.0,8.86
R26,BUS005,3,3,18,0,1,18.2,2027.2,4.51,0,83.2,8.95
R27C,BUS005,1,6,8,1,0,29.9,2962.2,1.44,0,5.0,7.23
R26,BUS005,2,3,14,0,0,20.9,1551.7,0.91,0,28.2,5.21
R27A,BUS003,1,2,10,0,1,19.2,1501.0,4.38,0,57.7,6.27
R27C,BUS004,1,0,22,0,0,19.3,2447.7,1.93,0,43.6,8.22
R45,BUS005,2,4,11,0,0,21.7,2453.1,2.23,0,39.0,8.19
R45,BUS001,2,4,9,0,1,8.6,2209.3,6.26,0,57.6,18.04
R26,BUS001,1,5,11,1,0,23.3,1495.4,0.58,0,40.2,4.81
R27C,BUS004,1,4,19,0,1,12.8,2652.4,4.92,0,90.9,14.71
R57,BUS004,1,2,21,0,0,19.7,2122.9,1.58,0,33.4,7.46
R26,BUS001,3,1,9,0,1,13.6,1724.5,4.14,1,57.9,10.11
R27A,BUS002,1,4,6,0,0,19.9,1542.2,1.08,0,48.8,5.75
R45,BUS003,2,6,18,1,0,26.7,3442.0,1.49,0,11.3,8.81
R45,BUS003,1,5,6,1,0,27.9,2402.2,1.76,0,26.7,5.24
R57,BUS004,3,5,20,1,0,18.9,1666.4,2.15,0,28.8,6.02
R57,BUS003,3,3,11,0,0,13.2,1341.0,0.34,0,8.6,5.79
R26,BUS001,2,1,7,0,0,13.5,1932.5,1.21,0,56.2,9.37
R27A,BUS002,2,1,12,0,0,22.7,1273.9,1.8,0,5.0,4.04
R27A,BUS002,2,0,16,0,0,12.9,1665.1,1.64,1,29.0,8.29
R27A,BUS001,1,3,9,0,1,15.4,1499.2,4.69,0,69.7,7.58
R45,BUS005,2,2,17,0,1,10.4,1994.4,6.02,0,87.5,14.25
R27C,BUS004,2,6,6,1,0,18.1,2509.7,2.29,0,5.0,9.94
R27A,BUS004,2,6,19,1,0,33.4,2139.8,1.61,0,39.6,5.01
R27C,BUS004,2,1,12,0,0,11.3,2357.0,1.63,1,49.8,14.39
R45,BUS002,1,5,10,1,0,29.3,2390.5,1.55,0,45.3,5.67
R45,BUS001,1,5,6,1,0,30.7,3009.2,1.57,0,46.2,6.77
R27C,BUS005,1,3,19,0,1,14.5,2138.6,5.54,0,59.0,10.25
R26,BUS005,3,0,6,0,0,20.1,1852.6,1.31,0,25.2,6.69
R45,BUS001,1,5,12,1,0,24.8,2477.5,1.32,0,52.2,7.13
R27C,BUS001,1,2,11,0,0,17.6,2796.9,2.04,0,46.2,10.14
R27A,BUS003,3,3,15,0,0,16.7,1654.3,2.42,0,22.8,6.5
R45,BUS005,1,6,22,1,0,25.4,1886.5,0.3,1,47.8,4.75
R57,BUS001,1,0,16,0,0,17.8,1818.8,1.38,0,34.5,6.83
R26,BUS003,3,1,12,0,0,13.1,1422.6,1.41,2,57.5,9.64
R27A,BUS002,1,1,19,0,1,19.6,1659.5,4.73,0,63.5,8.4
R45,BUS001,2,5,8,1,0,24.2,2634.6,2.34,1,45.7,7.71
R26,BUS005,1,2,17,0,1,5.5,1962.3,4.93,0,54.8,23.1
R27C,BUS005,1,4,9,0,1,18.1,1790.6,3.84,0,40.7,7.46
R45,BUS004,2,5,15,1,0,28.6,1956.0,2.32,1,34.2,5.97
R57,BUS005,1,5,6,1,0,32.3,1391.1,1.21,0,23.8,3.0
R57,BUS003,2,2,8,0,1,16.6,1367.6,5.45,0,69.4,6.92
R27C,BUS005,1,1,22,0,0,15.4,2516.8,2.28,0,50.9,11.17
R45,BUS003,2,4,14,0,0,17.7,2346.7,3.25,1,31.9,9.65
R27C,BUS003,1,3,14,0,0,13.8,2155.4,2.27,0,51.5,10.26
R27C,BUS001,1,0,11,0,0,17.0,2849.5,2.03,0,47.5,10.85
R27C,BUS003,2,2,21,0,0,8.6,2621.4,0.26,0,28.1,18.24
R27A,BUS003,3,4,18,0,1,20.6,1763.4,4.72,0,63.2,7.17
R57,BUS004,3,6,7,1,0,22.4,1461.2,1.97,2,44.5,5.76
R27C,BUS003,1,3,18,0,1,13.7,2044.2,4.31,1,92.2,11.53
R27A,BUS004,1,0,21,0,0,23.3,1367.0,2.42,0,45.1,3.81
R57,BUS003,3,5,9,1,0,16.9,1773.1,1.25,0,46.6,6.07
R45,BUS005,1,2,5,0,0,28.4,2980.5,0.0,0,40.6,6.04
R26,BUS004,2,5,18,1,0,25.4,1387.9,3.51,0,36.6,5.25
R27A,BUS004,3,5,16,1,0,29.8,1706.8,0.65,0,44.7,4.53
R45,BUS005,1,6,21,1,0,20.7,2842.2,0.0,0,71.6,7.97
R45,BUS001,2,5,21,1,0,25.2,2846.2,1.68,0,24.2,7.49
R57,BUS001,1,3,17,0,1,18.5,1834.2,5.63,0,83.6,8.25
R45,BUS001,1,0,13,0,0,27.7,2448.0,0.97,0,64.2,5.63
R45,BUS005,1,5,20,1,0,30.1,2848.4,1.34,0,32.1,6.47
R45,BUS001,1,0,15,0,0,13.0,2607.8,0.22,0,49.7,12.15
R26,BUS005,2,3,6,0,0,22.6,1531.6,0.98,0,25.1,4.05
R26,BUS004,2,5,12,1,0,25.8,2191.5,1.1,1,5.0,6.53
R27C,BUS004,1,0,7,0,0,14.3,2509.4,2.06,0,36.3,11.16
R45,BUS002,2,2,19,0,1,15.7,2666.7,5.59,1,60.7,12.81
R26,BUS002,3,4,7,0,0,28.6,2107.1,1.12,1,51.8,5.09
R45,BUS005,2,5,19,1,0,37.3,2687.1,1.68,0,28.4,4.98
R27C,BUS002,1,4,8,0,1,14.5,2612.8,3.88,0,63.5,12.15
R27C,BUS005,2,6,19,1,0,17.7,2109.8,2.01,0,38.9,7.53
R57,BUS001,1,0,12,0,0,10.6,1739.1,1.77,0,47.5,9.67
R27C,BUS004,1,3,21,0,0,22.3,2494.5,1.1,0,36.7,6.47
R45,BUS002,2,6,5,1,0,28.8,3477.5,2.43,0,26.1,7.67
R57,BUS004,1,6,16,1,0,28.8,1831.6,1.29,0,64.9,3.85
R45,BUS002,2,4,12,0,0,18.8,3261.8,1.14,1,51.2,11.39
R27A,BUS005,1,1,13,0,0,17.4,1734.0,2.17,0,39.3,7.05
R27C,BUS003,2,5,7,1,0,28.4,1932.0,1.89,0,49.8,3.94
R27A,BUS004,3,6,19,1,0,23.7,1833.8,1.35,0,25.5,6.04
R57,BUS003,2,3,10,0,1,3.0,1408.2,4.2,0,53.5,29.53
R45,BUS003,1,1,6,0,0,14.6,2173.3,0.97,1,43.9,10.17
R57,BUS001,2,6,13,1,0,29.0,2202.5,0.2,2,18.3,7.48
R57,BUS005,2,3,17,0,1,18.1,1720.5,5.79,1,75.5,9.1
R27A,BUS005,3,2,12,0,0,25.5,2037.3,2.01,2,43.8,6.23
R27A,BUS001,2,4,17,0,1,15.0,1444.0,3.66,1,89.5,8.46
R27A,BUS002,1,2,21,0,0,17.6,1597.5,3.13,0,45.7,6.13
R57,BUS003,2,2,13,0,0,11.9,1549.2,2.8,2,38.3,10.82
R27C,BUS005,1,2,5,0,0,19.7,3087.8,0.28,0,36.4,10.3
R57,BUS001,2,6,5,1,0,25.5,1967.6,0.92,1,47.9,6.12
R27C,BUS004,2,6,17,1,0,25.6,2440.6,2.67,0,24.5,6.67
R27A,BUS002,3,1,20,0,1,6.9,1530.6,5.41,0,77.8,15.46
R57,BUS004,1,0,15,0,0,24.0,1851.3,1.09,0,51.3,5.03
R26,BUS005,1,2,17,0,1,8.4,1009.8,5.87,1,45.8,10.04
R27C,BUS001,2,6,5,1,0,18.5,2485.7,0.84,0,27.3,7.72
R45,BUS004,1,6,19,1,0,28.9,2348.1,2.54,1,46.2,6.29
R27A,BUS001,3,6,22,1,0,16.9,1294.1,3.27,1,17.8,7.11
R27A,BUS005,3,0,13,0,0,21.4,1655.0,2.34,1,24.9,7.01
R27A,BUS003,3,3,21,0,0,19.7,1824.3,2.23,0,28.2,5.67
R57,BUS001,2,6,18,1,0,33.9,2184.0,1.34,0,38.6,3.22
R26,BUS003,3,1,19,0,1,10.3,1680.9,5.29,1,80.7,11.6
R45,BUS002,2,3,9,0,1,18.1,3032.6,5.0,0,92.1,12.97
R27C,BUS001,1,0,18,0,1,11.2,3039.8,6.24,0,42.2,19.03
R26,BUS005,3,4,18,0,1,12.4,2015.3,3.77,0,56.3,10.65
R27C,BUS003,1,0,7,0,0,16.9,2298.0,0.3,2,50.4,9.73
R27C,BUS005,1,2,13,0,0,17.5,2526.4,1.37,1,9.0,9.81
R27C,BUS001,2,4,14,0,0,28.2,2732.7,0.88,0,28.3,5.98
R57,BUS005,2,2,15,0,0,23.6,1224.0,0.23,0,56.5,3.47
R57,BUS004,3,4,18,0,1,13.1,1655.4,5.52,0,51.6,9.55
R27C,BUS004,2,2,20,0,1,11.4,3242.7,4.24,0,59.2,18.64
R27A,BUS003,2,3,22,0,0,31.0,1420.3,0.91,0,42.0,2.27
R27C,BUS002,2,4,12,0,0,20.0,2023.8,2.13,0,29.2,6.38
R27A,BUS005,1,3,13,0,0,19.5,1783.2,2.76,0,24.7,7.17
R27C,BUS003,1,2,11,0,0,19.1,2149.7,1.0,0,23.0,7.78
R27A,BUS001,1,4,13,0,0,13.8,1645.1,2.44,0,41.9,9.72
R45,BUS004,2,1,10,0,1,4.6,2422.9,3.81,0,32.5,33.04
R27C,BUS005,1,2,9,0,1,16.6,2832.2,4.56,0,80.6,12.24
R27C,BUS004,1,1,6,0,0,18.6,2513.5,1.32,0,35.8,9.11
R57,BUS005,1,3,10,0,1,11.7,1343.4,4.0,1,72.4,9.62
R57,BUS001,1,3,10,0,1,13.7,2189.5,5.5,0,60.9,11.47
R26,BUS005,1,6,20,1,0,19.5,1811.6,1.27,2,42.4,8.48
R27A,BUS005,3,2,9,0,1,10.8,1713.0,5.79,0,78.0,11.19
R57,BUS004,1,5,16,1,0,23.8,1755.1,0.76,1,59.1,4.95
R27A,BUS003,3,4,20,0,1,11.8,1570.4,4.94,0,74.6,10.37
R27A,BUS005,3,3,22,0,0,10.7,1896.3,1.63,0,62.7,12.17
R45,BUS002,2,1,19,0,1,15.3,3127.8,6.62,1,62.8,15.55
R45,BUS003,1,6,16,1,0,30.4,2314.6,1.86,0,19.6,5.11
R26,BUS003,3,3,19,0,1,12.9,1536.2,3.37,0,53.6,8.65
R27A,BUS001,3,2,21,0,0,26.1,1399.9,1.18,0,30.5,3.83
R57,BUS003,2,0,11,0,0,25.2,1640.5,0.85,0,5.0,3.9
R26,BUS001,3,4,5,0,0,22.4,1781.3,1.84,0,65.4,5.18
R26,BUS003,2,1,5,0,0,20.2,1766.5,2.01,0,33.9,6.45
R27A,BUS001,1,6,9,1,0,24.7,1716.9,2.17,0,10.5,5.63
R57,BUS002,1,1,6,0,0,19.5,1627.1,0.7,0,35.2,4.63
R27A,BUS005,3,4,12,0,0,18.5,1028.7,0.77,0,14.8,2.68
R57,BUS004,2,6,21,1,0,23.4,1687.3,2.42,0,40.5,5.99
R57,BUS001,3,3,22,0,0,12.7,1409.6,0.04,0,38.1,6.76
R57,BUS002,1,0,13,0,0,8.2,2158.7,1.86,1,32.3,17.33
R26,BUS003,3,4,20,0,1,11.3,1594.9,5.92,0,48.7,11.58
R27A,BUS003,2,6,14,1,0,31.0,1730.7,1.78,0,17.7,4.01
R27A,BUS001,2,4,21,0,0,21.8,1885.5,0.0,0,45.1,4.9
R26,BUS001,1,5,10,1,0,29.2,1695.4,0.91,0,10.8,3.42
R57,BUS001,1,2,10,0,1,15.3,1778.6,5.13,0,57.1,10.02
R27A,BUS005,3,0,21,0,0,18.0,1731.4,2.79,0,40.0,6.82
R45,BUS003,2,3,13,0,0,24.5,2045.0,1.98,0,42.2,6.16
R57,BUS003,1,6,6,1,0,17.4,1699.2,1.22,1,47.1,7.09
R27A,BUS002,1,3,12,0,0,23.1,2237.6,2.4,0,40.3,5.92
R57,BUS004,3,1,11,0,0,19.9,1495.5,2.54,0,33.8,5.9
R45,BUS002,1,3,20,0,1,10.5,2254.8,4.92,0,57.7,14.77
R57,BUS005,3,3,5,0,0,18.8,1580.2,1.93,0,19.3,5.14
R26,BUS001,1,1,12,0,0,27.0,1420.5,0.59,1,49.9,3.6
R26,BUS003,3,5,14,1,0,28.4,1934.9,1.42,0,41.4,3.63
R57,BUS004,1,0,10,0,1,6.5,1535.4,4.23,0,68.2,16.18
R45,BUS005,2,1,13,0,0,23.9,2414.2,1.31,0,22.4,6.75
R57,BUS002,1,3,20,0,1,7.4,1723.4,4.42,0,61.6,14.93
R26,BUS004,1,3,21,0,0,23.9,2038.0,1.18,0,16.9,6.16
R57,BUS003,2,0,14,0,0,21.8,1809.5,1.34,0,36.7,5.94
R26,BUS002,3,2,7,0,0,22.8,1329.7,1.59,0,9.2,4.53
R27A,BUS003,3,5,15,1,0,23.4,2023.4,1.34,0,46.8,5.86
R26,BUS001,3,6,12,1,0,25.7,1944.6,1.39,0,41.9,5.86
R26,BUS004,2,2,22,0,0,14.9,2387.1,2.13,0,37.9,10.45
R57,BUS004,3,5,22,1,0,29.5,1589.2,2.17,1,38.7,3.92
R57,BUS002,1,4,21,0,0,10.6,1270.8,2.4,0,39.7,8.77
R26,BUS001,3,4,6,0,0,15.3,1722.1,1.18,0,24.5,7.6
R57,BUS005,2,1,18,0,1,12.2,1807.1,4.83,0,74.3,11.09
R27A,BUS003,2,5,12,1,0,25.5,1540.9,3.05,0,36.5,4.61
R26,BUS005,1,0,7,0,0,19.8,1600.7,0.61,0,26.5,4.8
R27A,BUS003,3,1,14,0,0,24.8,1744.0,2.17,0,30.7,5.22
R26,BUS001,1,1,11,0,0,24.3,1827.1,0.61,1,43.9,6.41
R45,BUS005,2,6,9,1,0,26.4,2487.9,1.48,0,35.9,7.41
R45,BUS003,1,2,11,0,0,20.8,2350.1,0.53,2,38.3,8.15
R27C,BUS002,1,1,6,0,0,20.4,2482.1,0.0,0,46.8,7.67
R57,BUS004,3,6,18,1,0,29.5,1745.9,1.08,0,31.6,4.37
R57,BUS002,3,4,17,0,1,16.2,1735.6,5.01,0,67.3,8.38
R27C,BUS002,1,4,13,0,0,21.9,2294.4,2.02,0,20.9,7.01
R57,BUS001,3,5,6,1,0,25.6,1503.4,0.76,0,30.3,2.89
R57,BUS003,2,5,9,1,0,28.3,1677.7,0.47,0,39.3,4.17
R26,BUS003,3,6,15,1,0,23.3,1410.2,1.71,1,33.7,4.87
R27C,BUS002,1,4,16,0,0,25.8,3037.0,1.33,0,30.9,8.18
R27A,BUS004,2,2,9,0,1,11.2,1823.6,5.91,0,73.5,12.51
R27C,BUS003,1,5,10,1,0,23.6,1951.8,0.82,0,30.4,5.61
R45,BUS001,1,2,15,0,0,21.7,2334.9,2.03,0,20.1,6.65
R45,BUS001,1,1,5,0,0,16.3,2395.7,1.83,0,34.0,9.85
R45,BUS001,2,1,7,0,0,26.4,2696.8,2.57,0,8.4,6.09
R27C,BUS001,2,4,18,0,1,11.7,2465.2,5.99,1,85.2,14.83
R45,BUS004,1,5,17,1,0,23.8,1984.3,1.85,0,52.0,6.63
R57,BUS001,1,5,14,1,0,25.4,1611.2,2.85,0,45.1,4.77
R57,BUS004,1,2,22,0,0,18.7,1339.1,1.2,0,53.3,5.19
R45,BUS005,2,1,22,0,0,22.2,2192.4,0.64,0,25.0,7.18
R27A,BUS004,1,0,16,0,0,14.7,1512.4,0.0,0,68.9,6.31
R27A,BUS005,1,5,11,1,0,26.5,1743.8,0.8,0,38.0,3.97
R57,BUS004,1,0,13,0,0,20.8,1952.0,2.69,0,43.8,5.74
R45,BUS005,1,2,19,0,1,16.8,2980.8,3.21,0,65.2,13.1
R45,BUS005,1,4,21,0,0,16.7,2151.9,1.51,0,33.3,8.38
R27C,BUS002,2,1,22,0,0,17.2,2693.8,1.47,0,38.1,9.84
R27C,BUS002,1,1,6,0,0,25.0,2886.9,1.0,0,46.6,6.39
R45,BUS004,1,4,8,0,1,11.6,2871.6,4.73,1,58.0,18.06
R26,BUS004,3,2,5,0,0,29.4,1906.1,2.16,0,5.0,5.03
R26,BUS001,2,1,14,0,0,21.6,1636.3,2.56,1,18.5,6.17
R27A,BUS004,2,5,22,1,0,28.4,1592.8,1.11,1,30.4,4.23
R27C,BUS004,2,3,11,0,0,22.4,2779.8,1.96,0,39.5,7.88
R57,BUS001,1,2,11,0,0,20.4,1766.4,2.45,0,59.6,6.65
R57,BUS005,1,6,14,1,0,31.8,1536.6,1.78,0,62.6,1.93
R26,BUS004,2,2,19,0,1,21.5,1586.4,5.04,0,51.0,6.35
R26,BUS002,3,2,20,0,1,6.0,1292.2,4.77,2,58.7,16.14
R57,BUS003,2,2,19,0,1,13.5,1529.6,4.24,2,59.9,10.07
R45,BUS004,2,4,19,0,1,17.9,2210.8,5.49,0,63.6,9.5
R26,BUS003,2,3,13,0,0,24.3,2338.5,1.11,0,46.6,6.48
R27A,BUS002,3,6,9,1,0,20.3,1643.8,4.05,0,26.7,6.91
R27A,BUS003,2,5,21,1,0,28.3,1744.9,1.98,0,58.6,5.53
R45,BUS004,2,3,19,0,1,18.7,2115.5,5.67,0,67.5,9.62
R26,BUS001,3,4,5,0,0,22.2,1683.8,1.58,0,43.8,6.35
R57,BUS003,2,5,20,1,0,24.6,1251.7,1.64,0,24.2,4.34
R45,BUS001,1,2,22,0,0,22.6,2385.8,1.91,2,21.2,8.69
R27C,BUS005,2,1,8,0,1,13.4,3106.8,3.79,0,60.1,15.13
R27C,BUS004,1,3,7,0,0,15.2,2499.5,1.48,0,54.0,11.26
R27A,BUS001,2,4,18,0,1,15.5,1729.6,4.22,0,54.1,7.83
R57,BUS002,1,2,20,0,1,13.8,2236.6,5.84,1,37.2,12.22
R26,BUS005,3,1,14,0,0,21.0,1816.0,2.0,0,64.4,5.55
R27A,BUS002,3,3,13,0,0,14.7,1763.0,2.62,0,8.6,9.68
R45,BUS002,1,1,9,0,1,23.8,2842.0,3.47,1,56.0,9.28
R57,BUS003,2,2,8,0,1,17.7,2360.0,4.77,1,63.0,10.78
R26,BUS005,2,2,21,0,0,23.5,1897.4,2.51,1,32.3,7.39
R26,BUS002,3,2,8,0,1,8.7,1621.4,6.11,0,42.5,14.25
R45,BUS002,1,1,9,0,1,12.6,3285.9,5.93,0,89.2,17.56
R57,BUS002,3,0,9,0,1,4.5,1861.1,4.95,1,78.1,27.31
R57,BUS005,3,3,9,0,1,14.0,1440.5,4.38,0,72.8,7.07
R45,BUS003,1,0,10,0,1,5.8,2968.4,4.81,0,48.9,32.73
R27A,BUS002,1,2,10,0,1,10.4,1597.8,5.8,0,67.6,11.61
R26,BUS001,1,3,9,0,1,8.2,1510.2,4.78,0,62.9,14.05
R26,BUS002,1,1,11,0,0,10.0,1641.7,0.8,0,45.4,10.33
R45,BUS005,1,2,20,0,1,11.4,2418.7,4.47,1,58.6,15.33
R27A,BUS004,3,1,20,0,1,13.4,1657.7,5.83,0,66.8,9.84
R27A,BUS002,2,2,7,0,0,23.0,1583.6,0.99,2,17.2,7.9
R27C,BUS004,2,6,20,1,0,27.5,2615.0,1.81,0,53.9,6.71
R27C,BUS003,2,6,16,1,0,18.3,3042.8,0.38,0,56.1,10.43
R26,BUS002,3,3,9,0,1,5.1,2123.2,5.85,0,70.4,27.63
R45,BUS001,2,5,20,1,0,26.8,2290.4,2.92,0,31.5,6.24
R26,BUS005,3,6,6,1,0,28.5,1643.3,1.3,0,64.9,4.06
R27C,BUS002,1,5,17,1,0,32.6,1690.7,0.92,0,28.6,4.44
R27C,BUS005,2,1,5,0,0,16.0,2221.0,1.19,1,23.0,10.63
R27C,BUS005,2,5,18,1,0,30.4,2275.1,1.72,0,34.1,5.91
R27A,BUS004,2,5,14,1,0,31.8,1921.1,0.95,0,17.3,3.83
R27A,BUS003,3,5,8,1,0,20.2,2240.0,2.07,0,46.6,7.26
R57,BUS001,3,3,6,0,0,18.3,1862.1,1.24,0,29.1,6.62
R27C,BUS001,1,1,8,0,1,16.5,2255.4,5.93,0,78.8,10.37
R27A,BUS001,1,4,21,0,0,23.3,1552.7,0.08,0,64.8,4.74
R45,BUS001,2,4,18,0,1,11.8,2407.9,5.55,0,53.4,13.44
R27C,BUS003,2,0,8,0,1,18.5,1782.4,3.69,1,48.7,8.17
R45,BUS002,2,4,18,0,1,20.5,3471.1,4.09,0,78.8,12.05
R27A,BUS001,3,0,16,0,0,24.6,1834.0,1.66,0,27.7,4.65
R27C,BUS002,2,4,19,0,1,14.2,2045.3,6.72,0,58.8,11.08
R45,BUS004,1,5,8,1,0,22.6,2164.4,2.28,1,63.4,6.87
R27C,BUS003,2,0,6,0,0,10.3,2097.2,2.18,0,52.5,13.88
R26,BUS005,1,1,20,0,1,9.8,1969.2,6.75,0,72.0,14.34
R26,BUS001,3,6,21,1,0,15.5,1224.9,2.55,0,23.1,6.23
R57,BUS005,1,5,19,1,0,20.2,1441.1,2.34,0,53.3,5.63
R27C,BUS002,1,0,11,0,0,24.7,3179.5,0.04,0,32.8,6.98
R45,BUS001,2,5,11,1,0,21.8,2573.7,1.18,1,37.9,8.15
R27A,BUS001,1,6,16,1,0,18.2,1597.3,2.37,0,24.3,6.81
R57,BUS002,1,1,8,0,1,12.9,1663.6,3.14,0,62.5,9.72
R27C,BUS003,1,0,6,0,0,29.1,2927.4,1.79,0,42.4,6.78
R57,BUS001,1,4,14,0,0,19.4,1756.2,1.69,0,44.8,5.68
R45,BUS004,2,5,10,1,0,24.7,2466.4,1.93,0,20.6,6.69
R57,BUS005,2,4,20,0,1,11.1,1570.4,4.05,0,60.3,9.94
R26,BUS002,1,6,19,1,0,23.5,2002.2,0.28,0,29.8,4.93
R27A,BUS001,2,0,19,0,1,14.3,1401.8,5.33,0,72.3,7.23
R57,BUS003,2,6,15,1,0,21.8,1556.7,2.24,1,25.0,5.19
R27A,BUS001,2,5,19,1,0,34.1,1491.7,0.86,0,43.2,3.35
R27C,BUS001,1,3,7,0,0,23.2,2862.7,0.08,1,6.3,8.08
R27A,BUS002,1,6,16,1,0,29.8,1445.3,2.31,0,5.0,4.07
R57,BUS003,3,0,6,0,0,22.5,1551.0,0.0,0,40.0,4.8
R26,BUS001,3,0,7,0,0,20.4,1651.7,2.44,1,31.2,6.85
R57,BUS002,3,6,8,1,0,31.8,1424.4,0.41,0,27.3,3.08
R27C,BUS001,2,0,12,0,0,26.4,2323.2,0.44,0,44.0,5.48
R57,BUS002,3,3,12,0,0,17.6,1801.8,1.66,0,18.5,5.73
R26,BUS005,2,1,18,0,1,13.7,1925.6,5.02,0,49.8,10.08
R27C,BUS003,1,4,8,0,1,13.8,2824.2,4.89,0,68.9,14.91
R27C,BUS004,1,0,7,0,0,30.0,2325.9,2.88,1,54.2,6.17
R26,BUS002,1,3,18,0,1,15.2,1421.5,5.39,0,55.5,7.35
R27C,BUS005,1,0,9,0,1,11.6,2463.1,3.32,0,91.7,14.41
R26,BUS004,2,1,19,0,1,5.5,1506.4,5.38,0,85.0,18.92
R57,BUS004,2,3,7,0,0,19.2,1376.4,2.28,2,34.6,5.86
R57,BUS004,1,2,22,0,0,28.1,1846.0,1.7,0,29.1,4.19
R45,BUS001,1,2,18,0,1,12.4,2038.9,4.9,0,41.3,11.55
R27A,BUS004,2,5,5,1,0,19.5,1733.6,1.52,2,45.4,8.45
R26,BUS003,3,6,20,1,0,23.9,1551.7,1.58,1,54.4,5.39
R27A,BUS001,1,5,10,1,0,14.7,1689.8,2.24,0,40.4,8.23
R26,BUS005,2,3,9,0,1,10.9,1860.3,5.48,0,47.5,11.91
R45,BUS001,2,4,9,0,1,10.3,2843.0,5.5,0,81.1,17.49
R45,BUS002,2,5,5,1,0,26.0,2188.5,1.92,0,61.9,6.07
R27A,BUS002,3,2,22,0,0,15.1,1695.3,2.07,0,42.3,7.05
R26,BUS002,1,0,19,0,1,13.8,2078.8,3.79,0,68.3,10.52
R26,BUS005,1,2,16,0,0,24.1,1657.6,1.63,0,24.6,4.94
R27A,BUS005,1,6,17,1,0,17.4,2102.5,0.21,0,35.4,7.74
R27A,BUS002,3,1,22,0,0,24.7,1322.8,0.85,0,29.5,4.26
R26,BUS005,1,1,7,0,0,15.5,1631.1,0.41,1,48.0,6.0
R57,BUS001,3,6,15,1,0,20.4,1984.7,2.46,1,23.2,7.14
R27C,BUS003,2,6,9,1,0,25.1,2247.6,0.75,0,38.1,6.21
R27A,BUS005,1,3,7,0,0,25.7,1956.0,2.92,0,53.0,6.17
R45,BUS003,1,6,19,1,0,32.5,2590.7,1.28,0,59.4,6.22
R27A,BUS004,3,5,6,1,0,19.1,1601.9,0.89,0,46.0,4.23
R57,BUS002,2,4,5,0,0,19.8,1796.3,1.76,0,47.4,5.81
R57,BUS003,1,5,8,1,0,22.4,1777.1,0.72,0,40.6,4.44
R27C,BUS005,2,6,8,1,0,25.2,2249.7,2.71,0,36.2,7.07
R26,BUS001,1,2,8,0,1,13.6,1915.6,4.34,0,71.0,9.87
R57,BUS005,2,4,10,0,1,17.5,1676.7,4.73,0,62.0,8.33
R27A,BUS003,2,3,21,0,0,20.6,1676.3,0.93,0,30.7,4.9
R57,BUS002,3,1,17,0,1,11.4,1512.9,4.81,0,69.5,9.3
R26,BUS004,2,6,10,1,0,28.0,1741.4,1.42,2,59.7,6.4
R27C,BUS002,2,0,9,0,1,13.0,2258.9,4.67,0,87.6,12.78
R27A,BUS002,3,3,15,0,0,16.9,1095.8,0.36,0,35.2,4.2
R27C,BUS004,1,1,14,0,0,28.3,2045.5,1.46,0,41.2,5.68
R57,BUS003,1,5,10,1,0,28.3,1667.5,1.39,0,52.1,3.88
R45,BUS002,1,5,17,1,0,27.1,2627.3,0.95,0,47.5,5.94
R45,BUS002,2,1,8,0,1,17.3,2766.4,6.34,0,50.5,10.96
R27A,BUS002,2,1,6,0,0,24.4,2025.9,2.77,0,35.4,5.77
R27C,BUS003,2,0,6,0,0,23.3,2500.5,1.62,0,34.6,6.7
R45,BUS003,2,3,16,0,0,25.1,2749.9,1.03,1,26.9,8.75
R26,BUS003,3,2,22,0,0,21.1,1909.9,2.83,0,43.9,6.71
R45,BUS004,1,0,22,0,0,21.1,2262.4,0.81,1,55.3,6.8
R27A,BUS005,1,4,10,0,1,14.6,1460.9,4.03,0,80.3,8.15
R57,BUS002,2,1,15,0,0,22.2,1923.5,1.49,0,16.4,6.19
R27A,BUS003,1,1,20,0,1,10.7,1573.6,6.25,0,69.5,10.28
R26,BUS002,3,6,13,1,0,21.0,2009.4,1.16,0,19.8,6.17
R57,BUS005,1,5,18,1,0,26.6,1339.1,1.55,0,34.7,3.18
R26,BUS004,1,1,6,0,0,30.4,1560.4,0.98,0,37.9,3.96
R57,BUS001,3,0,17,0,1,11.4,1954.0,4.49,1,72.7,12.61
R45,BUS005,1,3,9,0,1,20.8,2969.3,6.71,0,48.1,10.95
R27C,BUS004,1,4,22,0,0,20.7,2719.3,0.0,1,17.9,8.38
R45,BUS002,1,0,10,0,1,14.6,2391.6,4.02,0,55.5,10.4
R27C,BUS005,2,4,21,0,0,15.0,2479.6,2.6,1,40.2,12.26
R57,BUS005,2,5,20,1,0,14.9,1680.7,3.02,1,29.5,7.76
R45,BUS004,1,6,9,1,0,30.9,2013.2,1.38,0,25.5,3.9
R27C,BUS004,2,0,11,0,0,12.5,2449.8,2.46,0,32.1,12.06
R26,BUS004,3,4,22,0,0,20.2,1689.3,1.84,0,44.6,6.34
R45,BUS004,1,6,10,1,0,13.0,2310.0,1.19,1,54.5,10.37
R27C,BUS001,1,0,8,0,1,10.8,2869.6,4.4,0,57.3,17.63
R57,BUS001,3,4,16,0,0,17.8,1654.1,0.13,0,57.2,6.09
R26,BUS005,3,3,14,0,0,32.2,1551.7,2.04,0,36.9,3.77
R27C,BUS001,1,6,6,1,0,29.4,2412.6,1.1,1,37.7,6.32
R27A,BUS001,1,6,20,1,0,29.1,1879.0,1.07,2,35.0,5.78
R26,BUS004,1,6,20,1,0,29.3,1931.7,1.07,1,19.7,6.31
R45,BUS001,1,2,22,0,0,16.3,1985.8,0.0,0,46.7,7.91
R45,BUS002,1,1,11,0,0,11.6,1989.0,3.07,0,34.8,11.49
R27A,BUS003,2,1,21,0,0,27.2,1643.4,1.05,0,15.1,4.34
R27A,BUS002,3,5,17,1,0,24.7,1713.5,0.82,0,23.3,3.59
R27A,BUS001,1,4,11,0,0,22.9,1470.2,2.06,0,17.8,5.0
R27A,BUS004,2,1,10,0,1,15.7,1738.4,4.61,0,69.6,8.41
R26,BUS005,2,2,13,0,0,21.0,1636.9,1.53,0,55.0,5.49
R57,BUS005,3,6,13,1,0,27.8,1767.5,2.76,0,40.0,5.24
R27A,BUS004,3,2,14,0,0,10.1,1915.9,1.93,0,28.3,12.12
R27C,BUS001,2,5,19,1,0,17.1,2114.5,0.85,0,21.9,6.72
R26,BUS002,3,1,19,0,1,10.5,1279.2,5.06,0,40.6,9.1
R26,BUS004,2,3,9,0,1,13.8,1995.6,5.3,0,60.4,11.03
R27C,BUS005,1,3,18,0,1,9.0,2271.2,6.14,2,96.0,20.35
R27A,BUS004,1,6,14,1,0,24.1,1416.1,1.95,0,38.6,3.98
R57,BUS005,3,0,13,0,0,21.3,1743.2,1.07,0,44.2,6.22
R45,BUS004,1,6,11,1,0,25.4,2376.0,0.66,0,51.7,6.15
R45,BUS004,1,3,8,0,1,13.0,2407.1,7.09,0,65.5,14.97
R27A,BUS003,1,2,22,0,0,15.2,1656.1,1.82,1,34.3,7.93
R57,BUS002,2,6,17,1,0,14.3,1319.9,1.79,0,35.7,6.1
R26,BUS004,3,6,12,1,0,18.9,1693.3,1.28,0,21.9,7.44
R45,BUS004,1,0,18,0,1,10.4,2367.6,6.17,2,62.3,18.28
R27A,BUS001,3,3,7,0,0,9.2,1660.1,1.79,2,45.3,12.98
R26,BUS001,3,2,14,0,0,23.6,1921.5,4.02,0,35.1,6.27
R57,BUS002,1,6,5,1,0,22.5,1386.7,0.3,1,44.7,3.91
R57,BUS004,2,3,10,0,1,12.7,1588.2,5.8,0,61.4,9.54
R26,BUS003,1,4,14,0,0,20.8,2021.1,0.96,0,27.4,5.3
R27C,BUS004,1,4,14,0,0,26.6,2048.9,1.32,1,5.0,6.23
R27A,BUS003,2,0,12,0,0,25.2,1924.6,1.1,0,66.0,4.48
R45,BUS002,2,0,7,0,0,25.1,2059.8,0.73,0,29.2,6.34
R27A,BUS003,2,5,15,1,0,32.8,1079.5,2.33,0,19.5,3.11
R27C,BUS002,1,6,10,1,0,25.3,2562.8,0.24,0,65.0,6.74
R26,BUS004,1,0,9,0,1,22.7,1674.2,5.15,0,75.9,6.79
R45,BUS005,1,2,5,0,0,9.1,2839.7,1.15,0,21.2,19.01
R27A,BUS001,2,6,8,1,0,32.7,1651.8,0.24,0,16.2,2.82
R57,BUS001,2,2,10,0,1,12.0,1921.4,6.1,1,41.1,12.41
R26,BUS002,3,3,21,0,0,19.8,1390.2,1.25,0,22.1,4.5
R57,BUS005,2,0,11,0,0,16.0,1500.7,1.42,0,43.1,6.0
R27A,BUS003,1,2,9,0,1,14.2,1503.8,4.18,0,85.9,7.62
R26,BUS005,2,4,16,0,0,25.9,1974.7,0.2,0,15.5,5.36
R45,BUS003,1,6,18,1,0,32.0,2142.1,2.17,1,19.7,5.59
R26,BUS002,3,0,9,0,1,20.0,1498.7,4.62,0,65.6,5.91
R26,BUS004,3,0,22,0,0,17.8,2063.1,0.44,0,43.4,6.8
R26,BUS004,3,4,18,0,1,14.8,1410.7,6.92,0,61.1,10.16
R27C,BUS001,2,4,22,0,0,15.8,2830.8,1.56,0,30.8,10.26
R27C,BUS001,1,1,11,0,0,17.5,2516.6,1.34,0,26.4,8.8
R27C,BUS002,1,2,11,0,0,24.2,3059.7,0.68,0,28.6,8.16
R27A,BUS005,1,5,18,1,0,17.8,1699.1,2.21,0,54.1,5.86
R27A,BUS004,2,4,16,0,0,15.0,1920.1,1.38,0,44.6,7.92
R45,BUS003,1,1,22,0,0,21.9,2922.0,1.39,0,40.2,7.79
R27C,BUS002,1,5,8,1,0,30.5,2643.8,1.74,0,35.5,5.7
R27A,BUS005,3,4,13,0,0,14.5,1792.3,0.52,0,27.0,8.11
R27C,BUS001,2,5,18,1,0,23.8,2816.9,0.28,0,11.0,8.27
R27A,BUS005,1,0,5,0,0,11.7,1728.4,1.57,0,24.5,9.51
R57,BUS003,3,6,5,1,0,20.8,1583.5,1.65,0,31.9,5.21
R27A,BUS002,1,6,21,1,0,23.9,2505.3,1.31,1,23.0,7.54
R45,BUS001,2,2,7,0,0,21.9,2466.8,1.8,0,44.5,7.72
R45,BUS001,1,0,14,0,0,13.9,2578.0,1.64,2,27.7,13.17
R57,BUS003,2,2,7,0,0,24.0,2032.0,1.69,0,48.8,6.66
R27A,BUS004,3,1,5,0,0,29.2,1165.7,1.45,1,16.2,3.74
R26,BUS005,1,5,14,1,0,25.3,1793.2,3.49,0,36.2,5.99
R27A,BUS002,2,0,16,0,0,13.7,1792.0,1.06,2,49.9,9.36
R27C,BUS001,1,0,5,0,0,22.4,2680.9,2.35,2,40.1,11.83
R57,BUS002,3,4,10,0,1,12.3,1581.8,4.46,0,65.2,10.3
R45,BUS005,2,6,22,1,0,27.4,2564.6,1.98,1,25.6,7.4
R57,BUS004,1,0,8,0,1,13.1,1633.2,5.15,0,59.7,8.79
R27C,BUS001,2,3,19,0,1,11.1,2538.0,5.11,0,87.0,15.62
R27A,BUS001,3,6,12,1,0,24.1,1478.4,1.19,0,32.0,4.27
R57,BUS003,3,0,14,0,0,17.9,1869.9,0.0,0,5.0,6.57
R57,BUS003,2,5,13,1,0,29.2,1955.2,0.89,0,37.4,4.82
R27C,BUS001,1,2,6,0,0,8.3,2729.0,0.83,0,66.2,20.34
R26,BUS003,3,1,20,0,1,13.4,1810.6,3.57,2,70.9,12.59
R45,BUS002,2,4,12,0,0,28.5,2815.0,0.87,0,6.6,6.84
R45,BUS002,1,5,22,1,0,29.2,2870.8,0.87,0,32.4,5.11
R27A,BUS005,3,4,17,0,1,13.7,1952.9,4.47,1,78.4,10.48
R26,BUS002,1,5,19,1,0,35.4,1756.1,1.44,1,31.9,4.92
R26,BUS004,2,3,8,0,1,16.1,1638.4,4.88,2,63.6,10.77
R57,BUS001,2,3,15,0,0,20.0,1914.1,1.02,1,41.3,6.83
R27A,BUS002,3,3,17,0,1,17.1,1337.1,6.55,1,55.4,8.54
R26,BUS005,3,5,22,1,0,26.7,1717.6,0.45,0,53.9,3.58
R27A,BUS003,1,6,11,1,0,24.8,1994.9,0.34,0,46.5,5.66
R27A,BUS004,1,5,19,1,0,34.0,1769.3,2.51,0,21.0,4.95
R26,BUS004,3,4,15,0,0,16.5,1912.8,1.51,1,35.4,8.31
R26,BUS001,3,2,21,0,0,25.1,1723.8,2.62,1,29.2,5.97
R26,BUS001,1,6,14,1,0,31.8,1742.2,0.73,1,54.2,4.32
R57,BUS003,3,0,15,0,0,19.8,1519.0,0.56,1,40.3,4.58
R26,BUS002,2,1,18,0,1,7.1,1958.7,6.14,0,76.0,19.03
R57,BUS003,1,3,19,0,1,14.7,1634.6,4.08,0,79.9,8.73
R26,BUS004,2,3,5,0,0,22.5,1994.1,1.02,1,48.9,6.24
R27A,BUS003,3,6,10,1,0,32.0,2104.4,1.67,0,42.6,3.86
R26,BUS001,1,0,22,0,0,11.9,1324.3,0.3,0,51.4,6.9
R27A,BUS002,3,3,10,0,1,9.9,1787.6,6.72,0,80.0,14.03
R27A,BUS004,2,6,5,1,0,27.7,1348.4,2.57,1,23.5,5.29
R57,BUS005,1,0,9,0,1,12.8,1705.0,4.95,0,63.6,11.38
R27C,BUS004,1,5,10,1,0,31.4,2951.3,0.73,0,9.1,6.39
R57,BUS004,2,6,8,1,0,19.4,2001.9,1.04,0,48.1,6.76
R26,BUS005,2,2,21,0,0,16.6,1582.0,2.02,0,48.5,7.18
R27C,BUS001,1,5,19,1,0,29.4,2672.0,1.55,0,49.9,5.69
R27A,BUS005,3,3,18,0,1,13.1,2160.4,3.92,1,84.5,11.36
R57,BUS003,1,3,7,0,0,21.7,1509.2,0.89,1,28.2,6.19
R27C,BUS002,2,5,10,1,0,29.9,2497.9,1.47,1,7.6,6.54
R27C,BUS005,2,6,7,1,0,29.2,2018.1,1.96,0,28.1,4.59
R45,BUS005,1,3,17,0,1,12.7,1885.5,4.9,0,98.2,10.58
R27A,BUS005,2,6,18,1,0,31.3,1646.5,0.01,0,52.4,3.41
R45,BUS002,2,1,15,0,0,15.3,2609.1,1.21,0,35.6,11.84
R27C,BUS002,2,3,17,0,1,8.9,2748.2,5.24,0,55.2,20.69
R26,BUS002,3,3,12,0,0,16.6,1701.8,0.74,2,30.8,7.72
R45,BUS003,1,6,11,1,0,22.8,2298.7,1.39,0,38.5,7.3
R57,BUS005,1,2,15,0,0,21.2,1912.2,0.94,0,34.3,6.52
R57,BUS005,2,4,9,0,1,16.2,2231.6,3.68,0,80.9,10.07
R45,BUS002,2,0,21,0,0,15.4,2475.1,2.28,1,36.6,10.53
R57,BUS004,2,4,9,0,1,9.6,1622.2,3.51,0,60.3,11.14
R26,BUS005,1,3,14,0,0,19.8,1380.1,1.51,0,17.4,4.57
R26,BUS003,1,5,6,1,0,30.6,1917.5,2.42,1,30.7,5.61
R26,BUS004,2,2,13,0,0,22.1,1723.2,1.39,1,39.3,6.67
R26,BUS003,1,2,19,0,1,10.8,1449.1,4.25,0,76.3,9.29
R26,BUS005,2,1,22,0,0,11.2,1462.0,2.23,1,5.0,10.27
R26,BUS005,3,1,20,0,1,11.4,1837.2,6.06,0,50.8,12.67
R27C,BUS001,1,3,12,0,0,22.3,2436.6,2.4,0,21.9,7.32
R26,BUS003,1,3,18,0,1,14.9,1388.5,6.14,0,98.5,7.97
R57,BUS002,2,0,10,0,1,18.6,1677.3,5.65,1,78.6,7.69
R27C,BUS005,2,0,10,0,1,12.2,3162.4,5.41,0,84.1,17.68
R27C,BUS003,1,4,21,0,0,24.9,2008.4,1.69,0,26.4,5.25
R27A,BUS004,1,0,5,0,0,25.6,1721.5,2.4,1,38.6,5.75
R26,BUS003,1,4,11,0,0,30.1,2004.9,3.7,1,25.4,7.69
R27A,BUS004,1,6,21,1,0,18.5,1909.7,1.88,0,46.1,6.79
R27C,BUS002,2,5,17,1,0,20.7,2540.1,2.07,0,32.2,8.87
R27A,BUS003,1,1,14,0,0,22.2,1753.6,2.36,0,33.3,4.59
R57,BUS001,1,2,22,0,0,15.0,1865.3,1.05,0,31.2,8.04
R26,BUS001,2,4,22,0,0,21.6,2058.8,1.0,0,37.2,5.88
R26,BUS004,3,4,22,0,0,16.4,1546.3,2.25,0,10.9,6.38
R57,BUS002,3,6,15,1,0,25.3,1472.8,1.02,0,8.2,2.88
R57,BUS004,1,0,22,0,0,21.2,1724.3,1.07,0,37.8,5.98
R27A,BUS005,2,1,19,0,1,8.1,1781.8,6.19,0,69.7,15.8
R26,BUS001,1,5,19,1,0,22.6,1518.2,2.23,0,45.4,4.63
R57,BUS001,1,4,17,0,1,6.3,1762.8,4.57,1,75.6,19.29
R26,BUS004,1,4,15,0,0,20.8,1666.6,1.84,1,29.8,7.04
R45,BUS002,2,3,22,0,0,21.6,2616.1,2.12,0,29.8,8.18
R26,BUS003,1,4,7,0,0,20.5,1800.0,1.49,0,6.2,5.17
R27A,BUS003,3,1,10,0,1,5.4,1879.1,5.08,0,54.0,23.91
R27C,BUS004,2,1,22,0,0,18.2,2677.9,2.11,1,24.4,9.72
R57,BUS001,1,3,14,0,0,14.7,1542.6,1.35,0,35.6,6.12
R57,BUS002,2,2,10,0,1,8.1,1308.9,6.25,0,80.0,11.91
R26,BUS003,1,5,8,1,0,27.6,1367.3,1.23,1,29.5,3.78
R26,BUS005,2,5,19,1,0,22.4,1573.9,0.0,0,16.4,4.23
R45,BUS002,1,4,16,0,0,18.6,2186.3,0.0,0,52.7,6.23
R57,BUS005,2,5,10,1,0,28.0,1684.6,2.04,0,42.1,4.28
R45,BUS002,2,3,15,0,0,20.1,2586.4,1.37,0,52.8,9.57
R26,BUS003,2,6,12,1,0,18.5,2021.1,3.1,0,31.4,7.97
R27C,BUS004,2,3,8,0,1,18.9,2740.4,5.29,0,51.7,10.39
R26,BUS001,2,6,15,1,0,23.7,1481.3,0.24,0,46.4,4.33
R57,BUS005,3,4,17,0,1,13.0,1714.2,5.76,0,71.2,10.6
R57,BUS002,1,5,5,1,0,19.8,1473.9,0.0,0,46.1,5.4
R27C,BUS005,1,1,7,0,0,25.3,2527.6,3.5,0,18.2,6.92
R57,BUS005,3,5,18,1,0,30.2,1450.8,1.03,2,82.2,4.33
R45,BUS002,1,0,18,0,1,17.1,2440.9,5.34,0,56.1,11.28
R57,BUS001,2,6,17,1,0,25.9,1983.0,0.37,1,6.0,5.91
R27C,BUS004,1,3,12,0,0,12.1,1949.5,1.88,1,43.8,10.49
R27C,BUS004,2,5,5,1,0,24.7,2552.5,0.0,0,48.7,5.9
R27A,BUS001,2,6,16,1,0,23.3,1534.7,1.13,0,56.5,4.04
R27A,BUS004,1,5,6,1,0,32.7,1369.8,2.14,0,46.9,3.24
R45,BUS005,2,3,7,0,0,16.5,2248.7,1.74,0,24.1,9.95
R27C,BUS003,2,0,7,0,0,13.4,3021.3,2.53,0,35.9,15.34
R27A,BUS002,3,0,7,0,0,21.3,2011.2,0.66,0,24.7,6.15
R26,BUS005,1,0,16,0,0,22.9,2134.5,0.6,0,34.6,5.77
R27C,BUS001,1,4,12,0,0,22.6,3017.9,0.97,0,47.0,7.62
R57,BUS003,2,2,17,0,1,18.3,1604.2,5.08,0,68.6,7.51
R27A,BUS001,3,6,13,1,0,29.7,1388.3,2.22,0,44.5,3.59
R57,BUS004,1,5,12,1,0,15.5,1405.8,2.62,0,45.3,6.78
R45,BUS005,1,4,8,0,1,12.4,2473.7,3.78,1,60.6,13.69
R57,BUS002,3,5,11,1,0,29.5,1586.9,0.51,0,18.2,3.58
R45,BUS003,1,2,16,0,0,19.6,2939.6,1.82,0,33.1,9.86
R26,BUS002,3,1,21,0,0,18.4,1956.3,1.99,0,23.5,7.35
R26,BUS002,3,5,17,1,0,24.1,1738.2,2.2,1,30.7,6.12
R26,BUS004,2,3,16,0,0,15.7,1624.9,2.54,0,21.5,6.89
R57,BUS002,2,1,11,0,0,15.7,1607.4,1.94,1,61.8,8.57
R57,BUS004,1,5,19,1,0,24.4,1600.8,1.84,0,58.1,4.16
R45,BUS004,1,5,18,1,0,28.4,2529.2,2.74,0,23.0,6.58
R26,BUS001,3,3,13,0,0,19.5,1734.6,0.0,0,38.8,5.3
R45,BUS001,2,3,20,0,1,14.4,2740.1,4.72,0,61.1,13.44
R26,BUS002,2,3,7,0,0,17.1,1931.7,1.81,0,21.2,6.9
R57,BUS002,1,0,15,0,0,14.3,1726.5,1.87,2,40.0,9.98
R45,BUS005,1,6,8,1,0,27.6,3078.5,0.61,1,42.7,8.9
R27A,BUS005,3,2,6,0,0,16.6,1670.8,0.86,0,29.6,5.71
R26,BUS001,1,6,7,1,0,22.9,1918.8,1.56,0,13.6,5.52
R27A,BUS001,3,6,15,1,0,19.4,1672.3,0.5,0,34.5,5.08
R27C,BUS005,2,1,11,0,0,28.8,1961.6,3.1,0,56.7,4.34
R27C,BUS002,2,2,17,0,1,19.5,2482.9,5.28,0,74.5,9.16
R57,BUS002,2,5,5,1,0,22.1,1876.0,0.97,0,36.9,6.23
R27A,BUS005,3,3,12,0,0,19.5,1813.0,0.86,0,26.7,5.32
R27C,BUS005,2,4,5,0,0,19.5,2520.8,1.22,2,31.7,9.81
R45,BUS001,2,2,8,0,1,13.6,2143.7,4.28,0,59.9,11.92
R26,BUS004,3,0,12,0,0,18.5,1507.0,2.85,0,19.3,4.8
R57,BUS005,3,6,21,1,0,27.4,1798.9,1.38,2,28.9,6.51
R57,BUS004,1,1,16,0,0,17.8,2511.2,0.79,0,23.3,9.23
R45,BUS002,1,6,11,1,0,28.2,2905.3,1.87,0,17.4,7.16
R26,BUS001,1,2,18,0,1,9.8,1523.8,6.37,0,38.2,11.25
R57,BUS004,3,6,16,1,0,23.8,1693.2,0.67,1,23.6,5.43
R45,BUS004,1,4,15,0,0,18.4,2631.9,1.83,0,56.3,9.15
R27C,BUS001,1,3,16,0,0,19.3,2530.7,0.89,0,61.2,8.09
R57,BUS002,1,1,5,0,0,25.1,1498.5,2.12,0,5.0,4.6
R45,BUS003,2,1,12,0,0,24.5,2190.1,1.57,0,5.0,6.49
R27A,BUS001,1,1,22,0,0,16.7,1586.1,1.22,1,53.8,6.7
R26,BUS005,3,1,19,0,1,8.0,2073.3,4.39,0,50.3,17.87
R27C,BUS002,2,1,8,0,1,10.7,3073.9,5.74,0,66.5,19.61
R45,BUS004,2,0,12,0,0,13.5,2533.6,0.93,0,50.2,10.83
R57,BUS005,3,5,20,1,0,33.3,1589.4,1.89,0,35.2,4.52
R45,BUS004,2,3,22,0,0,24.3,2862.7,1.62,0,35.3,7.65
R45,BUS005,1,2,9,0,1,17.8,2633.0,5.69,1,35.4,12.03
R27C,BUS003,2,1,11,0,0,22.1,1853.3,1.45,0,32.5,5.71
R57,BUS004,3,6,15,1,0,20.0,1705.8,1.48,0,52.5,6.07
R27A,BUS001,3,3,18,0,1,14.5,1405.6,3.74,0,70.2,7.38
R27C,BUS004,1,5,14,1,0,29.6,3119.1,3.48,2,40.8,9.0
R26,BUS005,3,0,13,0,0,11.5,1405.0,0.0,0,20.0,6.13
R45,BUS004,1,6,8,1,0,24.4,3500.0,3.04,0,27.3,9.73
R57,BUS001,3,4,19,0,1,10.4,1695.3,6.35,1,55.5,12.7
R27C,BUS003,1,3,13,0,0,15.4,2727.0,1.43,1,30.6,11.88
R27C,BUS001,2,2,10,0,1,12.1,3073.9,4.34,0,71.6,16.89
R27A,BUS004,3,2,10,0,1,12.4,1900.1,5.79,0,56.1,11.1
R26,BUS005,1,0,18,0,1,5.8,2009.1,5.18,1,89.5,24.03
R27A,BUS001,1,3,20,0,1,12.6,1843.4,4.06,0,30.7,10.44
R26,BUS005,3,4,5,0,0,24.0,1450.3,0.93,2,55.5,6.2
R57,BUS003,3,3,21,0,0,23.7,2154.4,2.26,0,48.1,5.51
R45,BUS004,1,2,15,0,0,17.8,1843.3,2.02,1,32.4,7.55
R27A,BUS002,2,5,18,1,0,25.2,1480.9,2.01,0,46.1,4.84
R26,BUS002,1,3,11,0,0,16.7,1763.7,1.25,0,48.7,7.5
R27A,BUS002,3,5,17,1,0,25.0,1565.3,1.84,0,30.6,4.48
R26,BUS002,2,3,6,0,0,15.7,1679.7,0.49,1,59.9,6.7
R45,BUS005,2,5,10,1,0,21.1,2552.4,1.36,0,51.9,7.66
R26,BUS001,2,0,7,0,0,20.1,1362.0,2.44,0,58.1,4.0
R45,BUS003,2,5,21,1,0,21.7,2230.9,1.51,0,60.5,7.35
R26,BUS005,2,1,16,0,0,27.2,1494.9,1.75,0,36.4,4.26
R57,BUS002,2,0,21,0,0,22.7,1907.3,1.24,0,16.7,5.78
R27C,BUS001,2,6,8,1,0,24.5,2256.5,2.65,0,31.8,5.49
R26,BUS003,1,3,16,0,0,14.5,2332.5,1.23,0,37.7,10.33
R26,BUS001,2,3,16,0,0,15.1,1896.1,2.9,1,50.5,9.84
R45,BUS004,1,0,7,0,0,18.1,3018.0,1.7,1,28.3,10.93
R27A,BUS003,1,3,17,0,1,8.3,1416.2,5.74,0,53.7,12.78
R27C,BUS004,2,6,6,1,0,22.3,2340.4,1.71,1,44.4,7.24
R27C,BUS002,1,2,7,0,0,12.7,2390.7,1.38,0,25.5,12.41
R26,BUS004,2,1,16,0,0,22.7,1592.5,2.93,0,39.0,5.1
R26,BUS003,2,4,13,0,0,25.5,1426.2,1.16,0,68.0,4.29
R27C,BUS005,1,3,11,0,0,24.9,1966.3,1.83,1,8.4,6.35
R57,BUS002,3,3,17,0,1,14.3,1509.5,4.84,0,49.4,8.11
R27A,BUS005,3,4,17,0,1,13.8,1808.3,5.36,1,75.3,11.01
R57,BUS005,3,4,19,0,1,10.5,1783.4,3.78,1,47.0,11.87
R57,BUS001,1,4,10,0,1,19.9,1941.8,4.56,0,45.7,8.16
R27A,BUS005,1,3,13,0,0,19.3,1630.3,2.26,0,56.9,5.82
R26,BUS005,1,1,9,0,1,10.8,1539.9,3.67,2,41.1,11.13
R27C,BUS004,1,5,7,1,0,33.3,1814.1,1.47,0,48.3,3.91
R57,BUS001,2,0,14,0,0,19.9,1472.8,1.61,0,38.8,4.96
R57,BUS001,1,4,14,0,0,29.6,1623.2,1.0,0,50.3,3.95
R45,BUS002,1,2,6,0,0,29.1,2419.8,0.48,2,35.2,6.76
R27C,BUS002,2,4,5,0,0,25.4,2552.5,2.48,0,46.3,8.27
R57,BUS005,3,0,8,0,1,6.5,1675.7,5.24,0,64.9,17.05
R27C,BUS004,2,0,7,0,0,29.2,3266.0,0.81,0,40.9,5.99
R45,BUS002,2,4,16,0,0,14.8,2722.4,1.44,0,9.4,11.69
R26,BUS004,1,0,6,0,0,20.4,1675.1,2.95,0,35.6,5.7
R26,BUS004,2,2,22,0,0,28.5,1614.8,0.22,0,36.1,3.23
R26,BUS005,1,2,7,0,0,14.1,958.8,1.42,0,22.4,4.95
R27A,BUS001,1,2,10,0,1,4.2,1876.9,4.63,0,89.2,29.42
R45,BUS004,2,6,14,1,0,28.6,2695.3,1.29,0,46.9,7.23
R27C,BUS003,1,0,20,0,1,3.2,2719.4,5.22,1,55.3,52.89
R45,BUS003,2,4,22,0,0,23.1,1998.6,1.54,0,61.0,4.75
R57,BUS003,3,0,6,0,0,16.6,1704.0,3.37,0,35.0,7.8
R27C,BUS003,2,5,10,1,0,18.6,2225.1,0.46,0,39.9,7.75
R57,BUS001,2,6,14,1,0,18.3,1467.6,0.71,0,36.1,3.36
R45,BUS002,1,6,14,1,0,18.8,2247.5,1.75,0,59.6,6.78
R45,BUS005,1,5,19,1,0,32.0,2934.4,0.47,0,13.2,6.41
R57,BUS005,1,5,12,1,0,25.3,1635.9,3.35,1,43.1,6.24
R27C,BUS001,1,2,11,0,0,17.9,2607.2,0.82,0,35.7,8.08
R26,BUS003,1,2,17,0,1,13.3,1431.7,6.43,0,36.5,8.24
R57,BUS003,2,0,14,0,0,17.2,1899.0,1.64,1,31.2,7.8
R45,BUS001,2,1,9,0,1,17.7,2791.5,6.83,0,81.3,12.17
R45,BUS001,1,6,10,1,0,22.7,2413.6,1.92,1,24.4,7.27
R45,BUS002,2,4,20,0,1,19.5,2341.5,3.76,0,78.7,8.84
R26,BUS002,2,2,21,0,0,18.7,1492.1,0.49,0,26.8,4.43
R45,BUS003,1,1,21,0,0,26.4,2094.2,1.82,1,33.8,4.6
R27A,BUS005,2,6,8,1,0,35.5,1958.7,0.52,2,10.3,4.91
R57,BUS005,1,0,13,0,0,23.3,1407.4,0.0,0,13.0,3.45
R26,BUS005,1,0,6,0,0,20.9,1374.5,1.44,1,44.6,5.27
R27C,BUS001,1,3,16,0,0,24.6,2227.3,0.37,0,48.4,5.19
R57,BUS001,2,6,18,1,0,21.7,1312.8,2.26,0,31.8,5.09
R45,BUS002,1,1,21,0,0,28.1,2981.5,0.76,0,25.3,6.84
R57,BUS003,2,5,8,1,0,32.2,1572.8,0.71,0,39.7,1.92
R57,BUS005,2,2,13,0,0,24.1,1742.1,2.15,0,7.4,4.3
R57,BUS003,2,3,5,0,0,24.8,1886.7,0.53,0,57.9,5.41
R26,BUS004,2,5,18,1,0,29.6,2315.6,2.02,0,51.1,5.3
R45,BUS001,1,2,16,0,0,24.7,2613.2,1.24,1,17.8,7.99
R26,BUS001,1,4,5,0,0,22.3,1707.0,2.21,0,18.1,6.02
R27C,BUS001,1,6,6,1,0,27.3,3309.6,1.4,0,30.2,7.19
R26,BUS003,1,2,19,0,1,12.4,1495.4,4.21,0,81.6,9.12
R27A,BUS001,1,0,19,0,1,16.1,1430.6,4.39,0,57.1,7.66
R27A,BUS001,3,6,22,1,0,27.7,1351.8,0.84,0,45.3,3.41
R45,BUS001,1,2,14,0,0,13.6,1911.7,1.49,1,39.9,10.43
R27A,BUS005,2,0,18,0,1,15.8,1658.6,3.54,0,54.1,7.56
R26,BUS001,1,6,22,1,0,15.1,1248.6,2.39,0,11.7,6.29
R27C,BUS001,2,2,13,0,0,19.5,2735.4,0.69,0,12.2,7.8
R27C,BUS003,1,6,15,1,0,18.6,2539.6,2.09,0,45.2,8.71
R27C,BUS005,2,4,5,0,0,14.4,2732.7,2.61,1,46.0,12.77
R45,BUS005,2,3,21,0,0,20.6,2523.4,1.48,0,50.0,8.19
R45,BUS001,1,6,5,1,0,30.9,2277.6,2.02,0,46.8,4.57
R57,BUS003,1,2,16,0,0,25.5,1386.5,2.26,0,51.9,4.18
R57,BUS004,2,0,12,0,0,18.5,1744.6,0.21,0,10.5,5.71
R57,BUS003,1,5,16,1,0,23.6,1715.1,1.0,0,33.1,4.76
R45,BUS001,1,2,7,0,0,22.2,2569.8,3.14,0,42.4,7.78
R45,BUS005,1,1,17,0,1,8.8,2365.3,5.14,0,67.4,18.35
R57,BUS001,2,2,15,0,0,21.3,1886.2,0.29,0,33.2,5.49
R27A,BUS003,3,1,6,0,0,22.3,1263.4,1.62,0,45.2,4.9
R45,BUS003,2,4,20,0,1,3.4,3500.0,4.23,1,45.2,64.07
R26,BUS005,3,1,15,0,0,17.0,1393.1,0.78,2,48.9,6.51
R57,BUS003,2,3,12,0,0,22.6,1367.1,0.37,0,41.0,4.36
R26,BUS004,2,5,19,1,0,33.8,1662.7,1.25,0,16.7,3.49
R27C,BUS003,2,5,9,1,0,32.2,3183.9,0.07,0,50.7,5.94
R45,BUS004,1,0,5,0,0,24.3,2713.3,1.52,0,11.5,8.53
R26,BUS002,2,6,8,1,0,21.6,1761.0,1.44,0,25.2,5.31
R27A,BUS002,3,1,13,0,0,20.8,1647.0,0.74,0,34.2,5.02
R45,BUS002,2,1,22,0,0,14.8,2801.0,1.64,0,49.1,11.45
R27C,BUS004,1,3,16,0,0,19.3,2112.1,1.1,1,25.4,7.99
R27C,BUS004,1,5,20,1,0,20.7,2926.3,1.37,1,30.7,9.54
R45,BUS005,1,0,8,0,1,16.2,2075.2,5.15,0,107.1,8.21
R27A,BUS001,1,3,9,0,1,16.7,2177.4,6.23,0,57.4,10.83
R27C,BUS001,1,6,13,1,0,26.3,2506.0,1.54,0,22.0,7.3
R57,BUS004,2,0,14,0,0,13.8,1518.3,1.78,1,47.8,7.97
R27C,BUS004,1,4,8,0,1,16.4,2734.6,5.68,1,58.8,12.78
R57,BUS002,3,6,5,1,0,30.2,1843.5,1.37,0,19.8,3.71
R27C,BUS001,2,6,19,1,0,29.3,2752.8,1.93,0,59.3,6.15
R26,BUS004,1,4,22,0,0,23.5,2171.1,3.74,0,5.0,6.88
R27C,BUS005,1,5,8,1,0,20.5,2972.8,0.67,1,36.8,9.85
R45,BUS003,1,2,20,0,1,13.9,2611.3,5.13,2,48.0,14.41
R57,BUS002,3,6,11,1,0,30.5,1838.3,0.73,0,37.1,3.66
R27A,BUS002,3,0,16,0,0,25.6,1907.8,0.67,1,57.5,5.61
R26,BUS004,2,1,11,0,0,13.3,1838.4,1.42,0,26.0,8.85
R27C,BUS003,1,6,8,1,0,21.9,2544.0,1.05,0,44.0,7.74
R26,BUS002,1,0,17,0,1,12.3,1688.5,5.15,0,72.3,9.82
R45,BUS001,2,0,10,0,1,9.8,2725.7,4.47,0,56.5,17.53
R45,BUS005,2,3,11,0,0,20.3,2642.7,2.07,2,8.5,10.7
R45,BUS004,2,4,16,0,0,19.1,2746.6,1.12,0,56.5,9.34
R26,BUS005,2,3,11,0,0,21.2,1713.8,2.04,0,36.3,5.06
R57,BUS004,1,2,9,0,1,5.1,1370.3,5.69,0,72.2,18.34
R27C,BUS003,2,1,20,0,1,13.6,1645.1,5.49,0,68.4,9.83
R27C,BUS002,2,0,20,0,1,10.2,2580.0,4.34,1,47.4,16.74
R57,BUS001,2,2,20,0,1,11.5,1204.2,5.66,0,67.5,8.71
R27C,BUS002,2,5,9,1,0,30.4,2533.4,0.82,1,36.5,6.68
R27C,BUS003,1,3,16,0,0,18.6,2771.1,0.35,1,45.8,9.69
R27A,BUS001,1,6,14,1,0,26.2,1062.3,1.39,0,35.0,2.35
R45,BUS001,1,4,11,0,0,19.0,2226.2,2.39,0,40.4,8.44
R27C,BUS003,1,2,19,0,1,13.1,2311.3,4.41,1,48.4,13.47
R45,BUS004,2,2,16,0,0,22.7,1630.1,0.38,0,34.5,3.52
R27A,BUS001,1,5,15,1,0,30.7,1711.9,0.91,0,59.5,3.5
R27A,BUS005,2,4,15,0,0,17.5,1530.6,0.65,1,36.3,7.07
R26,BUS002,1,6,18,1,0,23.2,1114.0,2.53,0,37.1,3.62
R45,BUS002,2,3,20,0,1,14.4,3500.0,4.87,1,72.4,17.77
R27C,BUS003,1,1,6,0,0,16.7,2547.3,0.11,0,37.3,8.53
R27C,BUS003,1,5,13,1,0,28.7,2597.6,1.78,2,39.8,8.79
R57,BUS005,1,2,21,0,0,16.7,1992.1,2.68,0,33.4,8.97
R27A,BUS002,2,1,22,0,0,13.5,1785.8,1.07,0,24.0,8.11
R27A,BUS005,1,5,20,1,0,26.2,1700.3,0.57,0,19.1,4.9
R57,BUS003,2,5,11,1,0,32.1,1660.3,1.43,0,43.2,2.88
R27C,BUS003,1,6,8,1,0,28.5,2041.3,1.78,0,43.8,4.83
R45,BUS001,2,1,22,0,0,18.2,2180.5,1.28,2,41.7,10.13
R26,BUS001,3,6,13,1,0,23.9,1371.1,1.87,0,5.0,4.11
R57,BUS001,1,0,22,0,0,16.4,1538.4,0.0,0,26.6,5.95
R45,BUS002,2,2,10,0,1,15.7,2262.9,4.97,1,73.2,10.95
R27C,BUS001,2,6,17,1,0,29.6,2470.0,2.04,0,34.9,5.49
R27C,BUS002,1,5,18,1,0,26.9,2736.8,0.42,0,37.9,5.53
R27C,BUS003,2,3,19,0,1,4.8,2098.3,5.19,0,78.4,28.71
R57,BUS005,2,2,9,0,1,10.7,1693.2,4.69,1,87.5,12.54
R26,BUS002,3,2,12,0,0,17.7,1554.5,0.52,2,52.6,8.45
R57,BUS001,1,2,21,0,0,18.5,1657.6,1.07,1,20.2,7.1
R27C,BUS003,1,4,13,0,0,19.3,2812.1,2.6,0,39.1,9.29
R26,BUS004,2,1,22,0,0,20.0,1321.3,2.1,0,54.2,4.83
R57,BUS003,1,1,5,0,0,14.1,1085.6,1.19,0,32.4,5.05
R27A,BUS002,3,4,13,0,0,9.6,1511.1,0.09,0,47.2,9.79
R26,BUS001,2,3,6,0,0,14.6,2117.2,0.65,0,39.3,9.17
R27A,BUS002,3,2,7,0,0,25.0,1654.7,0.66,1,58.6,4.69
R26,BUS004,1,2,16,0,0,24.0,1687.1,2.18,0,46.0,4.35
R27C,BUS004,2,2,17,0,1,10.3,2085.2,5.66,0,57.1,15.16
R27C,BUS005,1,4,10,0,1,13.4,3056.6,5.21,1,99.6,17.12
R26,BUS002,3,0,16,0,0,20.0,1685.5,0.88,0,37.8,5.91
R45,BUS003,2,4,10,0,1,15.4,2379.0,4.66,0,47.0,11.56
R57,BUS003,1,5,6,1,0,22.2,1468.8,1.34,1,38.7,5.42
R26,BUS004,3,4,8,0,1,11.7,1332.8,4.9,0,59.6,8.98
R27A,BUS002,3,3,12,0,0,22.5,1735.0,0.23,0,26.9,4.91
R57,BUS004,1,0,12,0,0,13.2,1378.1,2.38,0,12.6,8.47
R45,BUS005,1,5,12,1,0,22.4,3086.0,1.33,0,33.4,8.56
R45,BUS005,2,3,11,0,0,27.1,2725.2,1.05,1,26.2,6.97
R26,BUS004,1,1,8,0,1,12.3,1516.0,3.87,0,46.4,8.49
R27C,BUS001,2,4,15,0,0,20.9,3266.4,2.32,0,47.6,10.53
R27A,BUS005,3,4,14,0,0,17.5,1792.9,1.45,0,52.2,7.12
R26,BUS001,3,0,21,0,0,21.8,1869.3,1.55,0,34.1,6.04
R27A,BUS002,2,1,19,0,1,10.6,1201.6,3.9,1,82.4,8.55
R45,BUS005,2,6,19,1,0,23.9,2363.5,1.29,1,41.0,7.88
R27C,BUS003,2,3,15,0,0,23.2,2177.9,0.49,0,5.0,6.39
R57,BUS003,3,3,9,0,1,14.3,1883.5,6.53,1,78.7,9.77
R27A,BUS003,1,4,11,0,0,17.9,1437.9,1.17,0,49.3,5.42
R45,BUS001,1,5,14,1,0,21.9,2049.1,1.88,0,44.6,5.66
R27A,BUS002,3,3,7,0,0,18.8,1443.1,0.09,0,64.2,4.76
R57,BUS001,1,6,16,1,0,28.9,1761.6,3.62,0,5.0,4.58
R57,BUS001,2,5,6,1,0,30.2,1270.1,0.97,0,20.0,3.27
R27A,BUS005,2,4,22,0,0,21.5,2091.2,1.25,0,83.9,6.47
R26,BUS001,2,3,18,0,1,13.9,1236.2,6.54,0,72.9,8.03
R45,BUS005,2,4,14,0,0,21.1,2101.2,0.65,0,30.8,6.82
R27C,BUS005,2,5,19,1,0,23.8,3369.5,1.9,1,45.9,10.2
R57,BUS001,1,4,20,0,1,6.9,2092.5,4.04,0,64.6,19.79
R26,BUS005,2,5,13,1,0,35.2,1616.5,1.64,0,22.5,3.22
R27C,BUS005,2,2,18,0,1,17.1,2265.2,4.77,0,69.3,10.01
R27A,BUS005,1,1,10,0,1,11.4,1745.7,5.35,0,42.5,10.88
R26,BUS001,2,2,5,0,0,24.4,1781.3,1.36,1,37.6,5.72
R45,BUS005,2,3,18,0,1,16.0,3328.0,4.44,0,69.9,12.99
R57,BUS003,1,3,12,0,0,21.5,2004.5,1.52,1,22.7,6.73
R27C,BUS005,2,3,18,0,1,17.4,2773.7,4.5,0,68.8,11.99
R27A,BUS003,3,2,6,0,0,15.0,1722.3,1.18,0,14.2,9.12
R27C,BUS003,2,3,13,0,0,14.7,2087.4,0.9,0,12.9,9.24
R57,BUS001,3,3,13,0,0,23.9,1579.0,0.99,0,35.4,4.85
R26,BUS001,2,6,5,1,0,22.3,1533.4,0.62,0,34.3,4.55
R27C,BUS002,1,6,5,1,0,27.0,3352.5,1.67,0,56.2,9.14
R26,BUS001,3,4,8,0,1,14.7,2394.0,4.71,0,76.5,11.05
R45,BUS003,1,1,13,0,0,13.6,1636.4,1.84,1,19.3,8.67
R27C,BUS002,1,2,8,0,1,16.5,2627.2,3.51,1,61.8,11.89
R45,BUS005,1,4,12,0,0,8.4,2564.0,1.79,2,20.2,21.21
R27A,BUS002,3,0,22,0,0,11.0,1765.4,1.37,0,18.3,9.62
R27A,BUS005,3,3,9,0,1,9.1,1610.3,4.52,0,58.2,12.72
R45,BUS004,2,2,11,0,0,23.5,2391.0,1.8,0,61.6,6.44
R26,BUS002,3,6,6,1,0,36.7,2232.9,0.49,0,32.1,3.25
R27C,BUS002,1,4,10,0,1,20.2,2574.0,6.04,0,42.0,10.64
R27A,BUS002,1,6,6,1,0,26.3,1833.2,1.03,2,46.3,5.73
R27C,BUS005,1,0,18,0,1,16.4,2495.6,4.65,2,63.3,11.69
R27A,BUS005,2,4,14,0,0,23.6,2256.9,0.78,0,69.0,6.19
R27C,BUS002,1,3,19,0,1,11.4,2324.3,5.74,1,43.9,14.94
R27A,BUS002,1,3,19,0,1,13.1,1744.9,4.93,0,47.0,9.52
R27A,BUS005,2,3,12,0,0,22.8,2107.8,0.0,1,56.4,5.54
R57,BUS005,2,0,8,0,1,13.5,1600.5,4.74,1,58.3,9.52
R27C,BUS002,1,4,20,0,1,10.6,2259.5,5.15,0,89.7,15.44
R27A,BUS005,1,2,6,0,0,19.8,1235.9,3.24,0,36.2,4.58
R45,BUS005,2,0,9,0,1,12.0,2897.6,4.92,1,78.3,16.97
R57,BUS002,2,3,8,0,1,3.4,1524.9,5.05,0,77.1,28.75
R27C,BUS002,1,2,5,0,0,17.6,2830.1,1.39,0,37.0,11.06
R57,BUS001,1,1,22,0,0,24.4,2026.5,3.04,0,50.4,6.1
R57,BUS004,1,1,12,0,0,29.3,834.0,0.83,0,33.7,2.8
R27C,BUS005,1,0,13,0,0,15.7,2103.8,1.81,1,53.4,9.53
R45,BUS005,1,6,16,1,0,21.0,2244.3,0.42,0,31.7,5.79
R27A,BUS004,2,3,11,0,0,19.3,1941.8,1.54,0,24.6,7.25
R27C,BUS005,1,4,18,0,1,17.6,2670.0,5.54,0,38.6,10.7
R27A,BUS004,3,5,11,1,0,27.9,1725.8,0.1,0,26.4,3.3
R45,BUS001,2,2,16,0,0,20.4,1811.4,0.05,0,39.1,6.11
R27A,BUS002,2,5,18,1,0,23.9,1642.2,1.89,1,35.5,4.65
R26,BUS005,2,0,11,0,0,22.8,1920.3,2.12,0,27.1,6.22
R27C,BUS001,1,4,19,0,1,11.8,2597.6,6.2,0,46.3,15.44
R57,BUS005,1,4,13,0,0,19.8,1477.9,1.91,0,42.5,5.88
R27C,BUS004,1,3,5,0,0,26.5,2471.2,2.25,0,31.4,5.7
R45,BUS001,1,3,20,0,1,11.3,2439.9,5.05,0,59.6,14.26
R57,BUS003,2,5,17,1,0,21.2,1415.5,1.51,0,31.2,5.01
R26,BUS002,2,0,19,0,1,14.2,1259.8,4.71,1,68.2,7.86
R26,BUS004,2,6,11,1,0,24.8,1849.1,0.73,1,29.9,5.79
R45,BUS001,2,6,19,1,0,29.5,2679.2,0.39,0,21.2,5.15
R45,BUS004,1,3,9,0,1,10.3,2784.2,4.67,0,82.4,19.12
R45,BUS005,2,3,9,0,1,11.4,2534.5,5.42,0,49.6,15.78
R26,BUS005,3,5,22,1,0,32.2,1464.1,1.28,0,31.1,2.36
R45,BUS003,2,2,13,0,0,25.6,2296.7,2.4,0,80.3,6.62
R26,BUS004,3,0,5,0,0,23.6,1529.1,1.46,1,30.9,4.75
R27C,BUS005,2,2,13,0,0,26.4,2476.2,0.76,0,31.0,5.29
R27C,BUS005,1,2,18,0,1,12.4,2145.0,5.25,1,63.1,13.36
R27A,BUS005,1,3,6,0,0,30.1,856.0,2.93,1,26.5,3.76
R27C,BUS002,2,0,11,0,0,22.9,2892.5,1.47,0,28.4,8.03
R26,BUS002,3,4,18,0,1,15.1,1521.8,5.35,0,83.1,8.6
R26,BUS003,3,2,10,0,1,14.9,1717.8,4.06,0,64.8,8.02
R57,BUS005,3,3,22,0,0,20.2,1476.1,2.13,0,16.1,5.37
R27A,BUS004,1,2,19,0,1,14.5,1811.2,4.94,2,69.8,10.51
R26,BUS002,2,2,17,0,1,11.9,1940.5,5.21,1,59.8,13.63
R27A,BUS001,3,1,11,0,0,14.9,1942.9,1.49,0,22.5,8.84
R45,BUS004,2,3,21,0,0,19.4,2587.3,1.25,0,54.8,9.41
R27C,BUS001,2,0,9,0,1,13.1,2432.8,6.45,0,87.8,13.38
R45,BUS004,2,5,17,1,0,31.4,2859.6,2.72,0,49.8,6.65
R45,BUS002,1,1,14,0,0,23.5,2600.5,1.93,2,8.6,9.28
R45,BUS003,2,1,6,0,0,25.1,1981.2,0.59,0,58.7,4.51
R27A,BUS002,1,0,14,0,0,24.7,1743.5,1.58,0,29.7,5.22
R45,BUS002,1,1,14,0,0,11.8,2805.1,1.75,0,55.7,15.36
R27C,BUS004,2,0,13,0,0,19.7,2772.0,0.0,0,48.2,7.14
R45,BUS005,2,0,13,0,0,20.8,3065.5,1.55,0,34.5,9.38
R27A,BUS002,3,2,11,0,0,16.9,1865.2,0.51,0,48.2,7.39
R57,BUS001,1,3,11,0,0,21.3,1127.5,1.51,0,43.7,4.36
R27C,BUS001,2,5,22,1,0,23.8,2166.4,1.38,1,53.3,6.14
R26,BUS004,1,6,5,1,0,33.0,1465.8,1.74,0,24.0,3.35
R27A,BUS002,3,2,18,0,1,17.8,1655.9,5.06,0,82.8,6.73
R26,BUS002,3,3,11,0,0,21.2,1736.4,1.93,1,24.3,6.47
R45,BUS004,2,2,10,0,1,8.8,2223.9,4.61,0,53.6,16.83
R45,BUS001,2,3,6,0,0,21.3,3070.8,1.29,0,40.2,10.4
R27C,BUS001,1,6,20,1,0,25.0,2576.9,2.07,1,27.3,8.38
R26,BUS002,2,5,8,1,0,37.9,1602.4,1.66,0,59.6,2.88
R26,BUS003,3,1,5,0,0,28.9,1848.7,0.0,1,17.7,5.33
R27C,BUS002,1,6,15,1,0,30.4,3081.1,2.25,1,39.0,7.53
R27A,BUS001,1,2,17,0,1,11.3,1549.3,3.82,0,68.5,9.41
R57,BUS001,2,4,10,0,1,16.9,1500.4,4.82,0,28.9,6.98
R26,BUS004,3,2,11,0,0,27.8,1758.3,0.44,0,44.7,2.93
R27C,BUS004,2,5,21,1,0,24.5,2817.1,2.55,0,30.4,9.01
R26,BUS004,3,0,5,0,0,22.2,1549.3,0.59,0,52.7,4.47
R26,BUS002,3,2,11,0,0,24.8,1437.9,0.93,0,11.9,4.53
R27A,BUS002,3,0,13,0,0,29.1,1928.3,1.11,1,42.2,5.41
R57,BUS003,3,1,7,0,0,17.5,1670.6,1.68,1,23.4,7.45
R27A,BUS005,1,6,17,1,0,28.6,1432.1,0.9,0,52.1,3.03
R27C,BUS003,1,1,5,0,0,16.3,2183.9,0.68,0,28.5,9.77
R45,BUS005,2,1,19,0,1,8.5,2181.8,5.21,0,59.0,16.86
R27C,BUS003,1,4,15,0,0,20.1,2538.6,0.81,0,50.9,8.35
R27C,BUS003,2,3,11,0,0,14.8,2749.8,1.66,0,13.7,11.63
R26,BUS004,3,4,9,0,1,14.2,1611.0,4.76,0,52.7,9.16
R57,BUS004,1,0,19,0,1,4.3,1836.6,4.8,0,49.2,26.34
R45,BUS004,2,6,13,1,0,36.5,2516.1,1.82,1,52.4,6.39
R45,BUS004,1,6,8,1,0,28.3,2559.4,1.14,1,53.2,6.88
R27C,BUS004,1,0,17,0,1,13.6,2314.5,5.02,1,70.0,12.52
R45,BUS003,1,4,11,0,0,24.9,2323.2,0.43,0,38.7,6.65
R27A,BUS004,2,1,12,0,0,24.1,1923.7,1.24,1,40.8,6.31
R45,BUS005,2,6,10,1,0,19.6,2165.7,0.82,0,31.1,5.69
R27A,BUS004,3,1,19,0,1,20.2,1456.9,5.86,1,68.2,6.99
R27A,BUS005,1,2,20,0,1,15.5,1916.4,5.02,1,54.2,9.98
R45,BUS003,2,3,20,0,1,10.0,2493.1,4.26,0,83.5,16.19
R27A,BUS005,1,0,9,0,1,6.5,1595.3,5.36,0,66.5,16.49
R57,BUS005,2,0,13,0,0,20.0,1696.6,1.47,0,20.2,6.15
R26,BUS001,1,4,14,0,0,16.6,1512.2,1.33,0,48.6,5.97
R45,BUS003,1,1,15,0,0,19.8,3132.8,1.59,1,39.8,10.43
R26,BUS003,2,2,17,0,1,15.7,1485.8,5.05,0,41.6,7.08
R26,BUS004,3,2,9,0,1,18.0,1492.7,4.13,0,92.3,5.55
R27A,BUS005,2,1,7,0,0,9.0,1753.4,0.96,0,42.8,12.4
R27C,BUS005,2,4,17,0,1,18.9,3261.8,4.73,0,54.2,12.29
R26,BUS005,3,0,11,0,0,19.5,1656.1,2.66,0,28.4,5.9
R27A,BUS004,3,6,18,1,0,32.9,1898.9,1.19,2,64.5,5.17
R57,BUS005,2,5,14,1,0,31.3,2212.0,0.7,2,33.4,6.12
R45,BUS004,1,1,11,0,0,18.1,2668.2,0.25,0,43.5,9.09
R27C,BUS005,1,4,18,0,1,14.9,1790.6,5.56,0,58.6,9.31
R45,BUS003,2,4,13,0,0,25.7,2002.2,2.3,0,38.4,5.38
R45,BUS005,1,2,9,0,1,15.6,3089.5,4.51,0,60.3,13.9
R45,BUS005,2,6,19,1,0,30.5,2363.6,2.43,0,37.5,5.37
R26,BUS005,1,5,9,1,0,28.9,1670.7,1.46,0,45.9,3.28
R45,BUS004,1,0,10,0,1,8.0,2276.1,3.86,0,70.1,17.28
R27C,BUS002,1,4,18,0,1,12.9,2767.1,4.15,0,51.8,14.9
R26,BUS005,1,5,13,1,0,24.9,1561.4,2.94,0,25.1,4.41
R45,BUS005,2,4,21,0,0,18.7,2064.2,1.66,2,18.4,9.69
R27A,BUS002,3,1,7,0,0,20.7,1423.8,0.46,0,30.8,4.2
R57,BUS001,2,6,21,1,0,29.0,1604.7,2.89,1,44.4,5.14
R27A,BUS005,3,3,8,0,1,8.5,1620.8,4.69,0,49.9,13.66
R45,BUS003,2,4,18,0,1,11.6,2630.1,4.99,0,68.3,15.52
R57,BUS005,1,4,9,0,1,12.9,1268.2,4.65,0,80.1,8.74
R57,BUS001,3,4,18,0,1,14.9,1813.5,4.62,0,70.5,8.64
R45,BUS005,1,5,7,1,0,21.6,2018.9,1.21,0,37.2,6.23
R27A,BUS004,1,6,12,1,0,26.2,1466.8,2.78,0,6.9,4.16
R57,BUS003,2,6,11,1,0,32.1,1437.0,2.03,0,42.9,3.84
R27C,BUS001,1,5,18,1,0,23.3,2188.5,1.59,0,33.6,5.44
R27C,BUS005,1,3,8,0,1,14.7,2382.8,3.42,0,69.8,11.78
R57,BUS005,3,4,7,0,0,22.1,2121.2,2.42,0,33.7,7.17
R26,BUS004,3,1,6,0,0,16.9,1516.0,1.17,0,5.0,6.06
R26,BUS001,3,3,19,0,1,14.4,940.4,5.16,0,77.8,5.61
R27C,BUS001,1,4,21,0,0,16.7,2329.4,1.43,0,58.0,8.16
R57,BUS002,1,2,8,0,1,23.9,1974.1,5.35,0,73.4,7.68
R45,BUS001,1,6,5,1,0,30.9,2546.4,2.4,0,12.3,6.25
R45,BUS003,2,5,17,1,0,30.6,3056.9,2.87,0,34.7,6.5
R27A,BUS004,3,4,10,0,1,15.9,1691.6,5.09,0,62.0,7.6
R26,BUS002,2,5,7,1,0,24.5,1437.0,2.01,2,37.6,5.47
R26,BUS001,3,4,14,0,0,19.0,2173.8,2.19,0,46.8,7.89
R57,BUS003,2,4,9,0,1,14.6,1632.8,5.07,1,75.4,8.64
R27A,BUS005,2,0,9,0,1,14.6,1557.6,5.06,0,73.4,8.2
R27C,BUS003,2,3,19,0,1,9.6,3005.8,2.88,2,55.9,22.48
R45,BUS004,2,2,16,0,0,17.0,2749.1,1.87,0,69.6,9.55
R27C,BUS004,1,2,17,0,1,13.5,2741.4,5.25,1,57.1,15.38
R27C,BUS001,1,0,5,0,0,24.5,2681.4,0.54,0,24.9,7.66
R27A,BUS003,1,1,20,0,1,10.4,795.6,5.54,1,38.5,7.91
R27C,BUS001,2,0,10,0,1,14.8,2242.5,4.88,0,60.7,11.02
R26,BUS004,3,6,22,1,0,26.5,1764.9,1.0,0,40.2,5.61
R27A,BUS001,1,0,10,0,1,10.3,1439.8,5.94,0,61.6,10.63
R57,BUS003,2,2,17,0,1,12.7,2079.8,4.83,0,68.8,11.92
R27C,BUS005,2,1,11,0,0,26.9,2582.7,0.87,1,31.8,7.09
R27C,BUS001,2,0,18,0,1,9.6,2297.7,5.09,2,42.7,18.96
R45,BUS003,1,2,20,0,1,11.1,2403.0,5.16,0,61.5,15.36
R57,BUS005,2,2,22,0,0,17.6,2010.1,1.67,0,45.2,7.92
R27A,BUS005,1,6,10,1,0,16.9,1958.0,1.29,0,48.0,8.15
R57,BUS003,3,5,14,1,0,30.2,1284.1,2.09,0,15.9,4.09
R45,BUS002,1,2,7,0,0,19.4,3073.8,1.59,2,33.0,11.76
R27A,BUS003,2,4,10,0,1,10.6,1923.5,3.95,0,80.7,12.87
R26,BUS004,2,1,9,0,1,14.0,1915.3,5.74,0,46.4,10.62
R26,BUS002,3,4,17,0,1,7.5,1605.7,4.89,0,75.9,15.92
R57,BUS005,2,1,13,0,0,32.4,1695.6,2.63,0,38.8,4.34
R27A,BUS004,3,6,20,1,0,20.2,1431.2,2.17,0,24.2,4.35
R57,BUS003,3,2,21,0,0,23.3,1343.7,1.12,0,28.1,3.56
R57,BUS005,3,5,10,1,0,29.6,1627.0,1.76,0,38.0,4.14
R57,BUS005,1,3,22,0,0,14.7,1861.1,0.09,0,6.2,8.82
R57,BUS002,2,5,7,1,0,32.0,1952.5,0.88,0,31.3,4.56
R57,BUS003,1,2,16,0,0,14.5,1213.5,0.0,0,31.4,5.21
R26,BUS003,1,2,8,0,1,19.9,1993.5,5.24,0,77.2,9.37
R57,BUS003,1,0,20,0,1,14.9,1722.1,6.03,0,64.9,9.43
R57,BUS003,1,5,14,1,0,24.7,1904.2,1.42,0,34.4,5.52
R27C,BUS002,1,4,12,0,0,26.7,2990.9,1.04,2,27.7,8.6
R57,BUS005,1,4,9,0,1,9.2,1326.5,3.66,0,57.7,10.4
R26,BUS003,2,1,14,0,0,12.0,2041.3,1.17,1,26.0,12.61
R27A,BUS004,3,3,9,0,1,15.0,1729.7,4.89,0,77.4,8.67
R27C,BUS004,1,1,22,0,0,16.7,2665.3,1.77,0,33.4,10.53
R27A,BUS003,1,4,15,0,0,27.2,1126.0,2.6,1,23.6,4.36
R57,BUS001,2,1,5,0,0,16.8,2188.1,0.66,2,48.9,9.7
R57,BUS001,2,2,16,0,0,27.1,1907.2,2.51,1,52.5,5.57
R27C,BUS004,1,0,15,0,0,25.0,2619.3,2.16,0,16.5,6.33
R45,BUS003,2,0,21,0,0,28.4,2530.7,2.31,2,36.5,9.24
R45,BUS005,2,0,14,0,0,24.1,2219.1,1.58,0,55.7,6.46
R57,BUS002,2,2,8,0,1,12.7,1650.8,4.42,0,72.7,9.26
R26,BUS003,3,2,8,0,1,15.6,1404.3,4.08,1,86.6,7.83
R26,BUS002,3,1,20,0,1,15.7,1925.3,5.05,0,63.6,9.8
R57,BUS003,2,0,14,0,0,15.3,1809.4,1.25,0,51.8,7.83
R26,BUS001,2,4,14,0,0,29.7,1717.5,1.63,1,70.7,3.81
R45,BUS003,2,4,21,0,0,17.9,2765.9,1.85,0,28.5,9.99
R45,BUS003,2,0,14,0,0,16.1,2904.8,1.81,0,26.5,11.23
R57,BUS005,2,2,20,0,1,17.9,1384.3,4.85,0,93.9,6.66
R27A,BUS004,1,5,8,1,0,24.9,1729.7,1.51,0,34.8,4.59
R45,BUS001,1,6,7,1,0,27.8,2446.9,1.82,0,49.0,5.51
R27C,BUS003,1,2,11,0,0,22.1,3441.6,2.9,1,31.8,11.41
R45,BUS004,1,4,5,0,0,15.2,2450.7,0.67,1,34.6,9.91
R26,BUS001,1,5,13,1,0,28.8,1633.0,1.91,0,37.2,3.98
R26,BUS003,2,3,11,0,0,20.7,1913.7,1.89,2,40.7,9.04
R57,BUS003,2,3,9,0,1,11.3,1575.2,4.32,0,46.2,11.05
R26,BUS001,1,3,16,0,0,21.8,1971.6,1.18,1,43.8,6.44
R57,BUS003,3,5,5,1,0,19.8,2163.2,0.0,0,52.9,5.69
R27C,BUS003,2,3,18,0,1,20.3,3200.2,3.34,1,92.2,10.74
R27C,BUS005,1,0,14,0,0,23.6,2373.3,2.67,0,6.4,6.19
R27C,BUS001,2,6,18,1,0,26.2,2774.9,2.09,1,43.8,8.33
R45,BUS002,2,6,20,1,0,22.8,2244.7,0.96,0,34.0,5.58
R27A,BUS003,1,6,9,1,0,21.0,1681.1,2.35,1,44.4,6.36
R27C,BUS004,1,3,14,0,0,20.0,2069.3,1.25,0,36.0,6.48
R27A,BUS002,3,3,20,0,1,14.7,1813.0,5.14,0,44.6,9.49
R27C,BUS003,2,3,15,0,0,19.9,3036.8,0.0,0,28.9,8.74
R27A,BUS003,1,5,6,1,0,16.2,991.3,0.73,1,30.5,4.41
R26,BUS001,1,3,5,0,0,18.3,1668.5,1.52,2,26.6,9.76
R45,BUS003,1,1,7,0,0,27.1,2120.8,0.69,1,37.8,4.64
R26,BUS005,3,6,11,1,0,26.8,1596.2,1.62,0,42.0,3.76
R27C,BUS002,1,3,19,0,1,13.4,2988.4,5.38,0,76.0,15.76
R57,BUS003,3,1,21,0,0,16.4,1890.3,1.72,0,24.1,8.19
R27A,BUS002,3,0,12,0,0,22.0,1770.2,1.9,0,39.0,5.2
R57,BUS004,2,6,10,1,0,28.1,1855.9,0.56,0,49.0,4.21
R45,BUS001,2,0,9,0,1,11.6,2639.2,5.59,0,60.8,17.22
R27A,BUS001,2,1,12,0,0,27.3,1124.0,1.76,0,34.8,3.0
R27A,BUS003,1,6,5,1,0,24.0,1828.3,0.75,0,55.2,5.2
R27C,BUS001,2,1,16,0,0,14.1,2256.8,1.57,2,46.1,12.6
R57,BUS004,2,2,6,0,0,19.9,1515.6,2.5,1,43.1,6.59
R57,BUS003,1,0,21,0,0,25.1,2129.6,1.12,0,7.7,4.95
R27C,BUS001,1,3,21,0,0,17.8,2840.8,1.6,0,54.2,9.86
R45,BUS005,2,3,20,0,1,11.4,2555.4,5.06,1,39.6,15.73
R57,BUS002,2,5,12,1,0,18.2,1575.8,1.5,0,46.6,5.15
R45,BUS001,2,0,15,0,0,26.8,2550.5,2.23,0,38.1,6.93
R27C,BUS002,2,1,19,0,1,11.3,2146.3,4.87,1,76.6,13.27
R27A,BUS002,1,4,16,0,0,16.4,1856.1,1.96,0,10.5,8.18
R57,BUS001,3,1,9,0,1,12.9,1619.1,4.95,0,46.8,8.13
R45,BUS005,1,1,10,0,1,12.8,2354.9,4.92,0,74.9,13.18
R57,BUS001,1,5,6,1,0,27.2,1994.8,1.11,0,22.7,5.32
R27C,BUS004,2,6,9,1,0,24.1,2344.9,3.27,1,23.9,7.56
R45,BUS004,1,3,6,0,0,22.5,3066.6,1.12,0,27.2,7.93
R26,BUS001,2,6,14,1,0,20.9,1803.7,0.03,0,56.3,5.69
R26,BUS003,2,5,13,1,0,25.2,1295.5,1.54,2,15.5,5.02
R27A,BUS004,2,1,20,0,1,9.7,1753.9,3.62,0,78.2,12.81
R45,BUS005,2,1,8,0,1,5.9,2342.0,5.82,1,68.2,26.22
R27C,BUS005,1,6,19,1,0,21.3,2109.2,2.25,0,50.6,6.7
R26,BUS001,1,6,19,1,0,21.9,1837.6,2.37,0,37.8,6.1
R27A,BUS001,3,3,10,0,1,10.7,1362.5,6.06,1,76.4,10.39
R27A,BUS004,3,1,13,0,0,27.8,1970.1,0.15,2,46.0,7.63
R45,BUS001,2,4,16,0,0,20.3,2920.1,0.28,0,14.3,8.96
R27C,BUS003,1,5,17,1,0,30.9,2524.5,1.14,1,28.1,6.21
R45,BUS005,1,2,15,0,0,26.3,2120.5,0.6,0,41.7,4.08
R26,BUS004,3,1,9,0,1,13.2,1766.3,5.95,0,54.1,10.92
R27A,BUS004,1,5,15,1,0,29.3,1339.8,2.41,0,39.9,3.53
R26,BUS001,1,6,8,1,0,20.0,1365.6,1.16,0,35.5,4.32
R26,BUS001,3,2,18,0,1,13.3,2109.7,4.61,0,47.3,11.48
R45,BUS001,2,0,9,0,1,14.5,2344.1,4.82,0,51.7,10.55
R27A,BUS001,1,3,12,0,0,16.3,1725.5,0.65,0,25.3,6.82
R27A,BUS004,1,1,5,0,0,24.1,1453.1,1.47,0,16.8,3.39
R45,BUS005,2,3,16,0,0,21.0,2373.1,0.64,0,43.9,5.94
R45,BUS002,1,1,22,0,0,23.4,2334.0,3.31,0,45.7,6.7
R45,BUS001,2,1,18,0,1,7.3,2366.6,5.07,0,73.9,21.01
R26,BUS004,1,4,9,0,1,11.0,1626.3,5.33,0,82.4,12.2
R27C,BUS005,2,4,20,0,1,12.7,1900.8,7.0,0,68.7,11.54
R26,BUS001,3,0,17,0,1,20.6,1680.8,3.42,0,72.1,6.74
R26,BUS001,2,0,15,0,0,21.4,1506.6,1.18,0,5.0,4.23
R26,BUS004,3,5,15,1,0,29.5,1777.0,1.61,2,34.4,7.44
R26,BUS001,3,4,22,0,0,13.8,1303.0,2.22,0,60.9,5.76
R45,BUS002,2,0,8,0,1,3.0,3044.1,3.89,0,28.4,62.35
R27C,BUS004,1,0,16,0,0,24.6,1435.7,1.13,0,40.7,3.88
R45,BUS003,1,6,11,1,0,32.0,1916.0,1.7,0,42.9,5.04
R27C,BUS001,1,2,13,0,0,18.2,2475.3,2.07,0,17.2,8.07
R27C,BUS004,2,3,8,0,1,10.4,2767.6,5.59,0,57.0,18.56
R27C,BUS005,2,6,6,1,0,24.9,3068.6,2.63,2,45.9,9.88
R57,BUS004,1,6,7,1,0,22.1,1548.9,2.72,1,37.9,6.0
R27A,BUS004,2,6,12,1,0,31.9,1342.9,1.86,2,30.2,4.91
R45,BUS004,1,1,14,0,0,33.0,2160.4,1.97,1,39.7,4.79
R57,BUS004,1,4,12,0,0,16.7,2321.0,0.84,1,36.7,7.87
R57,BUS004,3,1,12,0,0,23.8,1523.2,2.76,0,29.9,3.81
R26,BUS004,2,1,19,0,1,6.9,1515.7,5.61,0,57.4,15.49
R27A,BUS003,2,2,6,0,0,22.3,1619.7,1.46,0,35.6,5.06
R57,BUS002,3,1,19,0,1,12.0,2215.4,3.44,0,59.9,12.27
R27C,BUS004,2,0,21,0,0,25.1,2788.2,1.92,0,51.8,7.18
R45,BUS001,1,3,5,0,0,16.7,2391.8,1.41,2,26.1,11.11
R26,BUS004,3,2,17,0,1,11.3,1325.0,4.69,0,48.5,9.2
R27A,BUS005,2,6,11,1,0,26.8,1533.3,1.89,0,19.2,4.27
R27A,BUS005,3,0,12,0,0,29.8,1699.9,1.37,0,22.0,4.1
R26,BUS002,3,4,16,0,0,16.6,1947.2,0.9,0,55.0,7.56
R45,BUS002,2,0,17,0,1,16.3,2810.0,5.58,0,92.4,13.51
R27C,BUS003,1,4,8,0,1,14.0,2926.6,5.09,1,45.9,15.06
R27A,BUS002,3,3,9,0,1,10.4,1608.3,6.3,0,84.8,12.12
R45,BUS005,1,0,19,0,1,20.6,2392.3,4.3,0,87.6,8.52
R26,BUS004,1,0,12,0,0,24.5,1190.2,2.71,0,44.2,4.05
R27A,BUS005,3,0,20,0,1,16.5,1632.8,4.04,0,55.5,7.95
R26,BUS002,2,2,10,0,1,8.3,1124.2,4.82,0,43.2,8.15
R57,BUS003,1,0,15,0,0,25.3,1455.0,1.69,1,45.0,4.54
R57,BUS001,1,2,15,0,0,15.4,1532.0,1.28,0,47.2,6.03
R45,BUS001,1,0,21,0,0,18.4,2088.5,0.7,0,38.4,8.1
R45,BUS004,2,4,10,0,1,18.9,2081.7,5.11,0,57.5,8.9
R26,BUS002,3,3,13,0,0,14.9,2065.5,0.89,1,53.1,9.31
R27C,BUS002,2,4,6,0,0,19.5,2062.1,0.72,0,36.4,5.94
R45,BUS004,1,0,22,0,0,9.1,2731.1,1.35,0,36.7,18.42
R57,BUS005,2,4,5,0,0,20.1,1732.1,2.06,0,29.8,6.92
R26,BUS003,2,2,22,0,0,23.7,1511.7,0.26,0,39.4,4.68
R45,BUS002,1,5,7,1,0,22.5,1886.1,2.6,0,33.4,5.95
R27A,BUS005,3,4,20,0,1,14.9,1364.4,5.11,1,36.4,7.57
R27C,BUS004,1,5,5,1,0,19.9,2710.9,1.19,1,33.8,9.45
R57,BUS005,3,3,11,0,0,22.0,2048.7,1.41,0,47.2,6.8
R27C,BUS002,2,0,20,0,1,9.2,2972.6,6.23,0,81.8,21.25
R57,BUS005,2,6,9,1,0,32.3,2283.7,2.59,0,31.9,4.7
R57,BUS005,2,4,8,0,1,15.2,1628.2,5.48,0,71.1,8.77
R27C,BUS004,1,2,21,0,0,16.6,2613.1,1.58,0,43.8,10.61
R27A,BUS001,3,2,13,0,0,23.4,1232.4,2.5,0,28.3,3.43
R57,BUS005,1,5,8,1,0,28.3,1757.5,3.21,0,33.7,4.32
R27A,BUS001,3,5,5,1,0,22.4,1291.6,1.24,1,53.8,4.38
R27C,BUS004,2,6,11,1,0,31.1,2052.9,2.02,0,32.5,5.67
R26,BUS004,2,3,15,0,0,17.0,1527.9,0.91,2,11.2,7.32
R27C,BUS003,1,4,12,0,0,19.2,2333.7,2.77,0,31.9,8.48
R26,BUS005,1,4,20,0,1,12.4,1610.4,3.72,0,68.4,9.73
R26,BUS001,2,0,19,0,1,15.2,2077.0,5.15,0,88.6,10.67
R26,BUS005,2,1,22,0,0,18.0,1821.2,1.52,0,24.4,6.73
R27A,BUS004,2,5,9,1,0,25.3,1715.5,1.58,0,40.4,4.88
R57,BUS001,2,5,14,1,0,25.4,1539.9,1.39,0,8.1,4.17
R45,BUS001,1,5,15,1,0,29.7,2211.8,2.77,0,42.4,5.6
R45,BUS001,1,6,17,1,0,22.1,2458.3,1.91,0,26.2,7.27
R57,BUS003,3,5,22,1,0,36.6,1577.0,2.31,0,27.6,3.05
R26,BUS005,3,4,14,0,0,13.5,1747.8,1.59,0,42.8,8.52
R57,BUS004,3,2,9,0,1,16.3,1473.7,4.17,0,66.1,6.32
R27A,BUS004,2,3,19,0,1,13.1,1458.5,6.38,0,46.8,10.18
R27A,BUS004,3,6,22,1,0,26.2,1900.8,2.31,0,31.9,4.55
R57,BUS003,3,6,10,1,0,31.3,1928.5,1.05,1,38.4,4.64
R27C,BUS004,2,3,13,0,0,23.8,2559.6,2.32,0,33.5,7.45
R45,BUS003,1,2,14,0,0,18.7,3490.7,1.31,0,53.2,12.86
R27C,BUS001,2,6,11,1,0,34.3,2439.3,2.2,1,45.3,6.26
R26,BUS004,3,2,15,0,0,21.7,1044.5,1.26,0,47.0,3.96
R45,BUS001,2,4,11,0,0,22.3,2672.3,0.25,0,19.9,7.61
R26,BUS002,3,1,10,0,1,12.0,1491.2,5.08,0,75.9,9.09
R45,BUS001,1,0,13,0,0,19.4,2842.4,2.7,0,20.6,9.8
R27C,BUS002,1,6,21,1,0,29.2,2428.0,0.11,0,19.2,4.82
R27A,BUS001,2,6,17,1,0,18.4,1540.4,1.33,1,29.4,7.38
R57,BUS005,2,3,6,0,0,19.7,1885.6,1.96,0,24.3,6.03
R27C,BUS004,1,2,5,0,0,6.5,2156.6,1.18,0,41.2,20.74
R27C,BUS001,2,1,12,0,0,20.0,2698.9,0.36,0,39.8,7.75
R27C,BUS001,2,3,12,0,0,16.8,3230.8,2.87,1,27.1,12.49
R27A,BUS003,2,4,20,0,1,9.3,2132.6,5.16,0,56.5,15.11
R27C,BUS004,2,3,16,0,0,20.0,2532.0,0.09,1,45.8,8.54
R27A,BUS003,1,1,22,0,0,19.0,1641.6,0.0,0,64.1,5.88
R27C,BUS001,2,2,18,0,1,6.6,2736.5,4.83,0,98.9,27.72
R45,BUS002,2,3,11,0,0,19.1,2596.5,0.72,0,53.0,8.62
R26,BUS002,3,4,20,0,1,10.3,1054.8,6.75,0,70.2,7.99
R57,BUS004,1,0,10,0,1,17.2,1641.0,4.88,0,67.3,7.89
R57,BUS003,3,3,19,0,1,5.2,2181.2,5.37,0,94.9,27.18
R57,BUS003,3,3,9,0,1,12.2,1936.8,5.5,0,88.3,11.37
R26,BUS004,3,5,7,1,0,24.4,2002.4,2.22,1,17.6,6.39
R27C,BUS002,1,0,5,0,0,23.9,2086.2,1.78,0,23.9,5.89
R27C,BUS004,1,2,21,0,0,24.0,3018.0,1.78,0,64.8,7.77
R45,BUS003,2,4,8,0,1,16.9,2426.2,5.48,0,63.1,11.09
R27A,BUS004,3,1,12,0,0,18.0,1859.2,2.31,0,39.4,6.05
R27C,BUS002,1,4,14,0,0,25.1,2524.3,1.84,0,38.8,6.48
R26,BUS005,1,0,9,0,1,10.7,1893.6,5.35,0,76.1,13.85
R57,BUS004,2,0,21,0,0,11.2,1593.9,3.53,0,51.3,10.44
R26,BUS005,2,3,5,0,0,16.2,1277.1,1.58,0,41.6,5.15
R45,BUS005,1,4,17,0,1,19.2,2173.9,4.28,0,69.5,9.21
R26,BUS004,2,2,22,0,0,24.2,1941.2,1.3,0,47.4,5.04
R27A,BUS002,2,1,12,0,0,16.6,1817.3,2.08,0,5.6,6.65
R45,BUS004,1,2,17,0,1,5.6,2436.1,4.8,0,68.4,28.15
R27A,BUS004,2,6,6,1,0,21.4,1539.1,1.52,0,20.9,4.84
R27C,BUS002,1,0,5,0,0,22.8,2201.3,0.59,0,45.8,6.13
R27A,BUS002,3,4,14,0,0,25.7,1376.1,0.7,0,32.5,3.92
R27A,BUS003,3,6,22,1,0,33.1,1705.9,2.43,0,11.4,3.16
R45,BUS004,2,2,16,0,0,29.6,1983.0,0.7,0,32.4,5.09
R27A,BUS002,2,1,12,0,0,21.4,1780.9,1.57,0,32.8,6.66
R27A,BUS003,1,5,14,1,0,22.5,1516.1,2.47,0,27.6,4.41
R27C,BUS005,2,6,14,1,0,26.3,2488.2,0.68,2,42.0,7.62
R57,BUS003,2,2,11,0,0,22.9,1682.2,2.8,0,34.2,5.46
R45,BUS003,2,5,19,1,0,16.8,2289.2,1.17,0,44.4,8.6
R45,BUS002,1,4,6,0,0,19.8,2568.5,1.69,1,28.5,9.75
R27A,BUS003,1,1,6,0,0,21.4,1749.6,1.42,1,56.7,5.97
R27A,BUS004,2,6,13,1,0,22.0,1621.5,1.44,0,15.3,4.72
R26,BUS003,2,2,17,0,1,3.9,1755.9,4.93,0,77.1,30.39
R27A,BUS001,1,4,21,0,0,22.3,1314.1,1.07,0,50.5,4.81
R27C,BUS001,2,4,21,0,0,15.6,3324.0,0.18,0,32.9,12.92
R57,BUS005,3,4,14,0,0,26.0,2176.9,0.84,0,39.5,4.78
R27A,BUS003,1,4,19,0,1,10.4,1677.3,5.54,0,43.0,12.43
R26,BUS005,3,2,21,0,0,22.7,1618.5,2.95,0,42.6,5.78
R57,BUS004,2,0,18,0,1,13.0,1340.6,5.37,0,58.5,7.91
R57,BUS004,3,4,6,0,0,23.9,1224.4,1.87,0,18.2,4.51
R26,BUS002,3,5,6,1,0,24.5,1435.4,0.87,0,22.5,3.61
R45,BUS005,1,6,5,1,0,28.4,2632.6,2.25,0,41.5,6.89
R26,BUS004,3,4,20,0,1,7.8,1912.9,4.57,0,67.7,15.65
R26,BUS004,1,5,8,1,0,25.7,1666.8,2.47,0,20.6,4.7
R27C,BUS003,2,6,16,1,0,20.6,3166.5,1.61,0,39.9,9.49
R27C,BUS005,1,2,5,0,0,23.4,1772.4,1.58,0,5.0,6.07
R57,BUS005,2,2,20,0,1,13.6,1343.9,4.68,0,55.1,8.37
R27C,BUS004,1,0,10,0,1,11.8,2656.3,5.28,0,57.4,14.75
R27A,BUS001,3,6,13,1,0,20.8,1874.7,0.0,0,38.1,4.55
R57,BUS005,2,5,21,1,0,34.0,1528.6,2.39,0,30.2,3.79
R27A,BUS005,2,5,18,1,0,31.0,1598.0,1.48,0,58.7,3.7
R27C,BUS002,2,5,8,1,0,21.1,2385.9,1.74,2,54.1,8.27
R57,BUS003,3,5,21,1,0,20.5,1860.1,1.44,1,42.0,6.8
R57,BUS002,1,2,6,0,0,28.1,1783.0,1.86,0,52.9,5.47
R45,BUS005,1,4,6,0,0,22.8,2267.7,2.94,0,65.3,6.94
R27A,BUS005,1,1,6,0,0,21.6,1799.1,1.28,0,42.5,6.37
R27A,BUS005,2,1,7,0,0,13.2,1815.8,1.76,0,6.2,8.06
R27C,BUS004,2,2,17,0,1,10.1,2384.2,5.0,0,53.2,15.34
R45,BUS005,1,2,8,0,1,13.7,2509.1,4.96,0,42.0,12.97
R26,BUS001,3,2,20,0,1,12.7,1247.9,5.15,0,35.5,7.19
R45,BUS001,1,5,16,1,0,31.6,2719.2,1.53,2,41.6,7.94
R27C,BUS001,1,2,20,0,1,3.0,2142.1,5.53,1,72.6,45.33
R27A,BUS002,3,5,22,1,0,17.8,1481.8,1.46,0,18.0,4.23
R27A,BUS001,3,3,12,0,0,22.7,1931.3,2.7,0,37.4,5.21
R27A,BUS005,2,0,6,0,0,22.3,1575.0,0.94,0,24.7,4.91
R45,BUS001,1,6,13,1,0,31.2,2130.0,2.0,0,30.9,5.13
R27A,BUS002,3,3,18,0,1,12.7,1813.6,4.69,0,67.2,10.52
R45,BUS005,1,6,13,1,0,30.0,2017.9,2.18,0,45.0,5.43
R57,BUS004,1,4,9,0,1,9.6,1396.2,3.35,0,71.1,9.88
R27A,BUS004,3,6,9,1,0,32.7,1507.2,0.51,0,43.8,2.89
R26,BUS002,2,0,5,0,0,24.3,1789.0,1.87,0,26.6,4.07
R27C,BUS004,2,6,20,1,0,21.7,3021.7,1.17,1,72.6,9.68
R26,BUS001,2,1,7,0,0,23.2,1524.5,1.38,0,48.1,4.08
R27A,BUS001,2,0,7,0,0,20.1,2036.2,1.5,0,42.5,6.85
R45,BUS003,1,2,5,0,0,19.4,2748.0,0.46,0,63.8,8.22
R27A,BUS001,3,2,8,0,1,22.3,1233.7,4.47,0,71.3,5.28
R26,BUS003,2,5,18,1,0,28.6,1523.9,1.08,0,58.4,3.83
R45,BUS005,1,2,20,0,1,9.7,2968.2,4.8,0,78.9,20.17
R27C,BUS003,1,0,17,0,1,14.8,3042.0,6.25,0,42.8,14.09
R26,BUS005,1,1,5,0,0,25.7,1944.1,1.3,0,35.9,5.12
R27C,BUS002,1,4,19,0,1,12.4,2221.2,4.99,0,49.6,13.13
R26,BUS001,2,2,15,0,0,20.9,2232.9,2.09,0,39.7,7.92
R57,BUS004,1,0,5,0,0,17.4,1572.3,1.17,0,38.7,6.49
R57,BUS001,2,6,14,1,0,22.9,1796.8,2.54,0,54.7,5.2
R27A,BUS003,3,4,7,0,0,17.6,1733.6,1.39,0,52.9,7.4
R27A,BUS005,2,6,16,1,0,25.5,1847.6,0.34,0,52.3,4.56
R57,BUS004,3,2,14,0,0,25.2,1366.8,1.78,0,16.9,4.83
R27C,BUS005,1,1,12,0,0,17.0,2378.4,0.7,2,38.3,10.75
R57,BUS003,1,0,5,0,0,24.1,1912.7,0.0,1,22.2,5.57
R57,BUS004,2,1,13,0,0,16.9,1713.9,1.72,1,38.7,7.71
R45,BUS001,1,6,9,1,0,36.0,2172.2,0.93,0,38.3,4.32
R27C,BUS005,2,1,10,0,1,11.3,1498.1,4.34,1,61.3,9.29
R27C,BUS005,1,0,22,0,0,31.5,2069.4,0.41,0,28.4,3.88
R57,BUS003,1,5,19,1,0,22.1,1267.4,1.75,0,34.9,5.38
R27C,BUS003,2,4,13,0,0,15.9,1358.2,1.48,0,24.2,5.93
R45,BUS002,2,1,21,0,0,16.7,2672.1,0.9,0,30.6,10.08
R27A,BUS005,2,3,14,0,0,28.0,2064.8,0.41,0,26.7,4.6
R27A,BUS005,3,3,5,0,0,15.6,1629.2,3.01,2,56.8,9.09
R26,BUS001,1,6,15,1,0,19.6,1992.7,1.0,0,20.6,7.77
R27A,BUS004,1,4,8,0,1,12.0,1490.0,5.93,0,55.5,9.47
R27A,BUS002,3,2,19,0,1,15.4,1546.9,4.26,1,54.6,7.05
R26,BUS005,2,3,14,0,0,20.7,1491.4,0.0,0,60.7,4.33
R45,BUS001,1,4,19,0,1,17.8,2624.3,5.72,0,111.5,10.43
R45,BUS002,1,6,7,1,0,27.0,2076.3,2.36,1,27.9,5.81
R45,BUS004,1,0,11,0,0,17.6,2542.3,0.0,0,56.7,8.96
R27C,BUS002,2,6,7,1,0,32.0,2435.8,1.08,0,61.9,5.41
R57,BUS005,2,6,15,1,0,27.6,1642.9,1.59,1,32.7,5.58
R45,BUS002,2,5,21,1,0,19.1,2778.3,2.08,0,50.4,9.44
R57,BUS005,1,0,13,0,0,19.1,1673.0,1.3,0,55.5,6.0
R57,BUS005,2,0,17,0,1,17.1,1840.5,5.08,1,49.0,8.98
R27A,BUS004,3,5,13,1,0,24.5,1960.1,0.88,0,25.4,5.05
R27A,BUS001,1,2,15,0,0,17.1,1456.4,2.26,0,21.1,6.48
R27A,BUS005,3,4,13,0,0,13.7,1473.1,0.5,0,55.0,6.94
R57,BUS002,1,3,22,0,0,17.4,2184.6,0.72,1,32.3,7.9
R57,BUS001,3,4,22,0,0,17.1,1735.8,1.17,1,34.7,6.49
R27C,BUS001,2,2,12,0,0,20.1,2744.4,1.54,0,45.8,8.1
R45,BUS003,1,3,12,0,0,16.6,2834.3,1.44,0,42.5,10.21
R57,BUS003,1,4,12,0,0,25.3,1934.4,1.24,0,39.4,7.21
R27A,BUS005,2,3,18,0,1,17.5,1734.9,5.94,2,41.9,10.31
R57,BUS005,3,5,8,1,0,28.4,1659.3,1.62,0,25.8,5.08
R27A,BUS001,2,0,7,0,0,24.3,1659.0,2.06,0,46.0,4.34
R27A,BUS003,3,6,13,1,0,23.6,1610.2,2.46,0,37.5,5.84
R57,BUS002,1,0,6,0,0,21.2,1795.8,2.0,0,40.1,5.61
R57,BUS003,3,1,12,0,0,17.3,1759.7,0.08,0,38.3,5.59
R27C,BUS003,2,3,18,0,1,9.5,2426.9,3.98,0,83.4,16.49
R57,BUS001,2,5,22,1,0,19.6,1500.4,2.91,1,22.2,5.43
R45,BUS004,1,1,9,0,1,11.3,3024.8,5.66,1,44.7,19.46
R57,BUS003,2,6,21,1,0,27.5,1476.2,1.61,0,61.8,3.35
R57,BUS001,3,3,17,0,1,11.8,1800.7,4.94,1,58.8,12.19
R45,BUS005,2,4,16,0,0,19.6,2339.3,0.83,0,28.6,7.08
R27A,BUS003,2,6,14,1,0,39.9,1863.4,2.12,0,42.2,3.48
R45,BUS003,1,4,11,0,0,17.7,2477.6,1.12,1,34.2,10.34
R45,BUS002,2,0,12,0,0,29.1,2620.4,2.6,0,55.5,6.33
R27A,BUS005,3,0,21,0,0,21.7,1396.9,2.74,0,48.8,4.05
R27C,BUS004,2,6,12,1,0,28.1,2629.3,0.73,0,66.0,5.81
R45,BUS001,1,5,14,1,0,26.2,3309.8,2.98,0,25.2,9.13
R27A,BUS005,1,0,7,0,0,17.2,1596.1,1.89,0,11.6,8.06
R57,BUS001,3,0,14,0,0,20.9,1686.2,2.98,1,11.3,7.51
R45,BUS004,1,3,19,0,1,22.0,2184.4,5.39,0,73.7,8.7
R57,BUS002,2,3,11,0,0,21.7,1700.8,2.65,0,27.1,6.36
R27C,BUS004,1,1,14,0,0,21.4,3117.3,2.22,0,27.6,9.79
R27A,BUS001,2,6,22,1,0,28.7,1686.8,3.72,0,30.2,4.62
R26,BUS004,2,0,8,0,1,19.7,1768.0,4.07,0,46.8,6.72
R45,BUS004,1,4,20,0,1,10.3,2801.1,4.48,0,57.8,17.81
R27A,BUS003,1,1,5,0,0,23.2,1425.6,1.06,0,47.8,4.98
R27A,BUS003,1,1,22,0,0,18.7,1622.6,1.64,0,17.2,4.8
R27A,BUS005,2,6,9,1,0,28.9,1489.4,1.1,0,65.7,4.21
R45,BUS005,2,2,10,0,1,12.6,2430.7,4.62,0,52.6,13.97
R27C,BUS002,2,1,9,0,1,15.3,1940.2,5.11,0,68.2,8.82
R27A,BUS003,2,5,6,1,0,21.7,1908.3,1.68,0,20.2,5.1
R57,BUS002,3,0,14,0,0,21.9,1274.8,1.24,2,40.9,6.39
R45,BUS005,1,0,8,0,1,15.8,2559.2,5.54,0,72.6,10.75
R26,BUS004,3,1,20,0,1,10.9,1818.7,5.62,0,54.6,13.29
R27A,BUS001,3,1,19,0,1,11.6,1552.5,5.79,2,81.7,11.9
R45,BUS001,2,0,7,0,0,14.3,3059.7,1.83,1,34.3,13.81
R27C,BUS001,1,6,17,1,0,29.5,2378.5,1.24,2,22.8,7.12
R26,BUS002,3,3,14,0,0,15.7,1443.3,2.98,0,27.8,7.43
R26,BUS004,3,5,11,1,0,23.2,1383.3,1.06,0,16.8,3.9
R45,BUS005,1,3,22,0,0,14.9,2395.9,1.3,0,8.0,9.85
R57,BUS001,2,0,14,0,0,16.9,2126.9,2.71,0,37.9,7.57
R45,BUS005,2,0,5,0,0,21.2,2317.0,1.47,1,30.9,8.01
R27C,BUS003,2,5,11,1,0,34.5,2180.2,1.24,1,36.7,5.96
R26,BUS001,3,6,16,1,0,30.9,1782.4,1.01,0,52.6,3.42
R27A,BUS003,2,6,8,1,0,26.0,1673.1,2.8,1,45.6,6.23
R26,BUS002,2,3,6,0,0,20.7,1547.4,1.96,0,11.0,5.26
R27C,BUS003,1,6,18,1,0,29.5,2572.9,0.64,0,19.4,5.86
R27A,BUS001,2,5,21,1,0,25.3,1759.7,1.69,0,32.7,4.58
R27C,BUS001,2,4,14,0,0,13.7,2475.2,0.81,0,27.0,10.94
R26,BUS005,1,0,12,0,0,21.8,1660.6,0.0,0,35.6,4.79
R26,BUS002,3,6,19,1,0,32.0,1491.8,3.08,0,40.2,4.41
R27A,BUS003,2,3,12,0,0,19.8,1647.6,1.52,0,56.0,5.62
R57,BUS002,1,4,16,0,0,18.7,1662.5,0.43,0,16.5,6.35
R27C,BUS001,1,1,9,0,1,12.8,2624.1,5.71,0,57.7,14.73
R45,BUS004,1,0,11,0,0,19.4,2646.7,1.31,0,55.9,9.48
R27C,BUS003,2,0,17,0,1,14.2,2675.9,5.32,0,58.3,14.26
R27C,BUS005,1,1,10,0,1,5.8,2816.3,4.11,0,51.5,31.82
R57,BUS002,1,5,16,1,0,31.6,1532.5,3.11,1,29.9,5.08
R26,BUS004,3,4,18,0,1,10.8,1847.1,4.74,1,75.3,13.01
R57,BUS002,3,2,11,0,0,14.9,1662.0,1.62,1,18.6,8.45
R27C,BUS005,2,4,12,0,0,18.8,2690.1,2.03,1,63.9,10.59
R45,BUS001,1,2,16,0,0,20.1,2386.7,2.54,0,7.1,8.07
R57,BUS002,2,6,10,1,0,30.4,1789.9,1.15,2,42.1,7.0
R27A,BUS004,1,3,21,0,0,22.4,1718.6,2.38,0,19.7,5.45
R26,BUS004,2,0,19,0,1,8.5,1556.4,3.42,2,37.3,14.92
R27A,BUS003,3,5,7,1,0,24.5,1804.0,0.99,0,37.1,4.53
R27C,BUS005,1,2,6,0,0,21.6,2396.8,2.0,0,56.4,6.65
R27A,BUS002,2,3,11,0,0,7.4,1429.9,1.82,2,52.1,15.34
R26,BUS005,3,1,8,0,1,15.2,2070.3,4.57,0,41.3,11.47
R27C,BUS003,1,5,19,1,0,32.5,2562.7,2.46,0,40.3,7.12
R45,BUS001,1,2,9,0,1,15.7,2663.5,4.65,0,83.0,12.56
R45,BUS001,1,0,17,0,1,13.0,2270.9,5.54,0,73.6,12.56
R27A,BUS002,3,2,7,0,0,18.8,1391.1,0.56,0,61.0,4.22
R27C,BUS003,1,5,8,1,0,26.5,2946.2,1.01,0,9.6,6.91
R27A,BUS004,1,5,21,1,0,23.8,1476.2,1.0,1,59.7,4.5
R27C,BUS001,2,0,13,0,0,15.7,2429.8,1.84,0,38.6,10.5
R27A,BUS004,3,2,15,0,0,17.3,1504.3,2.33,1,16.5,6.78
R57,BUS005,2,6,17,1,0,23.9,1773.5,1.33,0,56.0,4.69
R26,BUS001,1,2,14,0,0,23.1,1462.2,1.91,1,59.2,5.48
R45,BUS002,1,3,8,0,1,17.8,3267.5,4.66,2,46.4,15.24
R26,BUS002,3,3,7,0,0,23.5,1718.6,1.45,0,29.2,4.62
R27A,BUS004,2,4,5,0,0,20.8,1799.0,1.0,2,57.0,7.97
R27C,BUS005,1,1,7,0,0,20.6,3054.1,1.03,0,33.5,9.34
R27C,BUS005,2,5,18,1,0,26.1,2517.3,0.16,0,17.8,5.56
R27C,BUS002,2,2,6,0,0,28.8,2950.6,1.12,0,30.6,7.5
R45,BUS003,2,5,7,1,0,22.4,2328.3,1.64,0,45.8,7.59
R27C,BUS004,1,4,6,0,0,10.0,2645.4,1.68,0,38.0,16.18
R45,BUS005,2,6,17,1,0,22.5,2652.7,1.88,0,43.3,7.11
R45,BUS003,1,6,19,1,0,19.3,2409.0,0.2,0,44.5,8.35
R27C,BUS003,1,3,16,0,0,24.0,2280.0,1.36,0,34.9,7.41
R27A,BUS001,3,3,14,0,0,22.8,2053.2,1.15,0,28.5,4.99
R26,BUS004,3,3,15,0,0,20.4,1645.6,1.87,0,64.5,6.14
R57,BUS001,2,3,17,0,1,13.6,1615.5,5.1,1,58.2,9.68
R27A,BUS004,2,3,20,0,1,8.5,1981.1,4.5,0,78.6,16.0
R27C,BUS002,2,4,6,0,0,21.3,1595.0,1.98,0,18.6,6.02
R45,BUS004,1,1,21,0,0,8.6,2229.5,0.4,0,30.4,16.25
R27A,BUS003,3,0,14,0,0,22.4,1514.1,0.92,1,22.7,5.43
R26,BUS002,1,6,7,1,0,28.6,1290.5,0.62,0,29.6,2.47
R57,BUS005,3,3,10,0,1,12.3,1895.2,4.93,1,74.6,12.07
R45,BUS002,2,2,14,0,0,16.8,2324.4,1.27,2,27.6,10.65
R26,BUS005,1,0,14,0,0,23.9,1507.3,0.82,1,39.5,4.13
R45,BUS001,2,5,16,1,0,34.6,2373.6,0.6,0,17.5,4.0
R27C,BUS003,2,4,17,0,1,12.8,2932.1,4.88,1,87.8,15.87
R26,BUS004,1,4,15,0,0,16.4,1791.1,1.59,0,35.7,7.25
R27A,BUS002,3,1,17,0,1,8.6,1540.6,4.91,1,53.0,14.06
R27C,BUS001,1,5,22,1,0,37.3,1969.3,1.55,0,52.1,3.15
R45,BUS003,1,0,6,0,0,23.9,2812.9,0.48,2,47.2,8.86
R27A,BUS003,3,5,20,1,0,22.1,2013.5,1.63,0,29.7,5.89
R57,BUS004,3,4,15,0,0,22.1,2093.3,1.05,0,27.4,4.44
R57,BUS001,2,1,18,0,1,9.1,1370.2,5.04,0,80.6,10.47
R57,BUS002,2,3,13,0,0,26.5,1856.6,1.86,0,14.9,4.66
R27A,BUS004,3,0,17,0,1,14.2,1637.0,5.94,0,79.2,10.17
R26,BUS001,3,2,22,0,0,19.8,1818.1,2.55,1,13.9,7.11
R27A,BUS002,1,6,9,1,0,26.9,1021.5,2.1,0,21.0,4.13
R45,BUS003,2,6,7,1,0,17.2,2707.7,2.21,0,35.0,9.93
R45,BUS005,1,5,20,1,0,33.9,2727.4,1.37,0,34.4,4.52
R26,BUS005,1,1,13,0,0,16.3,1796.9,0.96,0,33.2,6.83
R45,BUS001,1,1,5,0,0,20.6,2960.5,0.16,0,52.5,9.23
R27C,BUS003,2,4,16,0,0,15.5,2858.7,1.64,0,39.8,11.93
R27A,BUS005,2,6,14,1,0,18.4,1816.2,1.34,0,34.2,6.6
R57,BUS005,2,5,20,1,0,24.3,1253.1,2.06,0,22.8,4.36
R45,BUS003,2,6,6,1,0,29.2,2374.3,2.09,0,23.6,4.99
R57,BUS004,1,4,13,0,0,26.7,2094.8,1.42,0,41.2,5.09
R27A,BUS001,1,0,19,0,1,17.1,1282.8,4.05,0,34.8,5.56
R27C,BUS001,1,2,6,0,0,27.3,2949.5,2.38,0,32.7,7.93
R27C,BUS001,2,2,17,0,1,9.8,3087.5,6.55,0,42.4,21.01
R27A,BUS002,2,5,8,1,0,30.9,2078.1,2.83,0,21.2,4.8
R27C,BUS004,1,1,15,0,0,23.0,2764.3,1.5,0,60.7,7.43
R45,BUS003,1,1,17,0,1,17.8,2188.3,5.8,0,73.2,9.0
R26,BUS005,3,1,19,0,1,14.6,1473.2,7.12,1,72.1,10.79
R27C,BUS003,2,2,7,0,0,17.4,2273.5,2.27,0,27.4,8.86
R27A,BUS005,3,2,20,0,1,13.9,1690.0,5.16,0,63.1,8.5
R57,BUS004,2,1,16,0,0,16.0,1658.9,3.08,0,11.2,7.59
R27A,BUS005,2,1,17,0,1,16.3,1641.7,5.28,0,34.9,8.88
R27A,BUS001,1,1,8,0,1,13.6,1730.3,4.78,0,53.1,10.03
R27A,BUS004,1,6,6,1,0,24.9,1672.4,2.27,0,40.5,5.9
R45,BUS002,1,3,13,0,0,22.0,2866.0,2.67,1,40.6,9.49
R27A,BUS001,2,0,7,0,0,26.3,1578.9,0.65,0,17.3,4.46
R26,BUS005,1,5,19,1,0,25.6,1937.1,3.22,0,24.2,5.44
R45,BUS002,2,2,19,0,1,17.2,2685.5,5.85,0,64.9,12.26
R27C,BUS004,2,4,21,0,0,22.4,2695.7,0.87,2,9.1,9.69
R26,BUS005,3,1,15,0,0,17.9,1274.0,0.43,1,13.0,5.58
R27A,BUS005,3,2,7,0,0,16.0,2150.6,2.06,0,27.2,8.84
R27C,BUS004,2,3,8,0,1,19.7,2795.5,4.61,0,75.1,10.51
R27A,BUS005,3,4,9,0,1,17.7,2043.8,4.98,1,48.2,9.58
R26,BUS005,1,2,10,0,1,3.2,1347.5,3.52,0,87.7,26.32
R57,BUS005,3,4,19,0,1,10.6,1492.4,3.7,0,63.0,10.64
R26,BUS001,2,3,22,0,0,19.0,1899.9,2.11,0,19.9,6.93
R27C,BUS001,1,0,18,0,1,16.0,1898.0,4.27,1,58.6,10.88
R27A,BUS004,3,3,5,0,0,17.6,1159.1,2.22,0,26.4,5.27
R27C,BUS003,1,1,11,0,0,15.9,3115.6,0.42,0,23.8,12.1
R45,BUS003,2,1,18,0,1,3.2,2250.2,5.68,0,65.7,44.24
R27C,BUS002,1,4,18,0,1,11.9,2706.5,4.19,0,69.8,14.42
R27C,BUS003,1,0,12,0,0,11.7,2731.0,0.77,0,36.9,14.32
R27A,BUS001,3,0,10,0,1,17.5,1531.3,5.0,0,65.0,7.64
R26,BUS003,3,3,18,0,1,8.5,1856.4,5.09,0,51.6,15.78
R27C,BUS001,1,4,5,0,0,24.6,2895.3,1.68,0,42.5,7.89
R57,BUS003,1,5,7,1,0,25.9,1767.3,0.44,2,47.8,5.9
R27A,BUS002,2,4,14,0,0,23.4,1781.8,1.53,1,27.0,6.54
R27C,BUS002,2,0,15,0,0,16.7,2762.9,0.42,1,34.8,11.08
R26,BUS003,2,3,22,0,0,28.9,1688.7,0.51,0,5.9,4.51
R45,BUS004,1,3,9,0,1,12.9,2195.4,3.61,1,70.4,11.92
R26,BUS002,1,3,7,0,0,17.8,1510.5,1.32,0,52.9,5.54
R45,BUS004,2,6,22,1,0,26.8,2288.1,0.0,0,33.7,5.07
R27A,BUS003,3,6,8,1,0,26.0,1472.3,3.47,0,35.8,4.78
R45,BUS002,1,2,11,0,0,25.5,2950.3,1.34,0,32.7,8.44
R57,BUS004,1,6,11,1,0,28.5,1668.0,0.0,0,68.5,3.25
R57,BUS002,2,6,6,1,0,30.4,1143.2,1.2,1,12.1,3.24
R27A,BUS003,2,4,11,0,0,15.2,1885.0,1.17,0,21.7,7.21
R45,BUS001,1,5,15,1,0,19.0,2800.8,1.58,1,43.3,9.77
R57,BUS001,1,6,16,1,0,23.6,1718.6,2.99,0,14.8,5.78
R27C,BUS003,1,1,7,0,0,18.8,3024.7,0.51,0,40.8,10.59
R45,BUS005,1,4,21,0,0,21.8,2440.7,2.34,0,39.3,6.49
R26,BUS004,1,1,19,0,1,12.2,1780.2,3.15,0,67.6,10.39
R45,BUS004,1,0,7,0,0,27.0,2705.5,0.75,0,36.0,7.27
R27A,BUS001,3,6,9,1,0,17.8,1889.3,0.78,0,36.7,6.18
R57,BUS001,3,2,8,0,1,8.9,1730.7,5.16,0,56.9,13.35
R27C,BUS004,1,3,7,0,0,18.7,2836.5,1.4,0,35.9,9.64
R45,BUS001,2,2,20,0,1,13.1,2593.8,5.24,0,79.2,14.09
R57,BUS001,1,0,17,0,1,17.9,1718.6,5.56,0,75.4,8.52
R27C,BUS005,2,5,18,1,0,28.9,2867.0,1.24,0,32.4,6.65
R27C,BUS004,2,3,16,0,0,27.5,2396.4,1.15,0,19.3,5.69
R27C,BUS002,2,0,20,0,1,7.3,2465.0,4.83,0,69.8,21.9
R27A,BUS001,3,2,19,0,1,8.2,1585.7,6.12,1,61.7,14.74
R45,BUS004,1,4,9,0,1,8.1,2431.0,5.79,0,87.6,19.53
R27A,BUS003,3,3,8,0,1,20.5,1057.0,4.94,0,64.5,5.72
R57,BUS001,2,0,17,0,1,16.1,1717.5,6.3,0,74.8,8.22
R26,BUS004,1,4,11,0,0,28.6,1583.9,1.33,0,51.2,3.39
R45,BUS001,2,0,11,0,0,15.8,2470.2,0.98,0,28.9,9.92
R57,BUS004,3,1,11,0,0,23.1,1436.0,0.0,0,37.1,4.35
R57,BUS004,2,2,16,0,0,21.0,2022.2,0.78,0,36.9,5.45
R26,BUS002,3,2,21,0,0,15.3,1735.3,1.78,0,48.0,7.45
R26,BUS002,1,1,16,0,0,18.6,1103.0,1.53,0,29.7,4.7
R45,BUS005,1,4,12,0,0,22.2,3105.5,0.67,2,16.8,10.37
R45,BUS001,2,3,5,0,0,23.2,2206.7,2.69,1,29.3,7.79
R27C,BUS004,2,6,16,1,0,21.3,2735.6,1.21,0,43.9,7.96
R27C,BUS004,1,5,8,1,0,21.8,2198.5,1.96,0,19.7,7.93
R57,BUS004,2,2,19,0,1,13.9,1671.0,6.87,0,64.1,9.13
R26,BUS003,3,6,21,1,0,25.6,1587.0,0.69,0,39.7,4.23
R57,BUS004,1,3,8,0,1,14.7,1768.2,5.14,0,71.5,10.14
R27A,BUS004,1,0,11,0,0,24.8,1998.1,2.96,0,53.4,5.75
R57,BUS004,3,0,18,0,1,18.6,1448.2,5.39,1,81.3,6.68
R27A,BUS004,3,6,19,1,0,26.7,1678.1,0.0,0,45.1,4.32
R45,BUS003,2,4,8,0,1,5.3,2048.5,3.55,1,44.8,26.17
R27C,BUS005,2,5,18,1,0,25.4,2024.8,1.81,1,29.0,6.01
R57,BUS003,2,6,13,1,0,23.6,1645.9,1.22,1,38.5,6.45
R45,BUS003,1,2,10,0,1,13.8,2705.5,5.2,0,63.9,13.92
R57,BUS002,3,5,20,1,0,25.3,1488.7,2.23,0,41.9,4.71
R45,BUS004,1,3,5,0,0,23.7,2756.5,1.12,0,24.7,8.11
R26,BUS002,2,3,11,0,0,27.1,1903.0,2.21,0,5.0,4.52
R26,BUS002,2,4,20,0,1,18.5,2046.2,4.89,0,47.0,8.57
R27A,BUS003,1,6,11,1,0,30.5,1983.4,0.89,0,31.6,3.85
R26,BUS004,2,6,18,1,0,32.1,2164.3,1.48,1,43.4,5.7
R27A,BUS001,3,5,11,1,0,25.3,1681.4,2.75,0,17.8,3.43
R27C,BUS004,2,5,13,1,0,22.9,2803.7,1.51,0,47.2,7.99
R45,BUS002,1,5,19,1,0,25.4,2825.9,0.76,0,41.1,7.01
R57,BUS003,1,3,12,0,0,20.3,2111.7,2.19,0,52.7,6.82
R26,BUS003,1,1,21,0,0,14.3,1588.7,0.46,0,34.6,5.7
R45,BUS003,1,6,13,1,0,25.2,2158.8,0.89,0,42.9,5.3
R45,BUS004,1,3,9,0,1,7.1,2373.5,4.8,1,57.1,22.96
R27C,BUS001,1,4,19,0,1,13.4,1979.5,4.58,1,46.4,11.08
R27C,BUS002,1,4,16,0,0,24.3,2422.7,2.88,1,5.0,7.37
R57,BUS005,2,2,12,0,0,12.7,1802.3,0.84,1,39.7,9.45
R27A,BUS004,2,2,18,0,1,19.0,1684.6,5.16,0,79.4,8.31
R57,BUS004,1,1,18,0,1,18.6,1383.0,4.72,0,32.1,5.87
R45,BUS002,2,6,18,1,0,20.4,2780.8,2.14,0,41.5,8.32
R45,BUS001,2,6,11,1,0,31.1,3059.5,0.43,0,38.7,6.5
R57,BUS002,3,1,15,0,0,22.3,1929.9,1.1,0,34.0,4.95
R27C,BUS002,2,5,22,1,0,23.6,2562.4,1.39,1,38.1,8.2
R27A,BUS004,1,3,13,0,0,18.8,1801.6,2.46,0,20.4,7.3
R27A,BUS004,3,3,12,0,0,20.6,1880.6,1.56,0,37.9,5.89
R27C,BUS003,2,0,5,0,0,20.0,1894.7,1.76,1,41.9,6.86
R26,BUS005,1,6,18,1,0,29.3,1524.1,0.53,0,22.5,2.88
R26,BUS003,2,0,11,0,0,18.8,2493.2,1.86,0,34.1,8.82
R26,BUS002,2,5,18,1,0,29.6,1685.1,1.89,0,35.3,3.72
R45,BUS004,1,6,12,1,0,27.6,2942.1,1.19,0,22.3,7.16
R45,BUS003,2,4,9,0,1,16.8,2750.1,5.06,0,71.0,11.74
R26,BUS005,1,4,5,0,0,24.5,1583.7,1.77,1,58.0,4.25
R45,BUS003,1,6,11,1,0,25.4,3068.5,1.32,0,14.3,7.2
R27C,BUS001,1,1,19,0,1,6.2,2661.3,5.44,2,59.8,29.22
R27C,BUS002,1,6,16,1,0,36.0,2933.1,1.0,1,43.9,5.94
R45,BUS004,2,2,6,0,0,25.6,2489.5,2.74,0,31.7,8.24
R27C,BUS002,2,0,8,0,1,9.0,2493.0,5.75,0,63.1,18.61
R57,BUS004,1,0,11,0,0,14.3,1821.7,1.8,0,53.3,9.71
R27C,BUS004,1,4,20,0,1,9.4,2384.1,5.33,0,74.2,16.87
R57,BUS005,3,6,22,1,0,35.0,1252.0,1.66,0,29.7,3.34
R27C,BUS004,1,6,19,1,0,29.2,2956.1,2.41,0,24.4,7.15
R57,BUS002,3,5,13,1,0,28.4,2012.9,1.51,0,36.5,4.77
R26,BUS001,1,6,14,1,0,20.1,1605.3,0.27,1,25.8,5.77
R57,BUS005,3,0,8,0,1,9.2,1766.5,3.32,0,68.4,12.9
R27A,BUS002,3,4,22,0,0,27.3,1970.7,0.66,0,28.7,4.39
R27A,BUS002,3,6,20,1,0,26.3,1270.9,0.33,0,27.0,3.44
R27A,BUS005,3,6,21,1,0,28.0,1247.6,1.14,0,22.4,3.15
R45,BUS004,2,4,12,0,0,11.7,2266.0,1.92,0,36.8,12.18
R27C,BUS001,2,1,16,0,0,12.9,2121.5,0.56,0,36.5,10.11
R27C,BUS005,1,3,18,0,1,15.9,2590.0,4.69,0,73.0,12.26
R27A,BUS002,2,6,8,1,0,22.2,1542.5,1.44,1,53.0,5.64
R45,BUS001,1,2,15,0,0,12.8,2425.6,3.34,0,20.5,12.85
R57,BUS004,3,5,19,1,0,24.1,1753.2,1.33,0,13.7,4.27
R26,BUS002,3,0,10,0,1,4.4,2210.1,5.17,0,74.1,31.54
R45,BUS003,2,3,6,0,0,21.0,2526.6,0.57,0,18.8,7.48
R45,BUS003,2,4,11,0,0,20.2,2443.5,1.25,2,51.5,8.42
R27A,BUS002,3,6,6,1,0,21.5,1682.5,1.49,0,48.9,5.03
R27A,BUS005,3,3,13,0,0,22.1,1280.7,0.61,0,33.4,4.2
R26,BUS002,1,2,11,0,0,28.5,1771.0,1.15,0,39.6,4.82
R45,BUS005,2,3,18,0,1,6.4,2789.4,5.44,0,61.0,28.08
R57,BUS002,2,0,6,0,0,16.8,1833.3,1.91,0,36.8,6.93
R26,BUS001,3,2,18,0,1,19.1,1438.5,4.08,0,42.0,6.2
R27A,BUS005,2,1,11,0,0,16.4,1612.7,0.11,0,5.0,6.42
R45,BUS001,2,6,6,1,0,20.3,2456.8,0.78,0,55.0,7.95
R57,BUS004,1,3,10,0,1,12.1,1873.5,5.09,0,70.4,10.29
R26,BUS002,2,6,20,1,0,28.2,1307.5,0.96,0,10.1,3.85
R45,BUS005,1,1,10,0,1,13.4,2799.4,4.32,1,40.3,14.31
R26,BUS001,3,1,18,0,1,20.3,2143.2,4.49,1,68.2,8.66
R45,BUS004,2,4,9,0,1,18.9,2932.5,5.21,0,64.4,10.39
R27A,BUS005,1,5,17,1,0,13.8,1592.3,2.11,1,31.1,8.66
R57,BUS001,2,6,11,1,0,23.5,1527.4,2.21,0,22.0,5.05
R27A,BUS002,3,4,18,0,1,17.1,1469.6,3.97,0,61.6,6.93
R45,BUS004,1,0,10,0,1,15.9,2264.6,5.68,0,54.1,11.69
R45,BUS002,2,0,18,0,1,16.4,2337.2,4.2,0,62.9,10.17
R57,BUS005,1,1,16,0,0,14.2,1270.3,2.14,1,34.0,7.56
R27A,BUS002,3,3,20,0,1,16.0,1669.9,4.55,1,56.4,8.77
R45,BUS004,1,5,11,1,0,28.7,3138.4,2.66,0,25.5,7.89
R57,BUS005,1,3,20,0,1,17.1,1385.1,5.82,1,51.9,7.41
R26,BUS002,3,5,15,1,0,30.1,1706.0,3.4,1,17.3,5.24
R26,BUS004,1,5,18,1,0,32.5,1473.8,1.58,0,31.9,2.82
R45,BUS001,2,6,10,1,0,19.2,2034.6,1.72,0,43.8,6.63
R27C,BUS001,2,0,10,0,1,14.9,2236.8,5.33,0,68.4,12.57
R27A,BUS004,2,3,14,0,0,22.2,1720.2,1.79,0,35.6,5.56
R45,BUS004,2,1,10,0,1,16.5,2472.4,6.27,0,98.9,11.92
R27A,BUS005,1,1,9,0,1,7.2,1937.0,5.12,0,41.6,17.81
R45,BUS003,2,1,12,0,0,25.0,2765.1,1.86,0,13.8,6.62
R27A,BUS003,3,4,10,0,1,11.0,1236.5,4.34,1,87.5,8.88
R26,BUS005,2,1,10,0,1,12.4,1944.0,4.46,1,45.6,11.5
R45,BUS004,2,5,18,1,0,20.2,1898.1,0.51,0,28.1,5.26
R27A,BUS003,1,4,13,0,0,21.7,1435.7,1.75,0,35.0,6.08
R57,BUS005,3,2,16,0,0,23.5,1538.3,1.86,1,22.8,5.36
R57,BUS002,3,2,17,0,1,7.4,1990.2,4.74,0,69.6,17.94
R57,BUS004,2,0,10,0,1,11.8,1776.7,5.43,0,64.6,12.4
R27C,BUS002,1,6,11,1,0,29.6,2722.1,2.0,0,29.3,5.75
R45,BUS005,1,2,18,0,1,17.0,2088.8,4.84,1,78.7,9.61
R57,BUS003,3,0,13,0,0,22.4,1060.0,0.49,0,28.7,3.48
R27A,BUS001,3,0,16,0,0,14.7,1872.6,2.26,0,47.7,9.1
R57,BUS003,3,0,21,0,0,27.2,1082.0,2.25,0,23.9,2.97
R57,BUS001,2,4,17,0,1,12.7,1847.0,4.52,1,87.7,10.93
R27A,BUS002,2,6,15,1,0,25.6,1999.7,2.02,0,12.7,6.61
R57,BUS001,1,4,13,0,0,13.2,1927.6,1.33,1,50.3,9.18
R45,BUS005,1,0,7,0,0,21.9,2626.4,1.41,0,39.7,8.18
R27C,BUS004,1,5,11,1,0,22.7,2454.2,2.49,0,48.7,7.05
R27C,BUS001,2,1,21,0,0,10.3,2504.3,1.97,0,38.0,14.97
R27A,BUS001,3,6,13,1,0,24.3,1943.6,2.17,0,33.1,5.38
R26,BUS002,2,3,15,0,0,22.8,1703.0,1.09,0,66.4,4.93
R45,BUS001,2,0,13,0,0,23.4,2413.4,2.44,1,61.3,8.79
R45,BUS005,1,1,8,0,1,7.7,2439.1,5.5,0,54.3,21.25
R45,BUS005,2,4,8,0,1,8.8,2201.5,3.38,1,73.5,16.29
R45,BUS001,1,4,8,0,1,13.5,2049.9,3.11,0,55.5,9.65
R57,BUS002,1,5,17,1,0,21.1,1520.2,1.7,0,27.1,4.2
R27A,BUS002,3,0,19,0,1,14.3,1650.8,5.12,1,83.1,9.4
R27A,BUS004,3,4,15,0,0,11.7,2060.4,2.18,0,34.1,11.36
R27C,BUS004,2,2,19,0,1,12.1,1847.3,5.87,0,43.3,11.92
R26,BUS002,2,2,18,0,1,12.2,2415.2,3.78,1,73.9,14.18
R57,BUS005,2,6,10,1,0,28.2,1997.2,0.99,0,5.0,4.85
R45,BUS001,2,3,8,0,1,10.9,2798.0,6.07,0,33.1,18.08
R45,BUS004,1,6,14,1,0,16.2,2785.0,2.4,0,53.6,11.41
R57,BUS001,1,5,22,1,0,22.3,1988.4,2.21,1,40.3,7.04
R45,BUS004,1,2,12,0,0,24.3,3055.2,1.31,2,47.4,9.45
R57,BUS002,1,5,16,1,0,20.3,1470.3,0.0,0,57.6,4.19
R57,BUS005,2,1,14,0,0,15.6,1594.6,1.81,0,13.5,6.19
R26,BUS003,3,5,5,1,0,30.5,2005.1,1.3,0,32.3,5.41
R57,BUS003,3,4,16,0,0,15.5,1242.2,1.59,0,5.0,5.94
R26,BUS002,1,3,13,0,0,15.6,1715.6,2.75,1,23.3,8.25
R57,BUS004,2,6,21,1,0,28.6,1807.3,1.62,0,36.3,5.08
R27A,BUS002,2,0,15,0,0,14.5,2028.2,1.33,0,52.9,8.25
R45,BUS002,1,6,5,1,0,21.2,2300.7,2.09,0,24.8,8.02
R45,BUS001,1,6,8,1,0,15.7,1766.2,1.74,0,35.9,8.59
R26,BUS004,2,3,22,0,0,18.9,1062.9,1.36,2,44.2,5.71
R26,BUS001,2,1,20,0,1,3.0,1435.0,4.82,0,37.9,30.73
R27C,BUS001,2,3,15,0,0,12.9,2798.2,1.42,0,33.5,13.17
R26,BUS005,1,6,10,1,0,25.0,1802.8,1.17,0,24.4,4.71
R45,BUS001,1,1,20,0,1,8.9,2468.2,5.2,0,44.0,18.49
R27A,BUS004,3,4,7,0,0,14.0,1348.2,0.4,0,42.5,6.66
R27A,BUS002,3,6,20,1,0,15.6,1843.8,2.7,1,43.6,7.55
R27C,BUS004,2,4,20,0,1,12.0,2345.7,4.82,0,87.1,13.36
R27A,BUS002,2,6,15,1,0,22.6,1968.4,2.73,0,19.1,5.64
R27A,BUS005,2,5,9,1,0,27.2,1368.2,1.15,0,51.7,3.89
R45,BUS005,1,3,7,0,0,24.3,2387.6,1.34,1,59.9,7.52
R27A,BUS005,2,5,14,1,0,30.2,1747.4,1.22,0,10.0,3.2
R45,BUS005,1,5,16,1,0,20.8,2041.1,2.32,0,56.0,7.19
R57,BUS002,3,3,20,0,1,18.1,1884.7,4.9,0,41.9,8.43
R45,BUS002,1,5,16,1,0,41.6,2862.3,0.0,0,61.3,3.28
R26,BUS004,2,4,15,0,0,23.9,1274.0,0.33,0,23.9,3.06
R27A,BUS005,1,3,14,0,0,12.2,1638.3,0.9,0,34.2,8.08
R26,BUS004,2,3,9,0,1,16.0,1570.7,4.93,0,56.3,7.4
R45,BUS001,2,1,12,0,0,12.5,2284.2,0.57,1,36.5,10.9
R45,BUS003,1,5,18,1,0,27.8,1735.1,0.16,0,62.3,2.53
R27A,BUS005,3,4,18,0,1,8.0,1240.6,5.02,0,92.5,11.32
R45,BUS004,2,2,16,0,0,9.7,2235.4,2.61,0,48.1,14.14
R26,BUS003,1,2,6,0,0,20.2,1754.1,2.19,0,54.3,6.33
R27C,BUS002,2,5,21,1,0,20.9,1646.7,1.86,0,49.2,4.58
R45,BUS004,1,2,20,0,1,16.3,2381.0,6.96,2,31.6,14.22
R27A,BUS003,2,3,13,0,0,23.7,1728.4,0.44,0,58.2,3.85
R27A,BUS005,3,3,22,0,0,18.9,1987.3,2.15,0,13.9,6.97
R26,BUS001,2,4,17,0,1,11.3,1826.1,5.63,0,57.2,12.41
R26,BUS003,1,4,8,0,1,12.0,1345.8,4.49,0,34.4,7.12
R45,BUS004,2,0,13,0,0,30.5,3103.1,2.68,0,17.5,7.36
R27A,BUS005,2,1,18,0,1,11.4,1499.1,6.25,0,54.0,11.78
R26,BUS002,2,5,5,1,0,29.9,1610.7,1.7,0,36.2,4.71
R57,BUS004,2,4,7,0,0,18.8,1637.0,0.23,0,31.8,6.11
R57,BUS004,2,2,19,0,1,14.6,1646.7,4.61,0,61.2,8.32
R27C,BUS003,1,0,22,0,0,17.6,3107.0,1.61,0,37.2,10.77
R27A,BUS003,1,0,6,0,0,29.7,1554.0,0.88,0,66.0,3.27
R57,BUS005,3,6,5,1,0,32.2,1563.6,1.71,0,41.0,3.35
R57,BUS002,3,5,10,1,0,24.7,1744.5,0.71,0,10.3,4.27
R45,BUS001,1,3,13,0,0,24.2,2638.7,2.35,0,5.0,7.0
R45,BUS003,1,0,21,0,0,10.5,2890.7,1.76,0,34.1,16.97
R45,BUS002,1,3,20,0,1,15.9,2567.4,3.84,0,57.3,11.36
R27A,BUS003,3,1,13,0,0,11.3,1829.6,0.7,0,40.2,10.3
R27A,BUS002,3,6,22,1,0,26.6,1842.1,0.68,0,28.8,4.59
R27A,BUS004,2,4,18,0,1,10.7,1893.0,5.44,0,66.0,12.4
R27A,BUS002,1,4,14,0,0,22.1,1323.2,2.48,2,27.0,6.57
R57,BUS003,1,4,5,0,0,5.8,1493.1,1.57,1,36.6,17.79
R27A,BUS004,1,1,9,0,1,7.9,1822.4,3.96,0,54.9,15.87
R57,BUS005,1,6,10,1,0,28.2,1762.7,1.25,0,49.1,4.04
R26,BUS004,1,4,21,0,0,15.5,2028.6,1.94,0,22.5,9.25
R45,BUS004,2,2,11,0,0,15.8,2526.9,2.16,0,30.0,10.57
R57,BUS001,3,2,13,0,0,17.5,1013.6,1.92,0,20.3,5.08
R45,BUS005,2,0,8,0,1,9.5,2588.1,5.84,0,83.0,19.12
R27C,BUS001,2,0,19,0,1,6.3,2641.7,5.03,1,72.4,26.76
R45,BUS005,2,5,14,1,0,30.6,2604.5,0.89,0,43.4,5.82
R45,BUS001,2,1,18,0,1,15.0,2487.3,6.43,0,78.6,13.22
R45,BUS002,1,4,6,0,0,19.1,1625.7,1.88,0,41.0,5.52
R45,BUS003,1,6,7,1,0,29.4,2567.3,2.66,0,15.1,6.36
R45,BUS003,1,3,19,0,1,18.6,2178.1,4.53,1,67.2,9.43
R45,BUS002,2,2,14,0,0,17.8,2340.9,0.35,0,11.7,7.5
R27A,BUS001,1,6,10,1,0,27.9,1606.2,1.88,1,28.8,4.47
R45,BUS003,2,1,5,0,0,22.4,2923.6,2.31,0,38.5,8.3
R45,BUS003,1,5,21,1,0,29.2,2181.7,1.28,0,49.7,4.46
R27A,BUS004,1,3,21,0,0,16.9,1771.6,1.05,0,17.6,6.88
R27C,BUS002,1,1,22,0,0,14.3,2313.6,1.8,0,44.0,10.94
R27C,BUS004,2,4,14,0,0,13.1,2975.1,2.66,0,24.9,14.86
R26,BUS001,3,4,12,0,0,19.2,2255.8,0.86,0,13.5,7.57
R27A,BUS001,2,2,5,0,0,20.3,1469.8,1.33,0,53.6,6.35
R57,BUS004,3,5,12,1,0,32.2,1693.9,4.01,0,22.7,4.71
R45,BUS005,1,6,19,1,0,27.4,2066.2,2.02,0,35.4,5.13
R26,BUS005,1,1,18,0,1,13.7,1216.1,4.78,0,84.2,7.07
R45,BUS005,1,2,11,0,0,17.3,2091.0,1.65,1,18.2,9.27
R27A,BUS001,3,2,19,0,1,7.4,1651.2,3.98,1,63.0,15.91
R27C,BUS003,1,3,12,0,0,20.8,2428.6,2.66,2,11.9,9.29
R26,BUS004,2,4,7,0,0,20.6,1625.1,1.78,1,40.1,6.33
R57,BUS001,1,0,6,0,0,20.8,2241.1,0.81,0,40.1,7.42
R27C,BUS003,2,3,18,0,1,9.2,3118.3,5.71,0,53.1,23.2
R26,BUS001,2,5,22,1,0,31.3,1624.8,0.88,1,51.5,5.21
R45,BUS005,2,2,16,0,0,10.2,2414.3,1.71,0,52.7,14.26
R26,BUS003,1,0,22,0,0,24.1,2013.9,1.78,0,35.4,6.07
R27A,BUS003,1,1,22,0,0,21.9,1717.2,1.28,2,31.3,7.04
R26,BUS001,2,2,16,0,0,22.9,1873.8,0.0,1,33.4,4.67
R57,BUS005,3,1,20,0,1,13.5,1446.2,5.45,0,67.1,8.26
R27C,BUS003,2,4,8,0,1,12.2,2455.6,5.49,0,58.9,14.27
R57,BUS002,2,3,13,0,0,18.7,1111.5,1.45,0,35.6,5.06
R45,BUS004,1,2,12,0,0,12.6,2455.9,0.27,0,23.4,11.39
R27C,BUS001,2,5,12,1,0,23.1,2409.0,1.9,0,47.1,7.91
R45,BUS002,1,1,9,0,1,13.9,2609.4,5.54,1,67.4,15.83
R57,BUS002,3,0,20,0,1,7.9,1929.4,3.96,0,59.4,15.82
R27C,BUS001,2,2,8,0,1,12.3,2323.2,5.76,0,62.8,13.21
R57,BUS005,3,4,6,0,0,20.8,1862.6,0.86,0,59.6,6.48
R45,BUS005,2,1,12,0,0,15.1,2304.1,2.27,0,27.7,10.35
R57,BUS005,1,3,19,0,1,14.6,1504.6,5.73,1,75.5,9.23
R57,BUS004,1,0,20,0,1,13.6,1872.4,4.42,0,90.8,9.7
R26,BUS001,1,4,22,0,0,23.0,1618.7,2.71,0,49.4,4.76
R57,BUS001,3,2,11,0,0,9.4,1682.8,1.35,1,5.0,11.54
R27A,BUS005,1,6,8,1,0,31.6,2099.0,1.74,1,32.1,5.02
R45,BUS004,2,4,22,0,0,20.9,2212.0,1.59,0,14.2,7.04
R57,BUS004,1,0,18,0,1,13.4,1581.4,5.98,0,95.8,8.29
R57,BUS005,3,0,7,0,0,23.8,1375.2,1.67,0,50.0,4.38
R45,BUS004,1,4,18,0,1,3.6,2904.8,4.12,0,68.6,50.83
R27C,BUS003,1,2,19,0,1,11.7,3072.9,5.26,0,81.9,18.09
R27A,BUS004,2,4,17,0,1,16.8,1528.2,4.77,0,58.3,5.92
R57,BUS001,1,5,19,1,0,29.2,1690.9,1.7,0,40.2,3.76
R26,BUS005,2,3,16,0,0,23.0,1674.8,1.36,2,5.0,7.13
R27A,BUS005,3,4,6,0,0,17.8,1989.2,0.21,0,49.7,6.98
R27A,BUS002,2,2,22,0,0,11.3,1609.6,2.82,0,40.0,8.84
R26,BUS002,1,2,15,0,0,25.5,1601.5,2.72,0,60.9,5.3
R27C,BUS005,2,4,14,0,0,18.3,2532.9,1.89,1,26.5,9.07
R26,BUS003,1,5,9,1,0,31.8,1807.4,1.56,0,50.8,4.55
R45,BUS004,2,5,5,1,0,34.7,2178.0,0.83,1,51.4,4.83
R27C,BUS001,1,3,8,0,1,13.7,1623.0,4.69,0,65.7,7.9
R27A,BUS002,3,1,8,0,1,16.4,1806.1,4.42,0,58.7,9.01
R27A,BUS003,3,4,18,0,1,11.3,2014.2,5.42,0,87.1,12.58
R26,BUS004,1,2,13,0,0,23.3,1954.5,0.13,0,32.5,5.14
R45,BUS001,2,1,20,0,1,14.5,2927.9,5.22,0,67.4,13.78
R26,BUS002,2,3,5,0,0,19.0,1274.5,2.69,2,48.9,6.32
R45,BUS001,2,6,14,1,0,29.0,3429.2,2.72,0,25.1,7.88
R57,BUS001,3,3,19,0,1,19.3,1857.5,6.31,0,61.8,7.62
R27C,BUS004,1,1,22,0,0,16.0,2763.7,1.28,0,45.4,11.66
R27A,BUS005,1,0,13,0,0,11.5,1603.7,1.2,1,22.7,10.7
R27C,BUS004,2,5,7,1,0,27.7,2794.2,1.97,0,23.3,7.47
R45,BUS001,1,5,9,1,0,21.8,2963.3,0.73,1,50.8,9.36
R26,BUS005,2,2,22,0,0,15.0,1689.5,2.29,0,50.0,7.39
R27A,BUS003,3,6,16,1,0,19.4,1633.4,0.72,2,9.4,6.86
R57,BUS003,1,3,5,0,0,22.2,2313.6,3.17,0,40.5,7.97
R27C,BUS001,1,3,21,0,0,13.4,2471.2,0.76,0,70.0,10.67
R57,BUS001,2,1,19,0,1,12.0,2166.6,5.28,0,73.9,13.11
R45,BUS005,2,1,5,0,0,17.9,2560.8,1.97,0,45.5,9.73
R26,BUS001,3,4,16,0,0,22.6,1687.0,2.33,0,21.3,6.1
R45,BUS001,1,0,15,0,0,18.9,2134.4,1.29,0,53.4,6.84
R27C,BUS002,2,6,20,1,0,24.8,3475.8,0.91,0,29.1,8.8
R26,BUS004,2,4,13,0,0,19.9,1781.7,2.02,0,32.2,6.04
R27C,BUS002,2,1,5,0,0,19.3,2309.1,1.37,0,45.1,8.53
R27C,BUS005,1,6,22,1,0,25.1,1916.3,0.0,0,15.5,5.61
R26,BUS002,3,4,7,0,0,17.0,1658.6,0.56,0,20.3,6.2
R45,BUS003,2,0,11,0,0,20.4,2275.6,1.92,0,23.4,6.78
R57,BUS003,3,3,19,0,1,14.3,1672.8,4.43,0,60.6,8.92
R27C,BUS002,2,1,15,0,0,15.7,2832.5,1.04,0,18.1,10.45
R27A,BUS002,1,6,20,1,0,23.6,1663.2,2.37,1,35.4,5.54
R26,BUS001,2,3,9,0,1,15.0,1469.3,4.59,1,43.7,7.91
R26,BUS004,1,1,22,0,0,13.8,1705.9,0.86,2,31.3,9.43
R45,BUS003,2,3,7,0,0,20.0,2665.3,1.2,0,47.7,8.68
R27C,BUS003,2,6,7,1,0,28.2,2528.7,1.51,0,49.5,7.14
R57,BUS002,3,3,15,0,0,21.5,1851.8,2.84,0,42.8,6.61
R45,BUS001,1,2,22,0,0,12.6,2073.5,1.42,2,38.6,12.42
R45,BUS002,1,6,14,1,0,27.3,2284.3,1.85,0,18.3,5.37
R27C,BUS001,2,6,13,1,0,17.4,2148.1,1.06,0,33.0,7.55
R45,BUS005,2,6,12,1,0,25.9,2129.5,0.0,0,33.3,5.53
R27C,BUS003,2,0,16,0,0,13.3,3500.0,1.18,1,20.3,16.73
R27C,BUS004,1,6,11,1,0,31.9,2408.8,1.75,0,35.1,5.2
R26,BUS002,2,6,7,1,0,18.1,1419.9,1.13,0,35.6,5.1
R27C,BUS002,1,6,22,1,0,32.0,3293.8,2.08,0,42.1,7.5
R45,BUS004,1,5,7,1,0,28.1,2362.9,0.63,0,24.5,6.8
R27A,BUS004,2,2,7,0,0,18.5,2052.9,1.7,0,34.4,7.29
R27C,BUS002,1,3,6,0,0,18.9,3006.8,2.14,0,41.2,9.77
R27A,BUS004,1,5,14,1,0,31.0,1629.2,1.7,1,29.6,3.71
R57,BUS004,3,4,21,0,0,22.7,1587.2,0.74,1,22.8,5.66
R27C,BUS003,2,6,14,1,0,27.0,2585.0,0.77,2,21.6,8.35
R45,BUS004,2,0,7,0,0,20.7,2804.9,0.6,0,36.6,8.22
R26,BUS005,3,5,22,1,0,22.1,1196.8,0.99,0,56.7,4.69
R45,BUS001,2,0,6,0,0,16.2,2306.9,0.79,0,38.8,9.2
R27A,BUS005,1,0,8,0,1,19.3,1770.4,5.07,0,82.7,8.18
R26,BUS004,2,2,12,0,0,21.1,1708.4,0.92,0,21.7,5.39
R27A,BUS004,3,5,5,1,0,31.0,1348.2,1.21,0,43.1,1.97
R26,BUS004,3,0,8,0,1,16.6,1609.6,4.1,0,47.1,7.68
R45,BUS003,1,6,10,1,0,25.6,2603.5,2.4,0,52.9,7.02
R27C,BUS002,2,0,5,0,0,18.1,2577.1,0.83,1,5.0,9.74
R26,BUS005,3,6,18,1,0,23.3,1976.5,2.45,0,43.7,5.21
R26,BUS001,3,2,16,0,0,18.4,1719.7,2.06,0,54.5,6.26
R45,BUS005,1,6,19,1,0,34.4,2947.3,2.52,0,45.7,6.27
R26,BUS002,3,2,6,0,0,17.5,1847.9,0.97,0,46.6,6.72
R26,BUS001,1,5,14,1,0,32.2,1872.6,1.65,0,28.7,4.22
R27A,BUS001,1,4,17,0,1,18.7,1663.2,4.64,0,68.8,7.12
R45,BUS002,2,3,6,0,0,23.4,2085.1,1.11,0,52.4,5.42
R27C,BUS004,2,6,9,1,0,24.8,2652.0,0.22,0,20.9,6.83
R26,BUS003,1,1,8,0,1,13.8,1247.2,6.41,0,72.5,6.46
R26,BUS001,2,2,7,0,0,11.6,2085.6,0.86,0,39.4,10.77
R26,BUS002,1,4,12,0,0,13.7,1171.9,2.44,0,18.9,5.87
R27A,BUS005,3,4,20,0,1,13.2,1742.1,3.24,0,76.0,8.45
R57,BUS005,2,5,19,1,0,18.4,1307.3,0.54,0,33.5,3.64
R27C,BUS001,2,2,22,0,0,32.6,2325.2,1.64,0,37.1,4.17
R27C,BUS003,2,4,13,0,0,30.2,2776.6,1.08,0,28.4,5.12
R57,BUS001,1,6,19,1,0,28.9,1611.9,0.0,1,24.0,4.81
R26,BUS005,3,5,15,1,0,17.8,1583.1,3.72,1,29.4,8.15
R57,BUS004,2,6,17,1,0,24.8,2364.2,0.72,1,26.8,5.67
R27C,BUS001,1,3,10,0,1,8.4,2585.1,5.52,0,64.3,20.95
R57,BUS004,1,4,20,0,1,15.4,1785.1,4.41,0,63.4,7.68
R27A,BUS001,3,6,9,1,0,17.5,1747.9,1.18,0,35.4,6.54
R45,BUS004,2,6,12,1,0,23.6,2437.5,0.55,1,27.3,6.46
R57,BUS002,3,5,22,1,0,21.3,1841.6,2.14,0,28.8,6.83
R27A,BUS004,2,2,9,0,1,12.0,1605.5,5.17,1,70.4,11.06
R27A,BUS002,2,2,7,0,0,14.4,1994.1,3.11,0,35.6,7.94
R45,BUS005,2,6,10,1,0,22.5,2358.5,4.19,1,24.7,8.78
R45,BUS004,1,5,5,1,0,30.8,2140.9,1.67,0,36.5,5.29
R27A,BUS003,2,3,22,0,0,15.6,1794.3,0.0,0,60.3,7.62
R27A,BUS002,1,1,9,0,1,10.7,1523.0,4.27,0,72.4,10.11
R45,BUS002,1,2,13,0,0,17.9,1992.5,0.84,0,42.3,6.39
R27A,BUS001,2,6,19,1,0,28.0,1522.7,1.41,0,17.7,4.85
R45,BUS001,2,1,15,0,0,24.3,2329.7,2.14,0,40.5,5.57
R27A,BUS001,3,3,18,0,1,12.8,1669.4,6.25,0,64.2,10.79
R57,BUS001,2,2,16,0,0,19.4,1825.6,1.61,1,53.8,7.29
R45,BUS005,1,0,22,0,0,21.4,3275.1,1.89,2,40.9,12.24
R57,BUS005,2,6,11,1,0,25.8,1724.6,1.0,0,19.6,3.97
R27A,BUS003,1,3,6,0,0,12.7,1800.2,0.65,0,52.0,8.71
R26,BUS005,3,2,22,0,0,18.2,1617.7,2.29,0,59.6,6.63
R27C,BUS001,2,2,20,0,1,5.5,2915.4,5.67,0,66.8,33.94
R45,BUS002,2,0,10,0,1,11.6,2514.0,5.9,0,62.6,15.85
R27A,BUS003,1,4,20,0,1,15.7,1874.9,4.04,0,66.2,9.28
R26,BUS003,1,2,22,0,0,14.4,1570.3,0.0,0,31.2,7.27
R27C,BUS004,1,3,17,0,1,8.5,2680.8,3.92,0,60.3,21.13
R45,BUS003,1,0,6,0,0,18.0,2170.2,1.3,2,24.9,9.62
R26,BUS002,1,1,20,0,1,8.2,1134.6,4.75,0,69.3,10.0
R27C,BUS002,2,1,18,0,1,9.1,2876.6,5.82,0,39.1,20.44
R26,BUS002,2,5,7,1,0,20.8,1407.1,0.7,0,37.0,3.77
R27C,BUS002,2,4,19,0,1,8.3,2427.3,4.43,1,55.1,19.95
R27A,BUS004,3,3,17,0,1,13.2,2218.2,5.12,0,79.9,12.41
R27A,BUS002,3,4,15,0,0,17.3,1358.9,0.03,0,17.9,5.23
R45,BUS001,2,4,16,0,0,26.2,2547.0,1.5,0,23.2,5.79
R45,BUS001,2,6,20,1,0,33.0,3160.3,1.42,0,42.0,7.41
R57,BUS002,3,0,9,0,1,14.1,1924.5,5.29,1,62.4,10.91
R57,BUS003,1,5,11,1,0,27.4,1398.6,0.0,2,34.4,5.62
R45,BUS002,2,4,19,0,1,11.4,2602.5,5.19,0,36.9,15.63
R26,BUS003,1,2,5,0,0,14.8,1769.8,1.9,1,53.4,9.09
R45,BUS004,1,0,16,0,0,24.9,2995.7,1.07,0,49.1,7.51
R27C,BUS004,2,1,14,0,0,19.8,2730.3,1.37,0,41.4,8.42
R26,BUS002,3,0,15,0,0,27.2,1334.3,2.11,0,27.8,4.01
R45,BUS003,1,0,12,0,0,25.5,2469.3,1.27,0,22.0,4.8
R45,BUS004,1,0,11,0,0,7.0,2684.2,1.4,0,23.9,22.81
R27A,BUS001,2,6,21,1,0,19.1,1851.6,0.66,0,15.1,5.88
R27C,BUS005,2,4,16,0,0,20.7,2135.0,2.72,0,27.0,6.96
R45,BUS005,2,0,17,0,1,16.1,3489.6,4.19,0,84.4,14.38
R26,BUS003,1,2,6,0,0,12.0,1569.0,1.02,0,8.8,8.79
R45,BUS004,2,1,8,0,1,16.7,2182.4,5.78,0,59.8,9.97
R27C,BUS003,1,5,22,1,0,27.1,2322.3,1.84,0,27.5,5.3
R57,BUS004,1,6,9,1,0,38.2,1646.7,2.85,1,14.6,4.94
R45,BUS004,1,2,21,0,0,22.1,2478.9,1.93,0,47.7,7.27
R57,BUS002,1,5,20,1,0,28.2,1713.9,1.78,1,27.3,4.58
R45,BUS004,1,0,19,0,1,20.7,2314.5,4.35,1,73.7,9.26
R26,BUS002,1,3,12,0,0,14.7,1806.8,2.31,0,28.4,8.3
R26,BUS002,2,0,5,0,0,23.6,2118.6,3.33,0,5.0,7.17
R27A,BUS001,2,3,14,0,0,17.1,1845.3,1.82,0,29.8,7.96
R26,BUS005,1,4,19,0,1,10.9,1785.7,5.72,1,67.2,12.97
R27C,BUS001,2,6,19,1,0,25.1,3042.0,0.37,0,49.3,8.07
R27A,BUS005,2,1,13,0,0,21.7,1512.6,1.79,0,50.4,4.53
R27C,BUS003,2,3,17,0,1,16.2,2865.9,4.54,0,59.9,12.62
R26,BUS004,3,2,10,0,1,15.1,1535.4,4.23,0,61.1,7.51
R27C,BUS002,2,6,21,1,0,28.4,2453.3,2.53,0,46.7,6.6
R27A,BUS002,1,1,5,0,0,21.3,1961.9,2.43,0,19.3,6.99
R45,BUS003,2,6,22,1,0,31.8,2412.2,1.87,0,47.8,5.9
R57,BUS005,1,3,14,0,0,24.6,1687.6,1.39,1,29.5,5.74
R26,BUS004,1,4,21,0,0,18.5,1870.0,1.11,0,38.1,6.16
R27C,BUS004,2,5,6,1,0,24.9,2631.6,1.18,0,47.1,6.06
R27C,BUS003,1,2,12,0,0,24.3,2725.5,0.0,0,16.8,6.99
R45,BUS001,2,6,22,1,0,22.4,2654.7,0.98,0,39.9,7.7
R27A,BUS002,3,1,21,0,0,10.7,2386.7,1.57,1,40.4,15.68
R57,BUS003,1,4,19,0,1,8.3,1677.9,5.49,0,85.8,14.0
R26,BUS002,2,5,10,1,0,22.1,1705.2,1.45,1,33.9,5.4
R27A,BUS003,1,1,12,0,0,11.3,1766.9,1.87,0,44.5,9.86
R26,BUS005,3,1,9,0,1,14.8,1394.2,4.1,0,64.1,7.99
R57,BUS005,2,6,12,1,0,22.0,1487.0,1.35,0,59.6,3.88
R26,BUS001,2,2,12,0,0,17.6,1602.6,1.54,0,33.2,5.59
R27C,BUS004,1,4,16,0,0,27.1,2047.7,0.68,2,40.7,7.24
R26,BUS004,2,3,6,0,0,19.7,1740.1,2.27,0,41.2,6.41
R26,BUS001,1,0,9,0,1,17.8,1519.6,4.68,0,55.9,7.07
R27C,BUS005,2,1,15,0,0,23.0,2488.1,1.15,0,60.3,6.68
R45,BUS005,2,5,18,1,0,21.2,2650.8,1.51,1,17.9,9.4
R26,BUS004,3,3,15,0,0,19.3,1769.3,3.01,0,19.2,6.95
R57,BUS002,2,0,8,0,1,13.3,1768.2,4.0,0,69.2,9.6
R27A,BUS005,1,6,5,1,0,22.0,1521.4,1.39,0,40.5,5.46
R26,BUS004,1,1,10,0,1,16.4,1422.3,4.94,0,61.4,7.36
R45,BUS004,1,0,12,0,0,22.9,2888.9,1.04,0,29.1,8.9
R27C,BUS001,1,0,11,0,0,20.7,2593.9,0.62,0,42.4,7.59
R27A,BUS003,1,3,9,0,1,15.3,1670.6,4.74,0,72.8,8.35
R57,BUS002,1,0,7,0,0,15.4,1580.8,1.76,0,40.5,6.87
R27A,BUS003,1,5,13,1,0,15.2,1595.4,0.58,0,39.6,7.57
R57,BUS005,2,4,8,0,1,6.2,1890.8,5.54,0,89.5,21.2
R57,BUS001,2,3,8,0,1,16.3,1870.8,4.79,2,34.8,11.72
R26,BUS003,3,2,12,0,0,16.2,1781.2,1.84,0,33.0,6.98
R26,BUS003,3,4,13,0,0,24.9,1614.0,0.0,0,64.4,4.29
R57,BUS004,1,2,15,0,0,18.4,1618.9,1.39,0,46.7,6.78
R26,BUS002,1,1,22,0,0,17.1,1867.2,1.56,1,51.1,7.67
R27C,BUS004,2,4,16,0,0,17.7,2735.0,1.23,1,42.2,10.73
R57,BUS005,2,1,7,0,0,20.1,2164.0,0.88,0,50.7,6.35
R57,BUS001,2,4,16,0,0,15.9,1533.4,2.07,2,46.7,9.32
R27A,BUS001,3,6,11,1,0,29.1,1634.3,1.99,0,22.5,6.27
R57,BUS005,2,5,12,1,0,20.0,2123.0,1.13,0,43.3,6.48
R45,BUS005,2,5,17,1,0,21.3,2961.5,1.22,0,35.3,9.52
R27A,BUS001,2,1,22,0,0,9.0,1911.5,1.84,1,12.8,14.89
R26,BUS001,2,0,11,0,0,16.7,1436.0,2.09,0,46.8,6.47
R27C,BUS001,2,6,20,1,0,20.6,1887.6,0.27,0,25.1,6.25
R57,BUS002,1,6,14,1,0,27.5,1679.8,2.05,1,64.6,4.18
R45,BUS004,1,0,18,0,1,9.7,2235.3,3.83,2,77.7,16.23
R26,BUS005,3,2,16,0,0,25.9,1873.3,1.73,0,35.7,5.65
R57,BUS002,3,1,14,0,0,14.2,1775.8,2.13,0,58.4,7.95
R45,BUS003,2,3,20,0,1,7.3,2189.6,3.04,0,47.8,19.54
R57,BUS005,3,6,22,1,0,28.4,1611.8,1.42,0,56.5,5.53
R45,BUS001,2,2,10,0,1,19.3,2129.7,4.39,1,54.1,8.37
R57,BUS004,1,4,6,0,0,20.6,1586.1,1.29,2,32.5,7.62
R27A,BUS003,1,0,11,0,0,16.9,1594.5,1.94,0,47.7,6.29
R57,BUS005,3,0,7,0,0,24.7,1193.3,1.39,0,14.7,3.25
R27C,BUS003,1,4,21,0,0,19.0,2525.8,1.04,0,48.4,6.93
R27C,BUS004,2,4,9,0,1,16.7,2499.3,4.82,0,45.9,10.58
R27C,BUS005,2,4,19,0,1,13.8,2288.5,4.64,0,84.2,11.4
R27C,BUS001,1,2,18,0,1,19.6,2570.7,5.29,0,55.3,9.94
R27A,BUS001,2,3,12,0,0,23.7,1995.8,1.08,0,12.3,5.68
R45,BUS003,2,2,12,0,0,10.7,2609.6,1.71,1,31.9,16.81
R26,BUS001,2,5,22,1,0,24.5,1837.6,1.78,0,23.2,4.51
R27C,BUS001,1,1,10,0,1,3.2,2112.5,5.19,0,76.0,41.93
R27C,BUS002,1,3,17,0,1,10.4,2619.2,5.2,0,70.4,17.06
R26,BUS002,3,6,15,1,0,31.7,1751.1,1.92,0,26.5,4.75
R26,BUS002,1,4,14,0,0,17.4,1883.8,1.63,0,49.5,6.88
R26,BUS002,1,0,15,0,0,20.4,1538.6,0.32,0,27.2,5.38
R27A,BUS003,3,3,10,0,1,11.6,1920.5,5.24,0,78.7,12.25
R27C,BUS003,2,1,21,0,0,15.3,2316.8,1.54,0,18.2,9.19
R27A,BUS005,1,2,22,0,0,16.4,1506.6,2.45,0,34.4,6.37
R57,BUS002,3,0,20,0,1,8.8,2254.5,4.96,0,63.1,17.3
R27C,BUS003,2,1,10,0,1,14.9,2767.3,4.38,2,98.0,15.22
R26,BUS003,3,3,5,0,0,16.7,1755.9,0.65,1,45.6,7.29
R26,BUS002,1,3,5,0,0,14.8,1871.5,2.56,0,33.9,8.05
R26,BUS001,2,5,11,1,0,22.5,1569.4,0.5,1,15.7,4.44
R57,BUS004,2,3,20,0,1,4.2,1582.1,5.07,0,77.9,25.01
R27A,BUS003,1,0,11,0,0,25.3,1291.6,2.48,1,19.1,4.26
R27A,BUS001,2,6,17,1,0,27.5,1532.6,2.66,1,42.9,4.3
R45,BUS004,2,0,12,0,0,19.7,2174.9,0.65,1,48.9,8.26
R57,BUS005,3,4,5,0,0,21.8,1953.6,1.47,1,29.7,7.81
R27A,BUS002,1,0,16,0,0,21.7,1463.0,2.24,0,31.0,4.67
R27A,BUS003,1,6,17,1,0,25.4,1770.0,1.32,0,10.7,4.32
R27A,BUS002,3,5,16,1,0,24.7,1787.4,1.76,0,65.4,4.72
R27C,BUS005,1,0,16,0,0,20.4,2271.5,1.8,0,40.9,7.94
R27A,BUS004,2,4,5,0,0,27.3,1849.1,2.1,2,39.2,7.44
R26,BUS004,3,0,14,0,0,19.6,1701.3,1.54,0,44.3,6.31
R26,BUS003,2,1,13,0,0,19.2,1342.7,2.54,0,24.7,5.27
R27C,BUS004,1,2,6,0,0,33.6,2928.1,0.89,0,29.9,4.29
R26,BUS005,1,6,10,1,0,23.4,1664.4,2.7,0,48.8,5.02
R45,BUS003,2,3,7,0,0,22.8,2675.3,0.88,0,38.4,8.49
R45,BUS001,1,1,14,0,0,30.2,2125.3,1.58,0,64.1,4.56
R27A,BUS002,1,4,20,0,1,15.6,2083.4,5.46,0,63.8,10.72
R27C,BUS004,2,0,5,0,0,26.4,2559.9,0.77,0,51.4,5.97
R45,BUS003,1,4,16,0,0,22.5,2544.7,0.17,0,43.4,5.67
R45,BUS002,2,3,18,0,1,14.7,2887.5,5.71,1,36.6,14.12
R27A,BUS002,1,1,17,0,1,16.8,1628.0,4.6,1,61.4,9.38
R27C,BUS001,2,2,13,0,0,9.8,2921.0,2.53,0,32.8,18.61
R57,BUS003,3,2,10,0,1,9.4,1545.1,4.4,1,51.9,12.27
R57,BUS005,3,4,7,0,0,20.1,1693.1,3.06,0,61.9,6.25
R27A,BUS005,1,0,13,0,0,18.2,2122.3,1.99,0,52.3,7.6
R57,BUS003,3,2,20,0,1,15.5,1582.7,4.37,0,39.9,8.54
R27A,BUS005,2,5,12,1,0,23.1,1474.9,0.48,0,24.8,3.63
R27C,BUS002,1,6,5,1,0,32.3,2742.7,0.93,0,10.7,4.92
R27A,BUS004,2,6,10,1,0,23.2,1506.9,2.34,1,35.1,4.68
R57,BUS001,2,5,14,1,0,30.9,1776.1,0.58,0,79.1,4.57
R45,BUS003,2,6,8,1,0,15.1,2412.3,2.11,1,40.0,10.93
R57,BUS003,3,1,18,0,1,12.2,1862.3,5.33,1,71.3,12.64
R27A,BUS004,1,4,14,0,0,14.9,2011.2,2.56,0,47.5,8.16
R26,BUS003,3,5,22,1,0,27.0,1735.2,0.15,0,18.8,4.06
R57,BUS001,3,3,22,0,0,29.5,1385.8,1.55,0,35.3,3.02
R27A,BUS005,3,2,13,0,0,17.5,1721.9,1.38,0,37.3,5.46
R26,BUS002,1,4,9,0,1,16.9,1821.3,4.91,0,48.3,7.96
R27A,BUS004,1,3,22,0,0,25.1,1645.0,0.0,0,13.3,2.33
R45,BUS005,2,5,16,1,0,24.5,2360.3,0.25,0,53.8,5.86
R26,BUS004,1,0,5,0,0,23.2,1857.8,1.08,0,35.8,5.79
R57,BUS002,2,4,10,0,1,11.5,1984.0,4.96,0,60.7,12.27
R26,BUS005,1,2,11,0,0,5.8,1703.7,2.33,0,27.5,18.46
R27C,BUS002,2,3,11,0,0,20.6,2304.6,2.62,0,28.3,7.95
R57,BUS001,3,3,18,0,1,9.3,1643.8,5.98,0,94.7,12.05
R27C,BUS004,2,2,10,0,1,16.7,2661.7,4.58,0,71.3,11.51
R57,BUS005,3,1,21,0,0,26.1,1606.5,0.73,0,55.9,3.76
R27A,BUS002,1,6,8,1,0,33.0,1724.1,1.5,0,5.0,3.18
R57,BUS004,2,0,10,0,1,16.2,2245.6,5.37,0,78.6,10.51
R27C,BUS002,2,0,13,0,0,22.2,2085.8,2.21,0,42.9,7.02
R45,BUS003,1,3,11,0,0,16.7,2874.8,1.96,0,14.3,11.06
R27C,BUS004,1,2,8,0,1,11.1,2697.9,3.8,0,62.5,16.33
R26,BUS002,3,4,10,0,1,10.5,1531.7,5.23,0,65.5,9.71
R26,BUS003,3,1,21,0,0,24.5,1908.0,2.03,1,46.7,6.74
R45,BUS002,1,3,12,0,0,12.4,2667.2,1.28,0,25.8,13.07
R26,BUS003,2,0,14,0,0,15.9,1523.8,1.16,0,40.8,6.18
R45,BUS001,2,1,10,0,1,12.9,2591.7,4.74,0,46.5,13.58
R57,BUS001,2,6,8,1,0,24.9,1544.0,3.03,0,16.3,5.58
R27C,BUS002,1,0,19,0,1,15.5,3194.5,4.62,0,53.8,14.08
R27A,BUS004,3,4,5,0,0,5.9,1956.3,0.34,0,17.7,19.15
R27A,BUS003,1,5,21,1,0,31.3,1585.2,1.63,0,49.3,4.69
R27C,BUS004,1,2,8,0,1,11.8,2814.3,5.13,0,65.6,16.85
R26,BUS002,1,6,16,1,0,32.4,1767.7,0.52,0,39.0,3.7
R27A,BUS003,1,2,17,0,1,15.3,1851.7,5.77,0,66.2,9.57
R45,BUS001,1,6,13,1,0,24.8,2504.3,3.42,0,5.0,8.21
R45,BUS005,2,5,21,1,0,19.0,1894.1,1.2,0,16.6,5.76
R26,BUS003,1,0,21,0,0,23.5,1583.4,2.64,0,16.2,4.84
R27A,BUS003,1,2,12,0,0,18.0,1162.3,0.61,0,39.7,4.32
R27C,BUS002,2,2,8,0,1,14.9,2489.4,5.26,0,63.6,11.8
R45,BUS003,2,4,6,0,0,25.5,2269.0,1.61,0,29.0,4.93
R27C,BUS002,2,2,10,0,1,10.2,2023.1,4.67,0,67.4,12.94
R26,BUS002,1,2,5,0,0,11.1,1714.2,0.02,2,38.7,11.61
R57,BUS003,1,3,13,0,0,31.5,1962.7,1.32,0,33.1,4.04
R45,BUS003,2,5,6,1,0,28.6,2735.7,1.68,2,18.2,7.98
R57,BUS003,2,0,6,0,0,21.8,1515.3,1.51,0,44.8,4.89
R45,BUS004,1,6,7,1,0,34.8,2324.0,1.42,0,45.2,4.53
R45,BUS004,1,4,16,0,0,25.8,2377.5,3.68,0,33.7,7.35
R57,BUS003,3,6,19,1,0,25.4,1818.5,1.22,0,10.8,4.74
R45,BUS001,1,1,17,0,1,15.1,1932.7,5.84,0,64.1,9.87
R27A,BUS002,2,3,9,0,1,7.9,1174.5,4.47,0,98.6,10.59
R45,BUS004,1,2,15,0,0,22.2,2582.7,2.03,0,34.6,8.12
R26,BUS004,1,4,21,0,0,18.9,1599.2,0.3,1,60.4,5.82
R27C,BUS003,1,3,16,0,0,18.7,2150.0,1.03,0,37.6,6.8
R26,BUS003,1,6,16,1,0,23.1,1902.0,0.44,0,15.5,5.34
R26,BUS001,2,0,8,0,1,16.6,1766.5,5.13,0,76.0,9.04
R45,BUS005,2,4,22,0,0,20.9,2508.7,0.77,0,38.1,6.39
R27A,BUS005,2,4,7,0,0,27.9,1776.6,0.28,0,24.8,4.79
R45,BUS001,2,3,9,0,1,17.0,2330.5,4.87,1,68.2,10.04
R26,BUS004,1,1,5,0,0,11.8,1603.7,1.69,1,41.6,10.4
R26,BUS002,1,0,22,0,0,14.5,1533.4,2.7,1,5.0,7.87
R27A,BUS005,2,5,13,1,0,24.4,1490.7,1.29,0,75.0,3.88
R27A,BUS004,3,0,22,0,0,13.5,1516.9,0.23,0,57.7,6.34
R27A,BUS003,3,3,12,0,0,22.4,1895.3,1.26,0,25.4,5.93
R45,BUS003,1,6,10,1,0,18.3,2153.7,2.35,0,73.7,9.0
R27C,BUS005,1,0,21,0,0,26.9,2320.1,0.0,0,46.2,5.06
R26,BUS003,2,6,12,1,0,21.3,1659.5,1.1,0,36.6,5.98
R57,BUS004,1,3,19,0,1,15.0,1430.6,4.9,0,58.2,8.36
R26,BUS001,3,1,8,0,1,18.9,1736.7,4.27,0,79.5,7.12
R27A,BUS002,3,4,13,0,0,22.7,1382.7,0.26,0,31.3,2.54
R45,BUS001,2,0,7,0,0,15.7,2258.3,1.84,0,37.7,9.76
R27A,BUS002,3,6,14,1,0,19.6,1804.6,0.3,0,17.7,5.06
R26,BUS001,2,2,8,0,1,15.5,1767.4,5.24,0,63.8,9.2
R27A,BUS003,2,1,5,0,0,19.2,1622.3,0.82,0,53.3,5.84
R27C,BUS001,1,5,16,1,0,27.6,2281.8,1.4,1,44.5,5.95
R57,BUS005,2,1,22,0,0,25.5,1928.5,2.96,0,56.5,5.52
R26,BUS001,3,0,15,0,0,17.5,1916.9,2.31,0,30.6,7.72
R27C,BUS004,1,1,8,0,1,13.6,2839.8,5.01,0,67.0,14.5
R45,BUS003,1,4,6,0,0,22.4,2383.1,0.83,0,24.2,5.85
R45,BUS005,1,5,7,1,0,27.8,2341.4,1.07,1,18.6,6.64
R27C,BUS002,2,5,19,1,0,18.2,2911.7,2.39,0,53.4,10.39
R27A,BUS004,3,0,8,0,1,16.2,1528.1,5.93,1,53.6,8.15
R45,BUS004,2,6,9,1,0,25.0,2633.3,0.78,0,26.9,7.76
R57,BUS001,2,6,16,1,0,25.6,1677.3,1.73,0,33.3,4.58
R27A,BUS003,2,3,15,0,0,11.9,1963.1,1.71,0,43.4,11.16
R26,BUS005,2,0,22,0,0,14.7,1882.9,0.0,1,7.3,8.57
R27C,BUS001,2,0,20,0,1,11.6,2414.8,6.94,0,74.7,14.56
R57,BUS002,3,1,8,0,1,5.4,1526.3,5.86,0,73.0,20.29
R27A,BUS004,1,2,22,0,0,13.0,1889.4,2.05,0,61.3,9.16
R27C,BUS004,1,2,15,0,0,12.9,1938.7,0.96,1,32.0,9.01
R45,BUS004,2,2,11,0,0,19.3,2965.3,2.28,1,42.9,11.4
R27C,BUS001,2,0,6,0,0,20.2,2047.7,2.69,0,31.1,7.78
R26,BUS005,2,4,21,0,0,24.4,2113.8,2.96,0,43.1,7.1
R45,BUS005,2,5,13,1,0,29.7,1859.5,0.47,1,12.6,5.0
R45,BUS004,2,0,19,0,1,8.9,2571.9,5.95,0,59.5,19.55
R57,BUS002,2,6,6,1,0,20.3,1367.8,2.26,0,54.8,5.06
R27A,BUS004,1,0,8,0,1,7.4,1461.7,5.87,0,85.4,13.67
R45,BUS001,1,0,22,0,0,26.0,2183.8,1.5,0,38.7,6.1
R45,BUS003,2,0,20,0,1,12.2,2331.0,5.27,2,87.0,15.92
R57,BUS001,2,1,5,0,0,24.7,1869.0,2.46,0,30.4,6.28
R45,BUS004,2,4,17,0,1,9.4,1997.7,4.29,0,66.1,14.79
R27C,BUS002,1,1,5,0,0,20.1,2886.2,0.94,0,17.2,9.07
R45,BUS001,2,2,17,0,1,20.1,2866.1,4.52,0,67.2,10.39
R26,BUS003,3,1,22,0,0,9.4,1815.0,1.15,0,49.9,11.28
R57,BUS003,1,3,19,0,1,13.3,1891.8,3.22,0,64.1,9.37
R27A,BUS002,2,5,10,1,0,27.8,1323.8,0.78,1,30.0,3.82
R45,BUS005,1,3,13,0,0,19.8,3337.2,1.42,0,23.3,10.62
R27C,BUS002,2,1,10,0,1,15.8,2129.3,5.79,0,82.4,9.95
R45,BUS004,2,5,22,1,0,24.0,2421.9,1.64,0,31.1,6.54
R27A,BUS005,3,4,7,0,0,23.5,1456.8,0.0,0,35.9,2.7
R45,BUS003,1,3,21,0,0,17.5,2095.3,0.65,1,51.2,8.64
R26,BUS005,1,6,21,1,0,23.9,1581.3,1.33,0,5.0,4.32
R27C,BUS002,2,5,19,1,0,20.0,1956.2,0.54,1,56.6,6.88
R57,BUS001,2,1,19,0,1,17.7,1546.9,5.28,2,64.5,9.32
R26,BUS001,3,6,13,1,0,15.3,1590.2,0.68,0,54.4,6.18
R27A,BUS004,2,6,17,1,0,26.5,1847.5,1.09,1,39.2,6.01
R45,BUS004,1,6,22,1,0,28.9,2035.4,0.18,0,59.3,4.65
R45,BUS001,1,0,5,0,0,25.2,2958.4,1.22,1,17.2,8.06
R57,BUS003,3,4,14,0,0,25.2,1814.7,2.06,2,44.9,7.5
R57,BUS003,3,5,8,1,0,27.6,1523.4,2.28,0,50.1,3.55
R26,BUS003,3,6,16,1,0,20.0,2369.9,1.97,1,24.8,10.11
R57,BUS003,3,3,13,0,0,14.9,1647.3,2.09,0,52.8,8.11
R57,BUS003,2,2,8,0,1,16.3,1826.0,4.98,1,85.6,10.59
R27A,BUS002,3,2,6,0,0,19.8,1769.8,0.71,0,53.5,6.69
R27A,BUS001,2,1,8,0,1,17.8,2140.2,5.15,0,43.1,9.36
R27C,BUS001,2,2,19,0,1,13.9,2973.0,5.16,0,49.7,15.16
R27A,BUS001,3,0,11,0,0,21.4,1789.5,1.91,0,50.8,6.7
R26,BUS005,2,2,7,0,0,13.0,1763.5,1.42,0,10.5,9.18
R27A,BUS003,1,4,9,0,1,9.5,1701.1,4.81,0,67.9,12.91
R57,BUS005,1,2,13,0,0,22.5,1389.6,0.1,0,23.0,4.37
R27C,BUS004,2,6,7,1,0,22.7,2701.3,1.2,0,18.6,8.25
R45,BUS002,2,5,19,1,0,34.6,1687.4,0.8,1,25.8,3.47
R26,BUS004,3,1,10,0,1,16.9,1949.8,5.46,0,63.0,8.67
R27C,BUS002,2,4,16,0,0,25.9,3083.1,0.69,0,51.4,6.9
R27A,BUS004,1,1,22,0,0,24.4,1726.0,1.32,1,30.0,5.02
R57,BUS003,3,2,12,0,0,17.0,1715.1,1.23,0,23.0,6.82
R26,BUS004,2,2,19,0,1,9.5,1925.0,4.6,0,63.0,14.65
R57,BUS002,2,3,7,0,0,21.3,1452.2,0.95,0,5.0,3.37
R26,BUS003,1,1,6,0,0,17.5,1431.1,0.0,0,31.9,4.94
R45,BUS003,1,2,8,0,1,15.4,2872.0,4.78,0,65.2,13.42
R26,BUS003,2,2,13,0,0,19.4,2028.9,1.24,1,44.5,7.77
R57,BUS001,2,5,9,1,0,23.7,1524.3,0.56,1,18.1,4.74
R57,BUS002,1,0,13,0,0,28.6,1917.6,2.08,1,30.1,5.74
R45,BUS005,2,5,11,1,0,37.1,2674.9,2.31,1,12.0,6.37
R27C,BUS001,1,4,12,0,0,30.1,2997.2,0.97,0,41.0,6.07
R27A,BUS003,2,1,9,0,1,10.3,1416.9,4.47,1,86.6,11.47
R26,BUS004,1,1,11,0,0,25.8,1594.3,1.82,0,56.0,4.36
R26,BUS002,1,0,10,0,1,10.1,1514.8,5.4,1,42.7,12.64
R27C,BUS004,2,4,22,0,0,17.8,2586.6,1.43,0,66.3,9.14
R57,BUS001,1,6,18,1,0,22.2,1472.8,0.38,0,58.4,4.23
R26,BUS004,2,1,12,0,0,13.6,1410.2,1.88,1,40.2,7.85
R45,BUS003,1,0,16,0,0,21.2,2493.0,1.65,0,21.1,7.66
R27C,BUS005,1,2,14,0,0,17.8,2601.7,1.36,0,5.0,9.26
R57,BUS004,3,3,12,0,0,18.9,1282.7,2.97,0,36.5,5.58
R45,BUS001,2,3,5,0,0,17.2,2742.8,2.63,0,45.8,11.26
R57,BUS004,1,5,13,1,0,24.3,1799.4,1.46,0,28.3,5.93
R27A,BUS001,3,3,20,0,1,21.9,1909.2,5.03,0,70.3,8.18
R27A,BUS001,1,3,22,0,0,19.9,2190.5,2.35,0,50.5,7.23
R26,BUS002,2,1,9,0,1,13.2,1928.9,4.33,0,56.9,11.09
R27A,BUS001,2,3,5,0,0,11.2,1512.9,1.45,0,14.3,9.01
R27A,BUS003,1,5,18,1,0,29.0,1420.4,1.53,1,37.9,4.35
R26,BUS003,3,6,13,1,0,27.0,1809.3,1.16,0,61.0,5.1
R27C,BUS005,1,5,15,1,0,25.3,2533.8,1.9,0,59.8,6.89
R57,BUS001,2,5,15,1,0,27.7,2104.2,1.06,1,5.0,5.58
R27C,BUS002,1,3,20,0,1,12.8,2057.8,3.76,0,82.9,10.77
R57,BUS004,2,4,15,0,0,18.0,1161.8,0.23,0,39.8,3.88
R27C,BUS005,1,0,7,0,0,18.1,3014.5,2.36,0,29.2,12.08
R45,BUS005,2,1,20,0,1,17.1,2238.5,5.06,2,85.7,10.85
R45,BUS005,1,1,10,0,1,7.0,2532.1,5.99,0,75.9,24.12
R45,BUS004,2,5,10,1,0,36.4,2623.6,2.23,0,32.0,4.47
R27A,BUS005,3,0,17,0,1,12.4,1856.3,4.8,0,49.8,11.43
R57,BUS004,1,1,16,0,0,24.4,1925.8,1.73,0,45.0,5.32
R27C,BUS002,2,1,17,0,1,16.5,2743.3,4.79,0,58.3,12.34
R26,BUS003,3,1,13,0,0,20.4,1587.2,0.98,0,57.0,5.21
R57,BUS004,2,3,12,0,0,10.5,1674.3,3.21,0,38.5,10.78
R57,BUS002,1,2,6,0,0,22.4,1513.0,3.35,0,36.9,7.24
R26,BUS003,3,4,20,0,1,13.7,1613.5,5.23,0,67.7,9.14
R27A,BUS001,1,5,8,1,0,21.3,1377.3,2.88,1,45.4,6.99
R57,BUS001,2,0,5,0,0,16.4,1740.4,1.72,0,19.0,6.38
R45,BUS004,2,0,19,0,1,4.9,2235.3,4.69,0,75.5,30.49
R27A,BUS004,1,2,20,0,1,9.5,1259.7,4.48,0,59.2,9.89
R45,BUS002,1,0,19,0,1,15.6,2323.1,5.93,0,43.0,12.29
R45,BUS003,2,4,19,0,1,14.1,2815.8,6.34,1,84.5,14.4
R27C,BUS003,2,5,21,1,0,22.8,2772.8,1.1,0,29.0,7.63
R57,BUS003,2,2,9,0,1,13.5,2068.3,5.96,1,39.5,12.38
R27A,BUS001,1,5,13,1,0,23.8,1815.7,1.9,0,50.6,6.22
R27C,BUS001,2,4,21,0,0,21.7,2738.6,1.3,0,63.1,7.53
R26,BUS002,3,1,11,0,0,17.6,2048.6,0.5,0,43.4,6.87
R26,BUS004,3,5,12,1,0,29.3,2000.7,2.23,0,39.2,5.54
R27A,BUS005,2,3,5,0,0,23.7,2512.8,1.7,2,24.8,9.06
R57,BUS002,3,2,6,0,0,21.0,1313.0,1.07,0,30.9,4.85
R27A,BUS002,1,5,20,1,0,24.7,2130.7,1.95,0,44.6,5.36
R27C,BUS002,2,6,22,1,0,20.0,3149.5,1.15,0,12.3,10.15
R45,BUS001,1,2,8,0,1,14.5,2681.4,4.88,0,54.0,13.0
R27A,BUS003,2,0,13,0,0,19.1,1761.5,1.3,1,38.5,6.09
R26,BUS003,3,5,13,1,0,25.0,1509.6,2.28,0,46.0,3.93
R26,BUS003,3,1,5,0,0,12.3,1437.7,0.83,0,5.0,7.84
R26,BUS005,3,3,10,0,1,14.0,2088.7,4.79,1,55.0,12.06
R26,BUS005,3,5,10,1,0,22.6,2083.9,1.42,0,34.2,5.51
R27C,BUS003,1,4,17,0,1,14.5,2499.1,5.83,1,74.1,13.18
R27C,BUS005,1,1,9,0,1,10.9,3308.4,4.76,0,53.8,20.56
R57,BUS003,3,1,11,0,0,25.0,2004.1,0.78,0,16.8,5.52
R26,BUS003,2,2,9,0,1,10.7,1498.1,4.61,0,68.5,10.91
R45,BUS005,2,6,18,1,0,21.2,2179.8,0.0,0,23.2,6.48
R27A,BUS003,3,6,7,1,0,19.2,1650.4,2.61,0,41.7,6.28
R26,BUS001,2,2,14,0,0,15.2,1533.6,1.77,2,44.9,9.05
R27A,BUS001,1,3,9,0,1,6.4,1929.8,4.71,0,90.8,18.82
R57,BUS001,1,0,7,0,0,21.7,1856.8,1.61,0,13.9,5.77
R45,BUS003,1,6,15,1,0,31.6,1828.2,1.72,0,57.1,4.09
R27C,BUS001,1,4,10,0,1,17.0,2251.2,6.18,0,80.3,11.14
R45,BUS005,2,1,7,0,0,20.4,2864.2,0.0,0,61.0,7.58
R27A,BUS002,1,2,6,0,0,15.9,2007.8,2.91,2,31.2,11.68
R26,BUS002,1,4,6,0,0,21.4,1543.9,1.59,0,37.9,4.6
R57,BUS004,3,5,14,1,0,22.6,1518.0,2.0,0,32.1,5.32
R57,BUS003,1,6,17,1,0,22.9,1247.2,2.72,0,52.4,3.97
R27C,BUS003,2,1,20,0,1,16.9,1749.0,5.58,1,60.8,9.8
R27C,BUS005,1,4,13,0,0,16.3,2422.7,1.41,1,29.3,9.97
R27A,BUS002,1,3,20,0,1,12.2,1589.2,4.18,0,63.5,9.89
R45,BUS002,2,5,17,1,0,21.2,2466.3,2.55,0,62.0,7.51
R57,BUS003,1,0,13,0,0,20.0,1328.3,2.24,0,38.8,4.12
R26,BUS003,3,1,13,0,0,24.9,1343.9,0.79,0,12.6,2.65
R45,BUS003,2,0,12,0,0,19.9,3000.0,0.0,1,47.8,9.87
R45,BUS001,1,4,19,0,1,10.1,3197.5,4.31,0,51.4,21.58
R45,BUS001,2,2,12,0,0,17.9,1530.0,1.74,0,49.5,6.24
R27C,BUS001,2,2,11,0,0,19.4,2562.0,1.06,2,42.3,11.45
R27A,BUS005,3,3,9,0,1,6.9,1802.1,4.88,0,52.4,16.8
R26,BUS005,3,5,20,1,0,27.8,1814.4,1.1,0,43.2,5.24
R45,BUS004,2,4,22,0,0,21.3,1779.7,1.78,0,29.2,6.2
R26,BUS003,1,0,17,0,1,16.7,1722.9,7.13,1,65.4,10.34
R27C,BUS003,2,5,18,1,0,37.6,1862.0,0.29,0,25.8,3.03
R57,BUS005,3,0,21,0,0,31.6,1427.4,1.19,0,22.8,2.64
R45,BUS003,1,3,11,0,0,23.7,2911.0,0.37,0,25.7,7.71
R27C,BUS001,1,2,5,0,0,18.9,2888.5,2.34,1,32.7,11.24
R27A,BUS002,1,5,16,1,0,33.3,1552.5,1.89,0,43.7,2.99
R26,BUS003,1,1,13,0,0,16.8,1477.3,0.9,0,29.6,5.81
R26,BUS004,1,0,5,0,0,22.3,1835.6,2.22,0,29.2,5.43
R26,BUS004,1,5,22,1,0,28.1,1641.6,1.69,1,38.4,3.65
R26,BUS004,3,2,11,0,0,19.5,1846.9,0.87,0,50.7,5.91
R26,BUS004,2,1,10,0,1,10.4,1883.2,4.9,0,69.8,13.24
R27C,BUS003,1,4,12,0,0,19.4,3351.6,2.55,0,44.2,11.05
R27A,BUS004,2,5,22,1,0,26.7,1890.4,0.0,0,8.7,4.67
R26,BUS005,1,4,11,0,0,18.4,1680.3,1.17,2,28.5,7.41
R27C,BUS003,2,4,9,0,1,11.4,1817.1,5.28,1,67.6,12.94
R45,BUS003,1,1,11,0,0,21.4,2268.5,2.66,0,37.6,6.78
R26,BUS003,1,2,18,0,1,8.3,1840.1,4.41,0,41.6,14.74
R26,BUS001,2,1,13,0,0,19.1,1359.9,1.71,1,24.7,5.35
R26,BUS004,2,6,6,1,0,33.7,1945.7,1.02,0,19.3,2.95
R26,BUS004,2,2,16,0,0,14.5,1437.7,3.47,0,5.0,7.9
R27C,BUS002,2,4,22,0,0,23.0,2191.8,0.55,0,27.7,6.02
R57,BUS005,3,0,22,0,0,22.2,1878.6,1.09,0,37.9,5.61
R27C,BUS001,1,3,19,0,1,7.6,1890.8,5.97,1,72.1,18.89
R57,BUS005,2,5,19,1,0,27.8,1593.1,1.5,0,27.1,3.77
R45,BUS001,2,4,14,0,0,28.9,3258.8,1.92,1,36.5,7.31
R26,BUS003,3,3,15,0,0,21.5,1622.5,1.63,0,57.0,5.1
R26,BUS002,1,0,17,0,1,9.9,2048.4,4.73,0,84.5,14.55
R45,BUS001,1,6,8,1,0,29.2,2756.2,1.78,0,28.2,5.94
R45,BUS005,1,4,12,0,0,16.9,2360.2,1.4,0,21.6,9.88
R45,BUS002,2,2,16,0,0,26.0,2580.3,0.64,0,18.4,6.59
R26,BUS004,1,3,16,0,0,12.5,1965.2,1.05,0,39.9,10.55
R45,BUS002,1,6,6,1,0,26.5,2309.5,0.76,0,50.2,4.58
R27C,BUS005,2,1,5,0,0,15.8,1822.0,2.12,0,19.6,6.96
R57,BUS005,3,0,19,0,1,16.8,1869.5,5.28,0,73.0,9.86
R57,BUS003,1,5,14,1,0,15.2,1821.8,3.21,0,9.9,9.14
R57,BUS001,3,6,18,1,0,34.6,1791.3,0.47,0,62.8,3.21
R27A,BUS003,3,0,17,0,1,16.0,1515.5,4.74,0,57.3,7.82
R45,BUS004,2,0,7,0,0,13.6,3153.1,1.39,1,41.3,14.99
R27C,BUS001,1,2,19,0,1,10.3,2588.8,6.08,0,73.0,17.53
R57,BUS001,1,1,7,0,0,22.3,1720.2,2.72,0,14.0,5.28
R26,BUS002,2,6,18,1,0,20.0,1190.3,0.46,0,25.8,2.86
R27A,BUS003,2,6,19,1,0,20.8,1414.4,2.59,0,40.3,5.91
R27A,BUS003,1,4,12,0,0,23.4,1833.0,1.86,0,44.8,5.78
R26,BUS004,2,6,18,1,0,31.3,1990.6,0.0,0,40.6,3.14
R26,BUS003,3,3,5,0,0,22.5,1674.9,1.53,0,58.4,5.48
R45,BUS005,2,3,21,0,0,18.3,2462.0,1.52,1,31.4,8.87
R57,BUS002,1,4,18,0,1,17.4,1870.0,5.96,0,42.2,9.0
R27C,BUS003,1,2,18,0,1,14.6,2477.4,5.11,0,70.1,12.48
R57,BUS001,1,5,15,1,0,22.5,1826.7,1.76,0,57.1,6.06
R26,BUS004,1,1,9,0,1,15.5,1303.7,5.22,1,63.0,8.06
R57,BUS004,3,6,13,1,0,23.9,1859.1,1.34,0,50.9,4.41
R27C,BUS005,2,5,5,1,0,36.7,2783.5,1.21,0,40.3,5.74
R45,BUS003,2,2,15,0,0,22.8,2623.5,2.17,2,28.7,8.59
R26,BUS005,1,2,11,0,0,18.4,1642.2,3.39,0,59.7,6.37
R26,BUS005,1,2,9,0,1,15.9,1451.8,4.01,1,24.8,8.04
R27C,BUS003,1,6,20,1,0,28.0,3035.0,0.84,0,47.6,6.7
R57,BUS004,2,4,14,0,0,20.8,1559.9,2.27,0,32.4,5.63
R45,BUS004,1,1,12,0,0,21.5,2305.0,1.91,0,49.0,6.65
R26,BUS003,2,1,5,0,0,22.1,1821.0,0.67,0,40.3,4.84
R27C,BUS002,1,1,19,0,1,14.9,2081.0,5.3,0,41.8,10.09
R26,BUS002,2,2,13,0,0,25.7,2111.5,0.33,0,56.7,3.82
R27C,BUS002,1,3,13,0,0,24.1,2550.2,1.91,0,46.1,5.83
R45,BUS005,1,4,11,0,0,22.8,2849.4,2.33,0,18.7,8.85
R27A,BUS003,3,1,7,0,0,20.9,1615.2,2.0,1,27.7,6.27
R26,BUS002,3,5,16,1,0,21.2,1899.2,1.26,0,36.2,6.13
R26,BUS002,2,2,20,0,1,16.4,1659.4,4.96,0,75.0,7.76
R27C,BUS003,2,6,21,1,0,20.6,2598.6,2.31,2,40.8,11.29
R57,BUS004,1,1,17,0,1,16.7,1489.7,4.31,0,67.4,6.26
R57,BUS005,1,2,19,0,1,12.6,1521.9,5.36,0,43.5,9.65
R57,BUS003,1,5,22,1,0,21.9,1856.8,1.72,1,30.3,6.66
R45,BUS004,1,5,17,1,0,26.5,2488.2,2.85,0,7.1,7.47
R26,BUS003,2,5,9,1,0,20.5,1466.0,2.2,0,40.2,4.99
R57,BUS002,3,6,11,1,0,28.2,1443.1,2.18,1,31.5,5.76
R26,BUS003,2,5,10,1,0,23.6,1646.5,3.55,1,45.9,6.22
R45,BUS005,1,6,13,1,0,30.7,2549.4,1.74,0,5.7,6.08
R27C,BUS003,1,2,15,0,0,12.6,1820.1,1.35,0,23.8,8.29
R27A,BUS001,3,4,14,0,0,29.2,1522.2,0.94,0,17.0,3.05
R26,BUS002,1,5,6,1,0,32.7,1593.7,1.88,1,23.3,3.7
R27A,BUS003,2,2,15,0,0,14.8,1895.9,2.46,0,39.6,8.77
R27A,BUS005,2,5,5,1,0,23.0,1894.0,1.54,0,71.2,5.49
R57,BUS001,3,0,19,0,1,16.4,1810.4,4.38,1,62.9,7.86
R27C,BUS005,1,5,8,1,0,26.0,2374.3,0.48,0,43.0,6.06
R26,BUS002,1,6,20,1,0,20.0,1840.2,0.66,0,21.3,6.62
R27C,BUS004,2,1,19,0,1,17.9,2617.8,5.72,0,64.0,10.58
R27C,BUS004,1,0,9,0,1,10.3,2028.6,4.1,0,68.5,13.36
R27C,BUS004,1,4,14,0,0,24.4,1654.8,2.51,0,33.1,5.16
R45,BUS001,2,6,22,1,0,20.4,2351.8,0.58,1,18.7,8.18
R57,BUS003,1,4,18,0,1,18.7,1745.3,5.13,0,61.1,8.32
R26,BUS002,2,3,9,0,1,16.7,1295.7,5.62,0,69.7,6.92
R27C,BUS001,2,6,5,1,0,24.8,2152.5,2.35,1,51.7,5.98
R27C,BUS002,2,1,8,0,1,16.3,2101.9,7.37,0,67.5,10.58
R57,BUS001,2,3,10,0,1,11.8,1554.4,5.46,1,68.3,10.32
R27A,BUS004,2,5,19,1,0,18.0,2002.2,2.14,0,50.7,8.5
R27C,BUS002,2,1,7,0,0,13.2,2605.5,1.59,0,18.3,11.39
R57,BUS005,1,6,19,1,0,25.7,1624.6,1.45,0,34.7,3.69
R27A,BUS003,2,3,18,0,1,15.2,1597.3,5.21,0,78.9,8.48
R45,BUS004,2,2,21,0,0,14.2,3302.7,2.22,0,53.8,14.29
R57,BUS004,1,3,15,0,0,20.7,956.7,1.5,0,15.6,3.5
R27C,BUS002,2,0,16,0,0,25.9,2776.6,1.32,0,53.0,7.02
R26,BUS001,3,1,12,0,0,21.8,2134.8,0.85,1,50.1,6.54
R57,BUS002,3,6,7,1,0,20.6,1760.8,2.27,0,57.3,6.19
R27C,BUS001,1,5,7,1,0,30.0,2042.2,1.88,0,47.3,3.82
R57,BUS002,3,4,15,0,0,15.7,1273.7,1.21,0,22.4,5.58
R26,BUS003,3,1,6,0,0,14.6,1190.8,1.98,1,43.5,6.58
R26,BUS004,1,2,11,0,0,19.4,1587.0,1.2,0,39.9,4.82
R57,BUS004,3,4,8,0,1,18.5,2092.4,6.68,0,46.8,9.22
R26,BUS003,2,2,6,0,0,28.5,1459.7,0.73,2,27.8,4.67
R45,BUS005,2,0,19,0,1,11.5,2371.5,5.46,0,67.4,14.72
R27C,BUS003,2,6,18,1,0,25.0,2780.2,1.43,0,44.4,8.72
R57,BUS003,2,4,6,0,0,19.1,1667.8,1.31,0,34.0,5.81
R27C,BUS005,1,3,7,0,0,22.8,2074.0,2.4,0,22.2,6.19
R57,BUS001,2,3,21,0,0,14.2,2023.0,1.36,0,18.8,9.9
R57,BUS004,3,3,21,0,0,14.3,1719.5,2.29,0,32.5,6.74
R26,BUS001,1,1,22,0,0,15.5,2039.9,1.07,0,5.0,7.77
R27A,BUS004,2,5,12,1,0,33.9,1302.4,2.19,0,25.5,2.53
R45,BUS001,1,4,18,0,1,11.5,2617.1,3.8,0,58.2,15.56
R27C,BUS003,1,3,8,0,1,10.9,2056.8,5.79,0,54.6,13.53
R27C,BUS004,2,0,16,0,0,22.0,2492.8,1.41,0,73.6,7.31
R27C,BUS002,2,4,10,0,1,3.0,2530.8,5.86,0,68.1,52.19
R57,BUS003,2,5,8,1,0,36.9,1708.7,2.13,0,35.1,3.25
R27C,BUS001,2,3,13,0,0,14.5,2696.2,1.89,0,43.5,12.82
R27C,BUS005,1,2,22,0,0,19.5,2361.4,1.23,0,46.6,7.92
R27A,BUS005,3,3,9,0,1,15.2,1567.3,5.38,0,83.1,7.67
R27C,BUS005,1,3,19,0,1,17.3,2709.3,7.13,1,54.8,12.2
R26,BUS004,1,4,16,0,0,23.0,1576.3,1.54,0,46.1,5.32
R27C,BUS004,1,4,15,0,0,15.5,2383.0,2.03,0,39.2,9.73
R57,BUS003,1,2,7,0,0,20.6,1893.2,3.41,0,11.5,6.8
R45,BUS003,1,0,13,0,0,25.2,2451.9,2.08,0,31.2,7.36
R27C,BUS003,2,3,22,0,0,26.0,2985.8,1.96,0,44.1,7.54
R27C,BUS002,2,2,18,0,1,15.7,2128.6,5.49,0,94.1,11.16
R26,BUS003,1,2,12,0,0,23.0,1464.5,0.92,1,46.9,5.08
R57,BUS001,3,2,16,0,0,22.2,1359.9,2.04,0,40.9,4.54
R45,BUS003,1,0,14,0,0,13.7,2719.8,1.48,0,39.1,12.55
R27C,BUS005,1,5,22,1,0,20.9,2308.7,1.47,0,20.2,7.6
R45,BUS001,2,2,14,0,0,22.7,2402.5,1.7,0,26.8,6.71
R27C,BUS004,2,3,19,0,1,12.4,2357.5,4.69,0,69.3,13.05
R27C,BUS001,1,1,15,0,0,23.5,2475.8,2.96,0,5.0,7.24
R57,BUS002,3,3,9,0,1,11.1,1430.9,3.4,0,57.9,8.49
R57,BUS003,3,4,8,0,1,17.2,1850.9,4.13,0,78.2,7.59
R26,BUS003,3,2,13,0,0,23.6,1557.7,0.52,0,58.9,3.34
R26,BUS005,1,0,12,0,0,35.0,1139.2,2.68,0,43.5,3.2
R26,BUS004,3,4,22,0,0,25.6,2288.4,1.7,0,11.6,6.04
R27A,BUS004,2,0,16,0,0,10.4,1802.4,1.9,2,17.3,13.14
R26,BUS004,3,6,10,1,0,23.3,1405.6,1.88,1,27.4,6.0
R26,BUS004,3,0,13,0,0,23.2,1690.1,0.86,0,26.7,4.49
R27C,BUS002,1,5,10,1,0,23.7,2144.0,1.62,0,19.8,6.0
R27A,BUS004,3,3,11,0,0,8.3,1965.1,2.88,0,27.4,16.71
R27A,BUS005,3,5,6,1,0,26.7,1603.3,1.64,0,41.5,4.03
R27C,BUS003,2,5,11,1,0,31.8,2385.9,1.17,0,40.1,4.75
R57,BUS005,1,1,10,0,1,15.3,1758.7,5.69,0,58.3,9.23
R26,BUS004,1,5,16,1,0,27.6,1059.1,0.7,0,22.1,2.43
R26,BUS005,3,2,10,0,1,9.9,1700.2,5.03,0,65.8,13.26
R45,BUS004,2,4,21,0,0,25.3,2572.4,1.78,2,43.1,7.39
R57,BUS001,2,5,15,1,0,28.5,1499.0,0.47,0,29.9,2.98
R45,BUS003,1,2,20,0,1,16.0,2995.5,2.99,0,48.0,12.98
R27A,BUS001,3,4,8,0,1,10.0,1577.2,4.78,0,56.0,11.42
R26,BUS002,1,4,5,0,0,26.9,1372.0,0.74,1,5.0,3.92
R45,BUS002,2,6,22,1,0,28.0,2742.1,2.09,1,24.5,7.28
R27A,BUS003,1,5,6,1,0,33.6,1872.5,1.83,0,35.2,4.21
R57,BUS001,1,6,6,1,0,31.1,1728.6,0.52,0,22.8,3.25
R27A,BUS003,1,4,15,0,0,14.3,1597.3,1.44,0,44.2,7.09
R27A,BUS005,3,0,15,0,0,24.6,1986.5,1.55,0,35.8,5.89
R57,BUS002,2,1,10,0,1,21.4,1658.9,5.62,0,64.0,6.65
R45,BUS001,2,2,13,0,0,26.4,3032.3,0.71,0,45.2,7.04
R26,BUS004,3,6,11,1,0,21.5,1626.6,3.14,0,39.4,7.16
R27C,BUS001,1,2,5,0,0,20.8,2821.3,2.91,0,29.4,9.38
R26,BUS004,3,6,12,1,0,26.8,1997.5,1.72,0,38.4,5.01
R26,BUS003,2,4,18,0,1,18.4,2171.9,4.9,0,72.8,9.59
R27C,BUS001,1,6,21,1,0,20.4,3399.3,1.48,0,20.3,10.9
R57,BUS003,1,4,10,0,1,20.9,1685.9,4.93,0,80.0,7.7
R27C,BUS005,2,2,19,0,1,21.7,2802.8,5.3,1,51.9,10.11
R26,BUS003,1,5,19,1,0,17.1,2025.0,1.6,0,29.4,8.0
R27A,BUS001,3,5,20,1,0,22.1,2018.3,1.01,1,47.1,7.19
R27A,BUS002,1,0,10,0,1,13.8,1489.8,4.26,0,89.2,8.77
R27C,BUS005,2,6,11,1,0,28.9,2040.2,1.53,1,35.0,4.63
R45,BUS005,1,4,20,0,1,11.5,2137.9,2.52,1,49.1,12.69
R45,BUS002,2,4,13,0,0,7.3,2205.5,0.0,0,42.0,17.4
R26,BUS001,2,1,13,0,0,23.9,1354.3,0.79,2,37.8,5.07
R27C,BUS004,2,6,17,1,0,21.5,2856.6,1.29,0,11.7,9.09
R45,BUS002,2,0,15,0,0,22.2,2730.7,1.81,0,32.0,7.51
R45,BUS002,2,3,8,0,1,13.1,2986.8,6.15,0,82.3,15.33
R57,BUS005,2,3,12,0,0,28.9,2035.1,0.0,0,38.9,3.76
R27C,BUS004,1,0,9,0,1,7.9,2929.5,4.85,2,56.8,25.34
R26,BUS004,1,3,18,0,1,13.4,1858.4,3.96,0,52.1,11.08
R45,BUS004,2,4,10,0,1,9.5,2399.9,4.68,1,72.4,17.28
R27C,BUS001,2,2,13,0,0,20.2,2556.8,1.35,1,53.1,8.52
R27A,BUS001,2,5,5,1,0,25.1,1900.6,1.63,0,29.6,4.97
R27C,BUS005,1,2,9,0,1,9.9,3002.3,4.1,0,59.0,20.41
R45,BUS001,2,4,9,0,1,18.2,2489.6,5.67,1,38.9,12.34
R45,BUS005,1,4,6,0,0,24.7,3434.4,0.66,1,37.6,9.27
R57,BUS005,3,3,13,0,0,30.2,1698.4,1.86,0,56.6,4.8
R57,BUS005,3,6,5,1,0,21.9,1820.4,3.45,0,37.9,5.67
R45,BUS001,2,6,15,1,0,19.4,2730.4,2.06,0,59.2,8.77
R57,BUS002,3,1,16,0,0,17.0,1768.6,0.89,0,33.2,6.3
R57,BUS001,3,5,8,1,0,12.3,2058.6,1.12,0,33.8,10.64
R27C,BUS005,1,4,19,0,1,10.7,2554.4,5.03,0,66.2,15.98
R27A,BUS003,1,2,13,0,0,14.0,1895.8,1.98,0,32.5,8.97
R26,BUS001,3,4,14,0,0,23.3,1464.5,2.71,0,32.9,4.81
R27A,BUS005,3,0,16,0,0,17.5,1583.7,0.94,0,17.8,4.8
R26,BUS003,1,4,6,0,0,16.3,811.4,0.63,1,43.1,4.6
R27C,BUS002,1,2,13,0,0,18.0,2959.3,0.0,0,13.6,9.31
R57,BUS005,1,3,20,0,1,13.2,1681.5,3.58,2,44.6,10.76
R57,BUS005,1,4,7,0,0,18.2,1213.0,0.57,1,27.0,4.97
R26,BUS005,3,0,22,0,0,22.0,2249.0,1.44,0,37.1,6.93
R27A,BUS004,3,6,5,1,0,27.9,1607.2,1.8,0,58.0,5.42
R57,BUS003,3,0,22,0,0,27.1,1433.6,2.37,0,35.4,4.74
R27A,BUS003,2,4,18,0,1,12.2,1765.9,3.6,0,70.2,10.66
R45,BUS003,2,6,9,1,0,24.9,2793.9,1.85,0,51.3,7.76
R45,BUS003,2,0,21,0,0,19.8,3003.2,2.43,0,37.0,10.54
R26,BUS001,1,6,7,1,0,19.8,1958.3,0.9,0,20.3,6.52
R57,BUS001,3,6,12,1,0,24.4,2469.8,3.07,0,24.8,7.39
R27C,BUS001,2,3,21,0,0,17.8,3500.0,1.43,1,31.6,12.39
R45,BUS004,2,4,13,0,0,24.4,2586.8,2.34,0,47.6,7.33
R27A,BUS001,3,2,9,0,1,13.8,1901.0,5.64,0,50.4,10.74
R26,BUS001,3,5,20,1,0,25.2,1540.3,2.29,1,49.5,5.61
R27C,BUS003,2,4,6,0,0,15.8,3104.7,1.83,0,26.2,11.43
R27A,BUS003,2,5,22,1,0,28.1,1835.9,2.46,1,59.3,6.25
R45,BUS002,1,2,21,0,0,24.5,2858.8,1.64,0,52.6,8.45
R57,BUS005,1,5,18,1,0,20.9,1716.9,1.86,0,67.0,5.32
R27C,BUS002,1,3,5,0,0,25.2,2452.3,3.06,0,22.1,7.32
R26,BUS001,3,0,10,0,1,11.3,1324.4,5.03,0,80.1,9.0
R57,BUS004,2,6,14,1,0,30.2,1791.5,0.22,0,63.9,3.51
R45,BUS003,2,5,12,1,0,23.3,2695.9,1.71,0,11.6,8.72
R45,BUS003,2,6,15,1,0,25.6,2583.3,1.83,0,41.1,7.09
R45,BUS001,2,3,12,0,0,17.7,2769.3,2.5,0,49.8,10.22
R27C,BUS004,2,3,20,0,1,15.6,2321.7,5.21,1,85.8,11.26
R27C,BUS005,2,4,19,0,1,9.9,2492.4,4.64,0,54.4,16.18
R57,BUS003,1,0,19,0,1,7.9,1744.9,4.75,0,99.8,15.83
R45,BUS001,2,4,13,0,0,30.9,2810.0,2.9,0,17.4,6.6
R57,BUS003,3,2,14,0,0,15.7,1569.4,1.98,0,57.6,7.02
R57,BUS005,1,6,18,1,0,27.1,1636.9,0.91,0,57.4,4.26
R45,BUS002,1,4,9,0,1,12.8,2900.3,3.42,0,55.9,15.75
R45,BUS005,1,6,17,1,0,28.3,2539.3,1.65,0,14.4,5.36
R26,BUS004,2,1,7,0,0,14.5,1723.1,0.07,0,33.1,7.31
R27C,BUS005,1,5,6,1,0,22.3,2918.0,3.16,0,31.9,9.27
R27A,BUS004,1,6,15,1,0,28.5,1642.5,1.51,0,35.7,4.85
R27C,BUS002,1,2,5,0,0,26.7,2244.2,1.67,1,31.8,5.8
R27C,BUS005,2,2,7,0,0,27.4,2499.5,2.92,0,37.4,6.05
R45,BUS003,1,3,14,0,0,31.4,2462.2,1.1,0,43.6,4.54
R27C,BUS004,1,4,12,0,0,18.2,2661.7,2.46,0,32.0,9.96
R45,BUS004,2,6,21,1,0,19.1,3214.1,1.54,1,33.8,11.71
R45,BUS002,2,4,20,0,1,22.3,2131.2,4.93,0,78.4,8.2
R27A,BUS003,1,5,14,1,0,25.1,1614.8,2.59,1,32.5,5.77
R45,BUS004,2,5,10,1,0,27.8,2398.1,1.55,0,37.4,6.11
R27A,BUS001,2,3,15,0,0,26.9,1390.9,0.81,2,41.5,4.49
R57,BUS004,2,0,5,0,0,17.2,1550.1,2.72,0,27.3,5.58
R27A,BUS002,3,3,15,0,0,26.9,1884.4,1.49,0,53.9,5.66
R45,BUS002,2,3,8,0,1,14.7,2479.4,5.14,0,77.0,12.28
R27A,BUS002,1,0,19,0,1,14.8,1881.4,6.73,0,78.0,9.19
R45,BUS004,1,2,8,0,1,8.7,3010.5,4.37,1,58.2,23.63
R45,BUS001,2,0,13,0,0,5.7,3056.5,1.59,0,23.5,32.18
R57,BUS005,1,3,9,0,1,10.7,1694.5,4.5,0,43.2,11.26
R27A,BUS001,3,0,7,0,0,22.0,1610.1,0.0,0,27.8,3.99
R45,BUS005,2,0,13,0,0,24.3,3108.3,1.11,1,42.3,8.88
R57,BUS001,1,4,13,0,0,11.9,1450.0,2.24,0,37.4,9.06
R57,BUS002,2,3,5,0,0,21.3,1353.4,1.48,1,59.6,5.48
R45,BUS005,1,3,17,0,1,14.9,3338.1,5.34,1,79.1,15.87
R27A,BUS002,1,0,14,0,0,19.8,1643.7,1.61,1,38.9,6.06
R57,BUS004,1,5,13,1,0,29.1,1670.2,2.14,0,5.0,4.0
R45,BUS002,2,1,7,0,0,22.5,2690.8,0.22,0,40.8,6.49
R26,BUS004,1,6,8,1,0,31.3,1376.1,1.22,1,21.1,4.09
R27C,BUS005,2,6,22,1,0,29.9,2268.1,0.98,0,42.1,5.77
R45,BUS003,1,2,11,0,0,17.5,2470.9,1.72,0,47.3,9.06
R27C,BUS001,2,2,8,0,1,11.7,2804.6,5.37,0,75.8,16.54
R45,BUS002,2,2,10,0,1,11.3,2592.9,5.16,0,61.1,16.22
R27C,BUS004,1,1,14,0,0,25.5,2817.8,0.33,0,28.5,6.85
R57,BUS002,1,2,21,0,0,20.6,1919.6,0.83,0,18.2,6.43
R26,BUS004,1,4,22,0,0,18.0,1644.4,2.22,0,35.5,6.61
R45,BUS003,2,3,7,0,0,28.9,2928.9,0.77,0,46.5,6.55
R27C,BUS004,2,3,17,0,1,10.8,2118.5,4.66,1,65.2,14.11
R26,BUS004,2,0,19,0,1,12.2,1520.8,4.26,0,47.6,9.51
R45,BUS004,1,3,9,0,1,21.9,2669.0,4.46,0,45.3,8.76
R26,BUS004,1,5,5,1,0,27.9,1381.6,0.0,1,26.2,3.94
R45,BUS004,1,2,14,0,0,25.0,2216.6,0.97,0,24.8,5.93
R26,BUS002,1,1,22,0,0,21.2,1607.2,1.4,0,51.4,4.4
R45,BUS003,2,1,5,0,0,17.1,1818.6,2.07,0,55.6,7.55
R27A,BUS004,2,0,5,0,0,24.6,1998.9,0.8,0,46.2,5.63
R27C,BUS005,2,6,7,1,0,26.2,2311.1,0.97,0,26.7,5.93
R57,BUS001,1,4,13,0,0,19.3,1796.1,1.01,1,43.3,6.99
R27A,BUS004,3,4,22,0,0,20.8,1147.4,1.72,0,50.8,3.92
R45,BUS003,1,6,21,1,0,28.6,2549.4,1.78,0,41.4,5.32
R45,BUS002,1,4,7,0,0,19.7,2663.9,2.16,0,56.0,9.2
R27C,BUS005,1,3,15,0,0,25.1,2668.4,2.42,0,21.1,7.85
R27A,BUS004,1,2,20,0,1,16.5,1656.6,4.83,1,41.7,8.51
R45,BUS002,2,1,22,0,0,19.3,2317.5,0.4,0,25.5,7.28
R27A,BUS004,2,6,21,1,0,24.9,1709.3,1.7,0,63.9,5.77
R57,BUS004,2,1,10,0,1,12.2,1229.6,5.29,1,55.6,8.54
R27A,BUS002,2,3,11,0,0,22.1,1615.1,1.94,0,57.5,6.48
R26,BUS003,1,4,13,0,0,24.1,1468.6,1.04,0,52.0,3.9
R27C,BUS002,2,0,13,0,0,26.9,2778.7,1.31,1,28.7,8.02
R57,BUS005,1,5,16,1,0,33.6,1649.8,2.1,2,10.5,4.85
R45,BUS001,1,3,13,0,0,13.2,2117.5,1.71,0,49.3,10.5
R27A,BUS004,1,6,16,1,0,24.3,1818.6,0.0,0,27.8,4.47
R45,BUS001,1,0,20,0,1,21.1,2693.4,4.06,0,61.3,9.88
R27C,BUS001,2,5,21,1,0,24.4,2112.5,1.43,0,44.5,5.96
R45,BUS005,1,0,20,0,1,13.8,2457.1,4.74,0,65.4,12.33
R27C,BUS003,1,4,16,0,0,26.5,3314.0,1.99,0,15.3,8.67
R27C,BUS004,1,1,7,0,0,18.9,2561.9,2.16,0,48.7,8.77
R27A,BUS005,3,1,17,0,1,7.6,1430.8,6.5,0,77.6,13.98
R27A,BUS003,2,0,11,0,0,16.7,1553.1,0.66,1,31.8,6.95
R45,BUS003,1,6,18,1,0,27.2,2526.5,0.0,0,51.0,6.26
R45,BUS005,1,3,11,0,0,20.0,2889.0,1.98,0,42.2,9.25
R45,BUS004,1,6,17,1,0,28.6,2379.8,0.0,0,35.7,5.48
R26,BUS005,1,2,19,0,1,13.1,1540.4,4.58,0,45.7,7.58
R57,BUS002,1,5,19,1,0,17.9,1477.1,1.31,0,37.4,4.67
R57,BUS005,2,2,7,0,0,20.1,1731.5,1.3,0,62.3,5.06
R27A,BUS001,1,5,14,1,0,26.4,1698.1,1.32,0,23.6,3.72
R57,BUS004,2,5,11,1,0,19.5,1604.1,2.18,0,23.0,4.98
R57,BUS002,2,3,18,0,1,12.4,2112.9,5.63,0,44.4,14.13
R26,BUS004,1,6,13,1,0,23.6,1248.7,1.99,1,50.0,5.41
R27C,BUS004,2,6,8,1,0,29.2,2875.9,2.19,1,34.5,7.67
R57,BUS005,2,5,21,1,0,27.9,1800.5,1.55,0,33.9,3.85
R27C,BUS003,1,2,6,0,0,23.2,2910.8,1.39,0,76.9,8.43
R27A,BUS003,1,1,19,0,1,6.5,1854.4,4.9,1,54.3,19.01
R57,BUS004,2,6,7,1,0,27.6,1306.6,1.24,1,15.3,4.31
R27A,BUS003,3,3,11,0,0,17.4,1363.9,0.9,0,27.7,4.56
R57,BUS004,2,1,19,0,1,17.6,1756.3,4.91,1,79.1,8.8
R27C,BUS003,2,5,13,1,0,27.9,3067.6,1.58,1,20.2,8.3
R27A,BUS005,3,0,6,0,0,23.1,1622.9,2.75,0,31.0,4.83
R45,BUS003,2,4,7,0,0,16.0,2376.8,1.16,0,56.7,8.45
R45,BUS005,1,3,15,0,0,22.9,2607.2,1.34,0,33.4,8.07
R27C,BUS001,2,6,20,1,0,24.8,2884.3,1.78,0,44.7,8.6
R26,BUS004,3,2,5,0,0,20.3,1402.8,0.62,0,24.8,3.79
R27A,BUS001,3,0,20,0,1,17.7,1492.4,5.23,1,60.3,7.6
R27A,BUS005,2,0,7,0,0,24.0,1709.8,1.53,2,31.4,6.45
R45,BUS004,2,3,20,0,1,14.8,2498.5,6.21,0,51.6,12.69
R27A,BUS001,3,2,20,0,1,16.0,1279.9,5.24,0,47.0,6.63
R57,BUS001,1,4,5,0,0,19.4,1842.2,2.18,0,22.5,6.76
R26,BUS005,1,6,19,1,0,29.6,1610.1,0.68,0,25.2,3.6
R57,BUS004,3,5,13,1,0,29.8,1555.9,2.4,0,44.6,3.97
R26,BUS005,3,1,11,0,0,18.4,1042.7,1.69,0,49.8,4.21
R26,BUS002,3,0,6,0,0,26.5,1837.9,0.86,1,38.7,6.55
R27C,BUS004,2,5,9,1,0,18.9,2589.8,0.45,0,28.2,8.21
R26,BUS001,1,0,22,0,0,18.8,1504.2,1.63,0,19.6,5.02
R45,BUS001,2,1,21,0,0,18.4,2175.0,1.19,0,13.1,7.18
R27C,BUS003,2,3,21,0,0,16.9,2326.8,1.2,0,53.0,8.26
R27A,BUS003,3,0,19,0,1,10.2,1368.1,5.68,0,54.8,10.25
R26,BUS004,3,5,10,1,0,18.3,1733.6,0.85,2,44.9,9.23
R27A,BUS002,2,2,6,0,0,25.6,1835.2,0.3,0,28.3,4.87
R57,BUS005,3,1,19,0,1,10.1,1738.1,4.96,0,77.2,11.92
R27C,BUS004,1,6,13,1,0,28.2,3018.7,2.4,1,37.5,7.63
R45,BUS003,1,2,10,0,1,7.8,1902.0,4.61,0,68.3,16.78
R27C,BUS002,2,1,6,0,0,16.6,3117.6,2.05,1,27.5,12.35
R27C,BUS002,2,1,5,0,0,24.8,2475.4,1.47,0,56.9,6.3
R26,BUS002,3,4,8,0,1,16.9,1560.4,5.48,0,46.1,6.73
R57,BUS005,2,1,20,0,1,10.4,1403.4,4.75,0,70.1,10.68
R27C,BUS004,1,4,16,0,0,17.8,2600.7,2.11,0,18.4,8.91
R27C,BUS005,2,5,11,1,0,28.6,2167.0,0.5,1,19.7,6.71
R57,BUS004,1,3,17,0,1,15.0,1970.0,4.66,1,67.2,10.37
R26,BUS002,2,5,18,1,0,13.3,1329.7,1.59,0,24.7,7.15
R27C,BUS004,1,4,21,0,0,24.5,2385.0,0.6,0,30.8,6.88
R26,BUS002,1,4,8,0,1,10.6,1366.8,5.37,0,56.0,10.0
R45,BUS003,2,3,10,0,1,10.6,2902.7,5.01,0,71.4,18.41
R26,BUS002,2,4,10,0,1,18.8,1404.0,5.28,1,78.6,6.27
R26,BUS004,1,5,18,1,0,30.6,1474.6,2.73,0,35.2,3.4
R45,BUS001,1,0,13,0,0,12.8,2369.5,1.56,0,17.7,10.83
R27A,BUS005,3,0,14,0,0,21.8,1011.8,3.01,1,34.6,5.49
R27C,BUS003,1,5,10,1,0,31.7,2436.9,0.49,1,34.2,5.66
R27C,BUS001,2,2,10,0,1,11.8,2951.8,4.12,1,69.7,16.7
R45,BUS003,2,3,17,0,1,17.9,2219.8,4.67,0,82.6,9.1
R26,BUS003,2,1,22,0,0,20.1,1698.6,0.68,0,43.5,5.55
R27A,BUS004,1,6,21,1,0,28.4,1522.6,1.51,0,51.0,4.43
R57,BUS005,1,6,22,1,0,26.4,1494.9,2.41,2,26.8,5.79
R27C,BUS002,1,4,15,0,0,20.2,2176.0,2.33,0,43.4,7.39
R27A,BUS001,3,5,21,1,0,21.6,2009.1,0.51,0,53.5,5.04
R27C,BUS003,1,1,10,0,1,8.1,3010.6,6.18,0,66.7,25.13
R27A,BUS001,1,4,10,0,1,10.9,1675.0,4.63,1,73.9,11.9
R57,BUS003,2,5,15,1,0,23.2,1252.9,1.09,0,37.5,3.26
R45,BUS002,2,1,9,0,1,10.3,2223.4,6.18,0,85.9,15.75
R27A,BUS001,1,1,18,0,1,14.9,1761.0,5.42,0,80.1,9.19
R57,BUS001,2,0,19,0,1,12.8,1208.5,5.27,0,90.5,7.75
R57,BUS003,1,1,5,0,0,23.9,1795.0,1.58,0,43.1,5.72
R26,BUS004,3,4,20,0,1,14.8,1814.5,4.26,0,47.4,9.34
R27A,BUS001,1,6,19,1,0,27.4,1710.7,3.25,0,12.3,5.33
R57,BUS004,3,2,14,0,0,22.5,1552.9,0.24,0,37.3,3.65
R57,BUS001,3,0,5,0,0,28.4,1635.6,0.81,0,85.7,3.52
R27A,BUS002,3,3,11,0,0,18.9,1673.2,2.42,1,44.4,6.6
R27C,BUS004,2,0,7,0,0,21.3,2895.2,1.32,1,31.2,10.39
R26,BUS002,1,6,5,1,0,20.1,1348.1,0.0,0,11.5,3.7
R26,BUS005,2,6,15,1,0,27.5,1546.3,1.6,0,28.8,4.18
R57,BUS005,2,2,10,0,1,11.1,1826.6,5.4,0,52.1,10.74
R45,BUS003,1,4,16,0,0,17.8,2712.5,2.11,1,57.3,11.4
R27C,BUS004,1,1,13,0,0,12.9,2225.6,1.2,0,31.6,10.43
R26,BUS002,3,3,5,0,0,18.3,1668.8,1.82,0,42.5,6.9
R27A,BUS003,3,1,19,0,1,15.5,1278.9,3.73,0,64.8,6.42
R26,BUS002,1,6,8,1,0,23.5,1701.9,1.19,0,33.1,5.84
R45,BUS004,2,3,5,0,0,18.9,2979.4,1.26,0,38.7,10.14
R26,BUS003,1,6,15,1,0,36.3,1700.9,0.76,0,32.6,3.4
R45,BUS004,1,6,11,1,0,29.1,2741.9,0.76,0,21.7,4.92
R27A,BUS005,2,3,19,0,1,14.1,1500.0,5.13,0,32.8,8.05
R26,BUS002,1,1,20,0,1,17.5,1735.1,7.06,0,71.2,7.73
R27C,BUS005,2,6,9,1,0,19.9,2994.3,0.99,1,35.0,10.52
R57,BUS004,1,6,10,1,0,23.7,1844.1,1.26,0,25.4,5.17
R26,BUS002,3,3,20,0,1,13.5,1974.0,4.99,0,87.5,10.06
R45,BUS005,1,5,16,1,0,26.6,1962.5,0.85,0,52.7,3.96
R27A,BUS003,3,2,12,0,0,18.8,1513.1,0.63,0,40.0,4.75
R27C,BUS003,2,4,14,0,0,26.5,2437.9,1.28,0,25.3,5.58
R57,BUS001,3,4,8,0,1,11.0,1767.2,4.11,1,81.9,11.95
R27C,BUS005,1,4,13,0,0,13.7,2881.2,0.33,0,69.6,12.7
R57,BUS004,1,4,11,0,0,26.1,1584.4,1.94,0,59.2,4.4
R26,BUS001,1,2,21,0,0,21.3,2120.7,2.92,0,28.0,7.27
R27C,BUS001,1,1,11,0,0,20.9,1929.1,1.7,0,21.0,5.68
R27A,BUS005,2,3,14,0,0,12.6,1544.0,1.58,0,6.9,8.39
R27A,BUS002,2,6,5,1,0,19.7,1877.3,1.09,1,21.1,6.6
R45,BUS005,2,3,21,0,0,11.7,2054.0,1.58,0,48.9,10.67
R57,BUS005,1,1,15,0,0,28.2,2257.5,0.77,0,33.1,4.95
R57,BUS005,1,6,22,1,0,21.5,1666.4,1.55,0,16.9,5.15
R57,BUS002,1,2,8,0,1,7.5,1572.5,5.15,0,51.2,14.28
R26,BUS004,2,2,13,0,0,29.2,1796.5,0.36,0,19.6,3.87
R45,BUS005,2,3,11,0,0,19.9,2360.9,2.34,1,7.5,9.65
R57,BUS001,1,2,22,0,0,16.7,1579.3,2.11,0,46.1,6.07
R57,BUS002,2,2,7,0,0,27.9,1726.1,1.62,0,31.5,3.84
R27C,BUS005,2,2,15,0,0,29.4,2876.4,0.19,0,38.9,4.91
R27C,BUS001,1,5,5,1,0,20.0,2493.6,1.84,0,38.7,8.39
R27C,BUS003,2,5,18,1,0,22.6,2251.2,1.22,0,37.4,5.13
R26,BUS004,3,1,8,0,1,10.9,2025.3,6.31,2,77.9,15.75
R57,BUS003,2,6,16,1,0,25.3,1978.4,1.95,0,45.4,6.66
R27C,BUS002,1,0,21,0,0,19.7,1187.3,1.04,1,36.7,6.3
R26,BUS002,2,5,13,1,0,32.3,1933.9,0.55,0,20.7,3.29
R45,BUS002,2,5,21,1,0,22.0,2207.4,2.17,0,61.0,6.85
R26,BUS003,1,0,16,0,0,15.0,1792.1,1.53,0,10.9,6.9
R26,BUS003,3,3,16,0,0,19.2,1668.9,2.08,0,32.8,7.12
R57,BUS004,3,4,13,0,0,16.4,1835.4,2.26,0,23.8,7.36
R27A,BUS004,2,6,15,1,0,21.0,1290.6,1.91,0,40.3,5.26
R45,BUS004,2,6,19,1,0,25.3,3035.7,0.97,0,16.0,8.24
R27C,BUS001,1,5,8,1,0,25.5,2431.6,2.06,0,31.6,6.62
R27C,BUS005,2,2,13,0,0,12.8,2595.8,1.69,0,25.2,13.0
R27A,BUS003,2,1,12,0,0,19.0,2054.4,2.06,0,5.6,8.12
R26,BUS002,2,1,17,0,1,20.7,1861.2,5.1,0,56.6,8.17
R26,BUS003,3,3,20,0,1,12.6,1570.7,5.95,0,87.8,11.38
R26,BUS002,3,5,19,1,0,25.7,1344.2,0.85,0,59.1,3.76
R27A,BUS001,3,1,14,0,0,14.0,1734.0,1.03,0,28.7,7.99
R27C,BUS001,2,3,15,0,0,20.1,3044.2,1.03,0,32.7,10.26
R57,BUS001,2,1,6,0,0,17.3,1260.6,0.32,0,37.8,3.93
R26,BUS004,2,6,20,1,0,23.5,1469.5,2.0,0,61.1,4.4
R27C,BUS005,1,2,10,0,1,13.7,2707.8,6.33,1,70.3,15.56
R27C,BUS003,1,3,16,0,0,18.7,2984.6,3.2,0,28.4,10.33
R27C,BUS004,2,5,13,1,0,19.6,2533.4,1.42,0,52.9,8.13
R27A,BUS005,2,3,20,0,1,14.9,1646.4,4.95,1,70.7,9.41
R27C,BUS004,1,3,15,0,0,20.8,3148.7,0.32,1,29.9,9.78
R27C,BUS001,2,5,19,1,0,30.3,2552.9,2.97,1,18.6,6.56
R27C,BUS003,1,6,17,1,0,27.1,2349.1,2.08,0,37.5,5.8
R27C,BUS004,2,2,12,0,0,34.1,3500.0,1.55,0,49.5,6.45
R45,BUS004,1,5,12,1,0,23.5,2611.2,0.64,0,49.9,6.69
R26,BUS001,2,4,11,0,0,19.6,1700.8,0.48,0,42.3,6.21
R45,BUS002,2,5,14,1,0,30.2,2790.6,1.69,0,32.1,5.96
R57,BUS003,2,6,14,1,0,29.9,1868.0,1.6,0,14.3,4.03
R26,BUS004,3,1,13,0,0,21.1,1943.1,2.29,0,45.4,6.54
R27C,BUS003,2,5,14,1,0,27.3,2587.7,1.99,0,37.3,5.87
R57,BUS004,3,5,15,1,0,30.0,1604.3,0.87,1,30.3,4.08
R57,BUS004,2,6,14,1,0,30.2,1729.5,1.97,0,68.1,4.45
R45,BUS004,1,5,10,1,0,25.7,2681.6,2.07,0,63.8,8.88
R57,BUS002,2,4,18,0,1,14.3,2092.8,3.82,0,79.0,11.14
R45,BUS005,2,6,16,1,0,20.3,3011.9,1.65,0,12.6,10.34
R45,BUS004,2,5,17,1,0,31.5,2786.7,0.53,0,24.1,5.77
R27A,BUS004,1,3,20,0,1,7.5,1673.3,4.31,0,65.1,13.72
R57,BUS001,2,4,10,0,1,11.8,1446.1,5.11,0,56.9,10.86
R27A,BUS004,1,3,11,0,0,18.1,1515.4,3.41,0,26.0,5.89
R27C,BUS005,2,6,6,1,0,21.5,1978.1,1.76,2,48.0,9.12
R45,BUS001,2,4,22,0,0,12.5,1903.8,1.33,1,61.7,10.38
R27A,BUS002,3,4,11,0,0,24.3,1176.4,1.11,0,61.2,2.94
R57,BUS004,2,6,18,1,0,20.1,1878.6,1.03,1,25.3,6.48
R27A,BUS002,3,6,22,1,0,34.1,1875.9,1.12,0,40.6,3.88
R57,BUS002,3,2,9,0,1,12.2,1629.3,5.02,0,57.0,9.81
R57,BUS002,2,1,17,0,1,14.5,1820.9,5.67,0,86.9,9.75
R57,BUS003,2,5,7,1,0,16.9,2090.5,3.21,1,16.5,9.09
R57,BUS005,3,5,17,1,0,26.1,1611.2,1.09,0,32.6,3.16
R57,BUS003,1,5,8,1,0,32.0,1528.6,1.52,0,26.8,2.88
R45,BUS004,1,1,13,0,0,15.0,2349.0,1.27,0,27.3,10.03
R27C,BUS002,1,3,20,0,1,14.3,2539.3,3.44,2,56.0,13.86
R27A,BUS002,2,4,16,0,0,17.7,1550.6,2.02,0,42.6,6.68
R57,BUS002,1,2,17,0,1,14.1,1754.4,5.21,1,45.8,9.98
R45,BUS005,1,1,8,0,1,16.1,2155.2,4.66,1,64.5,9.08
R27A,BUS001,3,1,10,0,1,6.7,1842.3,5.34,0,59.3,19.03
R57,BUS001,2,0,15,0,0,15.6,1612.1,1.99,0,46.5,6.18
R27C,BUS003,2,4,15,0,0,17.1,2744.9,0.94,0,46.6,9.02
R27A,BUS002,3,4,13,0,0,20.9,2094.2,2.68,1,29.8,8.21
R27C,BUS001,2,4,20,0,1,15.0,2384.4,5.77,0,66.3,11.25
R45,BUS004,2,0,7,0,0,25.3,2736.3,0.47,0,15.0,7.15
R27C,BUS001,2,6,9,1,0,24.9,3225.5,2.24,0,35.0,8.54
R26,BUS001,1,0,5,0,0,21.0,2486.1,1.74,0,52.9,7.25
R26,BUS001,3,0,8,0,1,17.3,1550.0,5.87,1,79.2,8.75
R57,BUS003,2,0,5,0,0,24.2,1523.7,1.32,0,6.0,4.41
R57,BUS004,3,6,17,1,0,25.0,1804.4,2.56,0,32.8,6.0
R27A,BUS004,2,5,14,1,0,27.0,1924.2,2.36,0,32.0,4.96
R57,BUS005,1,2,10,0,1,7.0,1506.6,6.05,0,54.2,15.15
R45,BUS001,2,5,15,1,0,26.0,2352.0,1.9,0,9.6,6.87
R45,BUS001,1,6,9,1,0,31.5,1968.4,1.86,0,31.0,4.07
R45,BUS005,1,5,13,1,0,28.0,3045.0,1.52,0,75.8,7.41
R27A,BUS005,2,6,17,1,0,27.0,1415.6,0.38,0,14.2,3.75
R26,BUS001,3,2,14,0,0,19.6,1572.7,1.45,0,42.7,5.92
R45,BUS004,1,2,6,0,0,19.9,3340.2,1.43,0,5.0,11.75
R57,BUS004,3,6,5,1,0,32.9,1880.8,1.08,0,27.7,3.65
R57,BUS004,3,0,7,0,0,28.0,1931.3,0.9,1,15.0,5.09
R57,BUS002,3,5,13,1,0,26.8,2046.8,2.38,0,45.0,5.12
R27A,BUS002,3,6,17,1,0,30.8,1760.0,1.56,0,35.8,5.01
R27C,BUS004,1,2,8,0,1,12.3,2737.7,3.8,1,64.6,15.34
R27C,BUS005,2,2,22,0,0,24.7,3500.0,1.12,1,24.4,8.94
R27C,BUS003,2,0,14,0,0,18.3,2447.6,1.76,0,26.7,7.43
R45,BUS001,1,2,17,0,1,5.7,3188.6,4.29,0,70.7,35.89
R45,BUS003,1,2,14,0,0,19.2,2486.3,1.95,0,32.4,8.98
R27C,BUS005,1,5,17,1,0,27.5,2250.0,1.31,0,28.3,5.98
R45,BUS004,2,3,16,0,0,14.2,2661.5,2.51,1,9.0,12.35
R27A,BUS001,1,5,18,1,0,29.6,2002.1,2.16,0,23.3,6.05
R26,BUS004,2,6,6,1,0,28.1,1822.9,0.89,0,30.9,3.35
R57,BUS002,1,3,12,0,0,17.5,2079.7,0.0,0,29.8,7.64
R57,BUS004,1,5,16,1,0,20.6,1855.3,2.24,0,47.3,6.98
R45,BUS001,1,2,21,0,0,12.0,2726.0,0.68,0,32.8,12.99
R27A,BUS003,3,3,10,0,1,13.2,1814.7,4.49,0,71.1,10.3
R26,BUS002,2,1,10,0,1,8.1,1709.2,4.15,0,34.8,14.81
R27A,BUS001,2,6,14,1,0,21.1,1437.8,2.76,0,42.5,5.06
R27C,BUS005,2,4,22,0,0,16.8,2669.8,2.56,2,31.7,13.16
R27C,BUS004,2,2,8,0,1,13.1,2105.1,4.26,1,61.9,11.83
R27C,BUS004,1,6,5,1,0,13.8,2039.0,1.56,0,40.6,10.7
R57,BUS001,3,1,18,0,1,13.5,1847.2,6.68,0,35.7,9.83
R45,BUS003,1,0,16,0,0,18.1,2201.9,1.76,0,18.1,8.34
R27C,BUS003,1,4,10,0,1,17.1,2895.7,4.35,0,66.7,12.53
R57,BUS001,2,3,15,0,0,12.3,1738.3,0.0,1,41.2,8.8
R27A,BUS001,3,0,16,0,0,21.1,1448.4,1.24,0,42.3,5.39
R27A,BUS001,2,2,5,0,0,19.4,1415.9,0.0,0,38.2,4.24
R57,BUS005,2,4,9,0,1,16.6,1555.3,5.26,2,62.1,9.73
R27C,BUS005,2,5,8,1,0,15.6,2114.9,1.11,0,39.2,8.23
R27C,BUS005,1,4,19,0,1,9.8,2049.2,5.55,1,64.0,14.7
R27A,BUS001,1,0,22,0,0,20.8,2066.8,0.28,1,28.4,7.58
R26,BUS002,3,0,18,0,1,11.5,1857.0,4.37,1,68.7,11.4
R27C,BUS005,1,4,5,0,0,28.8,2918.6,1.74,0,18.3,6.52
R26,BUS004,2,2,8,0,1,17.0,1972.3,4.68,0,88.7,7.83
R45,BUS002,1,2,5,0,0,11.8,2916.9,1.03,0,32.9,15.54
R26,BUS004,2,1,12,0,0,20.7,1612.7,2.43,0,9.3,5.59
R26,BUS002,3,2,19,0,1,17.9,1469.1,4.35,0,45.7,6.67
R27C,BUS003,2,6,19,1,0,22.0,2547.1,1.72,0,46.5,6.95
R27A,BUS004,1,0,21,0,0,23.0,1865.4,0.97,0,42.8,4.08
R27C,BUS005,2,4,19,0,1,11.2,2218.9,6.0,0,72.7,14.31
R26,BUS003,2,3,5,0,0,19.0,1280.4,1.63,2,24.5,6.79
R27A,BUS003,2,1,17,0,1,10.6,1796.0,5.45,0,33.3,12.93
R27A,BUS004,1,4,19,0,1,16.3,1412.4,5.79,0,94.5,8.23
R45,BUS004,1,5,13,1,0,33.0,2999.8,1.06,0,50.6,6.84
R27C,BUS003,1,6,21,1,0,30.8,2982.3,0.62,0,22.9,6.88
R27C,BUS001,1,2,17,0,1,18.5,2730.2,4.53,1,80.9,11.02
R57,BUS001,2,6,11,1,0,21.3,1532.7,2.26,0,77.0,5.82
R57,BUS003,1,6,11,1,0,22.5,1492.9,1.82,1,26.4,5.95
R45,BUS005,1,5,17,1,0,20.5,2548.5,1.38,0,11.8,8.06
R57,BUS005,1,5,5,1,0,21.6,1573.0,1.07,0,13.5,5.4
R57,BUS001,1,6,22,1,0,23.4,2191.4,2.44,0,18.7,7.17
R57,BUS002,3,2,14,0,0,20.1,1547.7,0.45,0,35.4,4.23
R27C,BUS002,2,1,7,0,0,22.4,2784.8,2.72,0,31.6,8.28
R26,BUS001,2,6,7,1,0,23.8,1917.3,0.91,2,26.8,7.22
R57,BUS003,1,4,17,0,1,5.6,1739.0,4.02,1,49.8,21.56
R27A,BUS004,2,0,19,0,1,15.8,1842.7,6.0,0,59.1,8.03
R57,BUS003,3,4,11,0,0,21.6,2036.1,0.55,0,35.5,4.99
R45,BUS004,2,3,16,0,0,21.2,2553.2,1.42,0,61.6,7.84
R26,BUS001,1,1,13,0,0,23.3,1522.1,3.46,0,37.5,3.78
R45,BUS005,1,4,14,0,0,16.0,2538.6,1.99,1,28.0,11.65
R26,BUS004,2,1,21,0,0,21.1,2079.8,0.67,0,30.3,6.47
R26,BUS005,3,3,8,0,1,12.5,1975.9,5.43,0,71.0,10.84
R27A,BUS003,2,1,12,0,0,13.4,1832.7,1.05,0,18.9,8.19
R57,BUS001,2,5,17,1,0,29.3,1666.8,1.65,0,32.3,3.86
R57,BUS002,2,3,17,0,1,17.4,1232.9,3.67,1,68.9,6.29
R27A,BUS001,3,2,7,0,0,28.1,1658.9,1.72,1,46.6,4.71
R26,BUS004,2,5,10,1,0,25.2,1939.7,1.47,0,74.4,5.25
R45,BUS002,2,1,20,0,1,11.7,2908.5,5.19,0,72.9,17.69
R27A,BUS001,3,0,15,0,0,21.9,1349.2,1.36,0,38.2,4.0
R57,BUS001,3,1,18,0,1,3.4,1960.2,4.49,0,95.4,35.35
R27C,BUS004,2,6,16,1,0,21.3,1852.8,0.73,1,13.0,5.84
R45,BUS003,1,1,18,0,1,16.6,2150.3,4.09,1,59.3,9.68
R27A,BUS004,1,4,9,0,1,11.2,1558.3,4.79,0,67.9,10.33
R45,BUS004,1,5,6,1,0,26.7,1735.0,1.07,0,50.9,3.88
R45,BUS004,2,5,13,1,0,21.8,2145.9,1.9,0,46.3,5.77
R26,BUS002,1,1,8,0,1,15.9,1766.5,6.29,1,84.2,8.32
R26,BUS003,3,4,10,0,1,12.6,1487.8,4.65,0,78.4,10.16
R27A,BUS002,2,5,22,1,0,24.1,2026.3,0.33,0,19.0,5.86
R45,BUS001,1,2,12,0,0,20.8,3164.0,2.64,0,21.3,9.76
R27C,BUS005,1,4,9,0,1,9.1,2917.3,5.09,1,60.2,22.77
R57,BUS004,3,1,9,0,1,12.4,1583.6,4.91,0,58.6,9.62
R45,BUS003,2,6,20,1,0,23.6,2512.9,1.19,0,27.4,7.13
R27A,BUS001,3,6,9,1,0,30.8,1649.8,1.14,0,42.2,4.03
R45,BUS003,2,3,5,0,0,20.2,2321.8,2.02,1,22.9,9.07
R27A,BUS003,1,0,18,0,1,19.8,1427.5,5.35,0,73.7,6.4
R26,BUS004,3,1,6,0,0,11.5,1412.5,1.47,1,24.6,8.26
R57,BUS003,2,1,6,0,0,19.5,1614.2,1.7,0,30.5,5.59
R57,BUS005,3,0,18,0,1,17.7,2212.9,4.26,0,73.7,9.49
R45,BUS001,1,3,11,0,0,24.7,2614.2,1.35,0,42.9,7.87
R45,BUS005,1,0,15,0,0,22.0,2790.8,2.83,0,5.5,8.23
R27A,BUS004,3,5,17,1,0,23.4,1674.6,0.0,0,40.4,3.83
R27A,BUS003,2,3,9,0,1,5.3,1873.8,5.56,0,65.6,23.99
R57,BUS003,3,1,5,0,0,15.0,1502.2,1.58,0,51.9,6.8
R26,BUS005,1,0,21,0,0,20.3,1737.2,1.42,0,15.9,4.54
R27A,BUS004,3,2,9,0,1,15.9,2053.0,4.6,2,83.9,11.19
R27C,BUS001,2,3,17,0,1,15.4,2396.4,4.4,0,78.7,10.52
R57,BUS005,1,6,18,1,0,15.9,2089.9,0.68,0,57.8,8.71
R26,BUS005,2,2,10,0,1,11.8,1912.8,4.62,0,61.5,11.68
R26,BUS001,2,3,19,0,1,10.4,1769.8,4.16,1,67.5,13.61
R57,BUS002,1,6,15,1,0,21.6,1963.7,0.4,0,35.9,5.74
R27C,BUS004,2,3,20,0,1,17.3,3030.1,4.02,0,49.3,10.74
R26,BUS004,2,6,21,1,0,25.5,1390.5,0.24,1,30.4,4.83
R45,BUS004,1,3,8,0,1,21.5,3249.8,4.35,2,62.6,12.72
R45,BUS001,2,1,10,0,1,12.9,2601.0,4.36,0,90.6,13.47
R26,BUS002,1,4,20,0,1,11.1,1414.2,5.23,1,69.2,10.64
R27A,BUS005,2,5,17,1,0,21.7,1749.9,0.0,0,19.9,4.73
R27A,BUS001,2,4,6,0,0,22.0,2312.6,0.81,0,15.5,6.06
R45,BUS003,2,0,9,0,1,3.1,2504.1,6.49,0,36.1,51.23
R26,BUS001,1,4,6,0,0,25.7,1654.3,1.04,0,56.8,3.98
R26,BUS005,2,2,15,0,0,15.1,1544.9,2.04,1,49.0,7.39
R27C,BUS002,2,0,21,0,0,26.9,2349.5,2.88,0,22.1,5.63
R27C,BUS003,2,1,8,0,1,17.7,3018.3,5.57,0,11.1,11.55
R45,BUS002,2,0,22,0,0,18.4,3500.0,2.34,0,5.0,12.16
R27A,BUS003,1,4,18,0,1,11.6,1366.9,5.25,0,69.5,8.14
R27C,BUS002,2,3,17,0,1,13.0,2310.3,3.54,0,95.3,13.77
R57,BUS001,1,5,16,1,0,31.6,1651.2,2.22,0,26.0,4.73
R27A,BUS001,1,1,8,0,1,10.2,1828.2,5.15,1,44.3,13.68
R26,BUS002,1,4,12,0,0,20.9,1571.1,1.55,0,31.1,5.29
R57,BUS004,2,2,10,0,1,9.8,1896.0,6.11,0,75.4,13.94
R26,BUS004,3,3,11,0,0,20.2,1847.5,2.32,0,14.6,5.82
R27C,BUS002,2,3,15,0,0,34.0,3500.0,1.13,0,46.3,7.24
R57,BUS002,1,4,19,0,1,15.1,1127.7,4.93,1,65.1,7.24
R27A,BUS003,1,6,14,1,0,30.1,1804.2,0.23,0,35.0,3.16
R57,BUS001,3,5,12,1,0,24.6,2104.6,1.41,0,35.4,5.3
R26,BUS004,2,0,9,0,1,13.3,1643.2,6.77,1,111.8,11.45
R57,BUS002,2,6,19,1,0,25.5,1842.7,1.22,0,34.6,4.91
R27A,BUS002,2,6,10,1,0,27.2,1549.3,1.81,0,43.9,3.62
R57,BUS004,1,4,13,0,0,15.4,2095.4,1.39,1,26.3,9.42
R27A,BUS005,3,0,16,0,0,19.9,1715.3,1.99,0,23.7,5.47
R27C,BUS005,2,1,22,0,0,16.0,2422.3,1.22,0,47.3,9.54
R27C,BUS005,1,5,11,1,0,26.6,2653.6,0.24,0,37.3,7.16
R26,BUS003,1,3,8,0,1,13.6,1803.1,5.55,0,43.3,9.74
R57,BUS005,3,1,14,0,0,17.3,1354.5,1.93,0,5.0,4.95
R26,BUS001,2,2,7,0,0,22.4,1543.3,0.54,0,60.0,4.9
R26,BUS002,1,0,15,0,0,11.3,1566.9,1.39,0,39.8,9.35
R26,BUS005,1,5,8,1,0,19.7,1517.3,0.71,0,52.1,5.57
R57,BUS002,1,3,16,0,0,28.9,1353.4,1.99,0,35.4,4.13
R27C,BUS001,2,2,14,0,0,27.1,2679.4,1.72,0,45.7,6.19
R27C,BUS004,2,0,22,0,0,18.9,2981.3,1.11,0,5.0,8.7
R27A,BUS002,1,1,14,0,0,22.8,1837.5,0.67,0,58.5,3.9
R27A,BUS002,3,0,18,0,1,7.2,1534.7,4.53,0,77.6,14.53
R57,BUS001,2,5,13,1,0,27.2,1635.9,0.9,0,47.4,4.38
R26,BUS002,2,3,18,0,1,13.2,1690.0,4.25,0,59.3,8.94
R26,BUS001,1,1,11,0,0,21.2,1757.7,1.67,0,45.4,5.41
R26,BUS001,3,4,11,0,0,15.7,1448.9,2.05,1,41.1,6.79
R57,BUS003,2,6,8,1,0,18.5,1866.0,2.86,0,39.1,5.6
R45,BUS001,1,4,5,0,0,15.6,2443.0,0.0,0,20.8,9.18
R45,BUS004,1,5,13,1,0,26.4,2708.1,1.47,1,39.1,7.4
R27C,BUS005,2,3,18,0,1,6.7,2375.0,6.55,1,43.8,24.69
R45,BUS004,1,2,9,0,1,8.0,2755.3,4.85,0,96.6,23.04
R45,BUS003,1,1,12,0,0,25.5,1899.4,0.0,1,71.9,5.64
R26,BUS002,1,5,8,1,0,20.2,1365.2,0.35,0,43.3,4.03
R27A,BUS002,2,3,15,0,0,22.8,1688.2,0.6,0,18.1,5.0
R57,BUS005,1,3,14,0,0,22.1,1902.2,2.59,2,20.7,8.32
R27C,BUS001,1,2,15,0,0,23.5,3195.9,1.97,0,49.0,7.96
R57,BUS002,1,1,12,0,0,18.0,1476.9,0.5,0,32.1,4.39
R45,BUS004,1,3,6,0,0,24.6,2277.2,1.3,2,35.9,7.33
R27C,BUS002,1,5,12,1,0,25.0,2617.2,1.24,0,55.2,6.42
R27A,BUS003,3,2,11,0,0,25.4,1558.9,1.21,2,38.7,5.61
R26,BUS004,2,6,16,1,0,25.1,2034.2,0.87,0,58.9,5.61
R45,BUS002,1,3,5,0,0,18.3,2521.1,0.81,0,40.6,9.06
R27C,BUS001,1,0,10,0,1,10.0,2207.3,4.49,1,67.7,16.29
R57,BUS004,2,4,19,0,1,16.9,1896.2,5.24,0,47.3,9.53
R27A,BUS002,1,5,18,1,0,19.0,2122.3,1.85,0,54.1,5.66
R27C,BUS002,2,0,12,0,0,20.6,2696.2,2.29,0,50.9,9.0
R45,BUS002,1,6,8,1,0,21.6,3048.7,3.75,0,55.6,10.67
R57,BUS004,1,4,21,0,0,20.9,1510.6,0.92,0,48.4,4.15
R27A,BUS004,1,2,17,0,1,14.1,1779.2,5.58,0,74.5,10.3
R27C,BUS001,2,4,6,0,0,18.7,2385.3,1.5,0,38.0,7.63
R57,BUS002,2,1,16,0,0,17.6,2507.7,0.5,1,27.7,8.82
R57,BUS005,1,5,10,1,0,26.6,1173.6,1.15,0,51.7,2.39
R27A,BUS002,1,1,11,0,0,14.4,1223.3,1.87,0,5.0,4.48
R27A,BUS003,2,3,9,0,1,12.9,1237.9,5.92,0,42.6,7.82
R45,BUS004,1,6,16,1,0,22.5,2260.5,0.97,0,65.5,6.58
R27C,BUS004,2,3,19,0,1,23.1,2244.9,5.88,0,83.6,8.61
R27A,BUS002,3,0,12,0,0,22.3,1315.8,0.97,0,34.5,4.67
R27A,BUS003,2,1,15,0,0,21.3,1381.3,1.53,0,42.1,5.08
R27C,BUS001,2,3,8,0,1,11.6,2200.0,4.84,0,64.9,12.49
R45,BUS003,1,0,11,0,0,13.7,2982.2,1.35,1,32.7,14.01
R27A,BUS004,1,1,16,0,0,15.0,1174.7,1.87,0,29.2,6.14
R26,BUS004,1,4,22,0,0,32.6,1620.1,1.58,0,17.6,3.74
R27A,BUS005,2,4,11,0,0,10.7,1641.7,0.0,0,33.8,8.91
R27C,BUS001,1,0,11,0,0,21.4,2595.5,1.46,0,22.3,7.81
R26,BUS004,1,5,14,1,0,20.7,1912.6,2.33,0,20.3,7.84
R26,BUS005,3,3,19,0,1,10.2,1228.9,4.12,1,88.2,9.54
R45,BUS003,1,2,8,0,1,11.1,2360.5,4.26,0,114.3,14.63
R45,BUS001,2,6,5,1,0,18.5,1887.1,1.32,1,25.8,8.26
R27A,BUS002,1,0,22,0,0,21.1,2365.2,1.34,0,35.6,7.0
R57,BUS004,2,3,10,0,1,13.7,1245.2,4.56,0,66.7,7.4
R26,BUS005,3,5,18,1,0,29.8,1336.0,1.2,0,29.5,3.11
R27A,BUS004,3,6,14,1,0,22.1,1582.0,0.53,1,13.1,5.99
R57,BUS001,3,4,16,0,0,22.2,1364.9,1.42,2,21.0,5.5
R27A,BUS003,1,0,11,0,0,17.3,1677.6,1.61,0,32.0,6.71
R57,BUS001,3,5,5,1,0,28.5,1591.0,2.34,0,20.3,4.52
R27C,BUS005,1,3,18,0,1,7.2,2857.6,5.24,0,59.1,25.81
R45,BUS002,1,2,6,0,0,18.2,2872.6,2.1,0,29.6,10.01
R27C,BUS003,1,0,16,0,0,22.3,2366.0,2.41,0,33.1,7.59
R27A,BUS002,3,6,17,1,0,17.1,1831.7,1.16,0,47.2,6.54
R45,BUS004,1,1,15,0,0,19.9,2942.6,2.56,1,38.7,10.83
R57,BUS001,3,2,13,0,0,32.7,1436.6,2.31,0,22.1,4.27
R27C,BUS002,1,6,13,1,0,38.5,3362.6,2.98,0,45.9,6.07
R27A,BUS005,3,6,18,1,0,32.8,1604.1,1.31,0,38.5,2.97
R27A,BUS001,2,4,13,0,0,20.3,2094.2,2.0,0,40.2,7.48
R27C,BUS004,1,4,18,0,1,14.4,2174.1,4.42,0,40.9,11.13
R26,BUS005,3,0,19,0,1,21.9,1695.5,4.47,0,59.4,7.21
R27C,BUS004,2,5,18,1,0,16.8,2331.7,1.15,1,43.1,8.76
R26,BUS002,1,4,7,0,0,11.4,1732.5,2.25,0,28.9,11.06
R26,BUS005,3,4,15,0,0,17.4,2003.6,2.18,0,19.9,7.84
R57,BUS001,2,1,9,0,1,11.4,1144.7,4.23,0,57.5,8.34
R27C,BUS004,2,4,22,0,0,27.8,2781.7,0.87,0,39.9,6.56
R57,BUS005,2,1,11,0,0,17.1,1957.2,1.65,2,31.8,9.09
R27A,BUS001,2,3,8,0,1,14.4,1333.7,5.37,0,86.5,7.73
R45,BUS004,1,6,18,1,0,28.5,2198.0,0.0,1,30.2,4.69
R26,BUS003,2,5,6,1,0,14.1,2014.7,0.65,0,41.0,8.99
R27C,BUS005,1,5,15,1,0,25.6,2621.1,2.27,0,20.5,7.55
R45,BUS002,2,4,20,0,1,14.7,2170.8,6.27,0,46.7,11.24
R27C,BUS002,1,5,8,1,0,17.0,2526.1,0.94,1,47.7,10.14
R26,BUS002,1,0,13,0,0,16.9,2004.6,3.22,0,63.0,8.53
R27A,BUS002,3,0,8,0,1,4.4,1673.5,3.99,0,75.5,25.22
R57,BUS001,2,3,17,0,1,16.7,1712.4,6.85,0,88.3,8.35
R27C,BUS005,1,4,14,0,0,15.2,2259.1,1.17,0,30.5,10.07
R26,BUS002,3,0,14,0,0,16.5,1833.2,1.96,0,30.4,7.04
R57,BUS002,2,6,17,1,0,23.3,1705.0,3.14,0,5.0,5.69
R27A,BUS005,3,2,14,0,0,18.3,1521.0,2.07,0,38.9,6.25
R45,BUS001,1,6,14,1,0,29.1,2440.3,1.99,0,15.5,6.38
R57,BUS002,1,3,8,0,1,15.9,1638.6,5.36,0,62.6,8.18
R27C,BUS002,1,5,21,1,0,23.5,2264.3,1.67,2,17.8,8.38
R45,BUS003,2,6,7,1,0,30.0,2347.6,2.13,0,39.6,5.55
R27A,BUS001,1,1,7,0,0,27.6,1518.6,1.97,1,5.0,4.65
R27A,BUS005,3,4,5,0,0,28.1,1611.0,0.85,1,34.5,4.13
R27A,BUS004,2,6,7,1,0,16.5,1862.9,1.03,1,28.6,9.05
R57,BUS005,3,2,16,0,0,21.4,1442.6,0.57,0,37.2,5.44
R45,BUS001,2,2,22,0,0,14.2,2289.4,0.85,0,43.4,10.0
R45,BUS001,2,0,19,0,1,14.3,2278.8,5.72,0,78.5,11.61
R27A,BUS003,1,6,22,1,0,16.9,1482.1,2.7,0,31.3,6.55
R26,BUS002,2,0,10,0,1,14.5,1345.7,5.99,0,70.0,7.59
R26,BUS003,3,6,15,1,0,24.3,1746.0,1.49,1,25.2,5.46
R26,BUS005,2,5,17,1,0,28.9,1845.7,1.75,0,21.4,3.83
R45,BUS003,2,3,14,0,0,20.0,2143.0,2.14,0,24.3,6.94
R45,BUS001,1,1,15,0,0,9.6,3136.4,2.62,0,5.0,19.72
R45,BUS001,1,6,6,1,0,34.5,3334.9,0.84,1,52.8,6.42
R57,BUS001,3,0,19,0,1,12.9,1738.3,5.49,0,72.0,9.89
R27A,BUS004,3,1,8,0,1,13.6,1571.4,3.97,1,61.6,9.74
R57,BUS003,2,0,19,0,1,9.7,1839.3,4.88,1,63.8,13.68
R27C,BUS005,2,4,8,0,1,11.1,2463.1,4.71,0,81.4,14.99
R27A,BUS002,2,4,20,0,1,12.3,1708.6,5.35,0,71.7,10.49
R45,BUS001,1,0,9,0,1,14.8,2547.0,4.45,0,55.2,11.86
R26,BUS002,2,3,15,0,0,14.8,1362.1,2.02,0,17.6,6.37
R57,BUS004,1,4,14,0,0,18.4,1525.7,2.07,1,41.3,5.52
R57,BUS005,3,6,18,1,0,29.9,1304.1,1.57,0,44.9,3.1
R57,BUS002,1,6,20,1,0,37.8,1860.2,3.65,0,30.6,4.99
R57,BUS001,3,1,19,0,1,12.0,1709.0,3.65,0,66.6,9.65
R57,BUS005,1,3,6,0,0,12.2,1935.2,0.99,0,10.4,10.52
R45,BUS005,1,3,19,0,1,11.0,2546.0,4.51,0,49.5,15.78
R45,BUS005,2,4,11,0,0,18.9,2950.4,3.13,0,41.2,10.71
R27A,BUS003,1,4,17,0,1,12.3,1968.8,4.39,0,58.4,11.64
R26,BUS001,2,1,17,0,1,16.3,1229.3,6.13,2,39.4,8.24
R26,BUS002,2,4,20,0,1,8.4,1847.3,4.59,0,40.8,15.28
R26,BUS005,2,4,9,0,1,13.0,1174.8,3.73,0,77.1,7.02
R27C,BUS003,1,1,16,0,0,23.9,1965.8,1.06,0,38.4,5.33
R57,BUS002,3,2,5,0,0,26.9,1465.8,1.08,0,48.6,3.63
R45,BUS005,2,6,20,1,0,24.1,2519.5,1.99,0,44.3,7.46
R27C,BUS004,2,3,6,0,0,22.8,2186.9,2.1,1,34.3,7.63
R27A,BUS001,1,1,20,0,1,12.0,1879.6,4.0,1,58.4,10.81
R26,BUS001,1,1,12,0,0,25.4,1663.1,1.7,0,11.5,2.92
R45,BUS001,2,4,7,0,0,24.6,2703.9,2.03,0,5.0,6.86
R27C,BUS005,1,3,20,0,1,19.0,2123.8,6.51,1,60.0,9.39
R27C,BUS005,1,6,20,1,0,24.9,2900.3,1.52,0,44.6,7.49
R57,BUS005,2,2,9,0,1,12.8,1779.9,2.84,0,57.5,9.68
R27A,BUS004,2,0,21,0,0,19.4,1567.0,1.02,0,29.7,4.19
R26,BUS004,2,0,22,0,0,24.5,1692.4,2.67,0,36.4,4.95
R26,BUS001,3,6,18,1,0,32.0,1489.6,2.19,0,54.6,3.65
R57,BUS002,1,5,21,1,0,32.1,1687.0,1.43,0,25.5,3.88
R27A,BUS003,1,0,9,0,1,9.6,1939.1,5.73,0,69.6,14.86
R26,BUS005,2,3,10,0,1,13.5,1848.7,4.26,0,50.4,9.32
R57,BUS003,2,6,8,1,0,22.6,1648.8,0.91,1,19.8,4.65
R26,BUS005,2,6,5,1,0,30.3,1405.1,1.55,1,39.7,4.39
R27A,BUS002,1,3,17,0,1,13.4,1499.8,2.77,0,79.7,7.98
R57,BUS003,1,2,19,0,1,11.8,1831.9,3.71,1,76.2,12.97
R27C,BUS004,1,5,11,1,0,25.9,2130.3,2.1,0,5.0,5.18
R57,BUS003,3,5,5,1,0,28.4,1827.0,2.45,0,52.5,4.93
R27A,BUS004,1,0,14,0,0,19.2,1274.6,2.19,0,39.2,4.32
R27A,BUS001,2,4,10,0,1,9.8,2232.7,5.2,0,63.2,16.81
R26,BUS004,2,1,7,0,0,15.1,2230.6,1.91,0,26.8,9.1
R27A,BUS002,2,5,14,1,0,29.4,1708.4,1.26,0,34.2,4.39
R45,BUS004,2,1,19,0,1,14.4,2527.2,5.66,0,40.3,13.22
R26,BUS001,2,6,5,1,0,22.2,2070.3,0.68,2,28.1,7.8
R27A,BUS002,2,6,6,1,0,21.4,1726.1,1.53,0,46.1,6.79
R26,BUS001,1,6,17,1,0,21.2,1901.6,1.15,1,43.5,7.91
R26,BUS001,3,3,11,0,0,17.5,1862.6,2.45,0,57.2,8.18
R27C,BUS004,2,0,18,0,1,12.3,2494.3,4.33,0,47.4,13.49
R27A,BUS002,3,5,9,1,0,25.0,1404.2,1.69,0,34.2,3.5
R27A,BUS003,2,6,9,1,0,31.7,1103.2,1.54,0,7.1,2.8
R57,BUS005,3,2,12,0,0,25.9,1724.4,0.0,0,35.1,3.8
R45,BUS003,1,5,19,1,0,25.4,2531.4,1.81,0,43.4,6.43
R26,BUS005,3,0,22,0,0,14.8,1840.5,0.76,0,47.7,9.12
R27A,BUS005,1,3,17,0,1,19.5,1913.5,4.56,0,78.8,8.51
R27A,BUS004,1,4,12,0,0,23.2,1839.0,1.21,0,36.3,5.0
R27C,BUS005,2,2,12,0,0,17.8,2225.3,0.95,0,21.9,6.61
R57,BUS003,2,0,16,0,0,25.5,1467.0,1.5,0,19.0,2.98
R57,BUS004,2,1,20,0,1,13.8,2002.5,4.96,0,66.6,10.53
R27A,BUS002,1,3,10,0,1,5.9,2099.0,5.64,0,65.8,23.91
R26,BUS004,3,2,20,0,1,7.3,1357.9,5.05,1,73.9,14.77
R26,BUS001,3,2,14,0,0,15.0,1767.0,0.0,0,41.1,7.62
R45,BUS001,2,5,12,1,0,27.7,1967.4,1.76,0,37.5,4.85
R45,BUS004,1,1,10,0,1,9.5,2498.5,4.88,0,89.6,18.25
R26,BUS002,1,6,17,1,0,17.9,1788.5,1.35,1,40.0,6.96
R45,BUS004,1,5,14,1,0,27.1,2376.6,1.17,0,12.6,5.36
R26,BUS002,1,3,17,0,1,14.8,2228.2,6.22,0,74.0,12.2
R57,BUS002,2,6,16,1,0,29.5,1863.0,1.96,0,53.7,4.8
R27C,BUS004,2,0,21,0,0,17.2,2290.9,1.72,0,42.5,8.91
R57,BUS005,2,4,20,0,1,10.3,1905.1,5.66,0,74.3,13.06
R45,BUS004,1,3,21,0,0,17.5,2770.7,1.63,0,43.3,10.29
R27A,BUS003,1,4,20,0,1,15.0,1907.7,6.0,0,61.8,10.16
R26,BUS004,2,0,6,0,0,13.4,1815.4,1.32,1,51.4,9.61
R57,BUS002,3,1,22,0,0,25.2,1579.7,0.31,0,22.8,4.12
R45,BUS003,2,5,19,1,0,30.7,2990.4,1.81,0,43.4,7.28
R27C,BUS001,1,2,11,0,0,21.0,1917.0,0.59,0,24.7,4.84
R27C,BUS004,1,1,20,0,1,12.4,2841.6,4.64,0,67.1,15.8
R26,BUS001,2,2,10,0,1,7.8,1824.5,5.8,0,69.9,16.1
R27C,BUS001,2,0,8,0,1,5.1,2017.4,4.83,0,63.6,25.31
R57,BUS002,3,3,21,0,0,24.6,1931.2,0.59,1,41.2,5.06
R26,BUS001,2,1,9,0,1,16.3,1641.5,5.09,0,69.0,8.61
R27C,BUS004,1,4,13,0,0,26.8,2559.9,1.85,0,41.4,6.16
R45,BUS003,1,5,19,1,0,26.2,2720.3,1.15,0,37.6,5.82
R27A,BUS004,2,2,21,0,0,16.5,1363.1,1.26,0,38.7,4.87
R45,BUS004,1,1,19,0,1,9.8,2223.0,4.37,1,46.3,15.89
R45,BUS003,2,1,10,0,1,14.9,2608.6,4.76,1,44.3,13.51
R26,BUS002,2,6,8,1,0,21.8,1461.5,2.57,0,36.6,5.07
R26,BUS003,2,1,13,0,0,23.4,1299.9,0.82,1,54.5,2.9
R45,BUS005,2,1,10,0,1,18.1,1947.3,6.06,1,76.4,9.55
R27A,BUS004,2,4,14,0,0,27.4,1352.1,2.71,1,14.8,4.69
R26,BUS004,3,2,14,0,0,19.0,1745.4,1.69,0,57.9,5.01
R57,BUS005,1,1,9,0,1,9.1,1430.7,6.42,0,66.7,11.51
R26,BUS001,2,2,22,0,0,24.2,1372.3,2.21,1,34.2,5.8
R45,BUS003,1,5,17,1,0,27.2,2724.4,2.08,0,58.2,7.81
R45,BUS002,1,1,14,0,0,27.5,1970.9,2.96,0,43.2,6.31
R45,BUS002,2,5,17,1,0,20.8,2652.4,1.06,0,54.7,9.01
R26,BUS002,2,6,20,1,0,21.2,1804.2,0.9,0,17.2,6.12
R57,BUS005,3,6,5,1,0,26.4,1747.8,0.14,0,31.5,3.92
R26,BUS001,2,2,16,0,0,19.9,1922.4,1.4,2,46.8,9.09
R45,BUS004,2,4,20,0,1,7.6,3043.7,5.65,0,78.8,26.04
R27C,BUS001,1,4,11,0,0,24.3,2833.8,1.9,0,36.8,7.35
R45,BUS003,1,1,19,0,1,10.3,2431.7,4.65,2,70.3,18.2
R27A,BUS001,3,5,19,1,0,25.2,1781.3,0.34,0,10.0,4.73
R57,BUS003,3,5,12,1,0,33.0,1612.4,2.06,0,28.3,4.37
R27C,BUS004,1,3,22,0,0,19.3,2945.1,0.7,0,56.2,9.53
R27A,BUS003,1,6,9,1,0,32.9,1640.4,3.15,0,12.6,3.97
R27A,BUS002,2,3,20,0,1,6.3,1378.3,5.05,0,72.9,15.52
R26,BUS002,1,2,10,0,1,8.9,1941.8,6.59,1,71.7,16.95
R27C,BUS005,2,5,7,1,0,32.1,2104.6,1.24,1,33.4,7.13
R26,BUS002,1,5,13,1,0,24.4,1804.3,1.41,0,20.0,4.7
R27A,BUS001,2,2,15,0,0,23.1,1620.5,1.48,1,47.8,5.06
R27A,BUS002,3,0,20,0,1,19.9,1681.7,3.86,0,53.5,6.74
R45,BUS005,1,4,10,0,1,7.2,2783.9,4.75,0,70.6,25.54
R27A,BUS005,3,0,12,0,0,25.2,1698.3,0.64,0,22.0,4.49
R26,BUS005,1,1,22,0,0,23.0,1716.4,1.26,2,40.7,7.01
R26,BUS001,1,5,22,1,0,22.3,1263.8,0.67,1,53.1,4.22
R57,BUS002,2,2,18,0,1,19.3,1499.1,4.28,0,70.6,6.47
R26,BUS002,3,4,7,0,0,23.4,2111.1,1.67,0,41.6,6.8
R57,BUS002,3,5,8,1,0,28.6,2092.7,1.79,1,32.5,5.69
R57,BUS005,1,2,16,0,0,22.8,1583.4,0.63,0,36.4,3.89
R27A,BUS003,1,5,18,1,0,25.2,1775.4,1.52,0,17.0,4.43
R45,BUS005,1,4,13,0,0,26.9,2304.0,1.15,1,27.3,6.84
R27A,BUS003,2,3,15,0,0,28.4,1383.1,0.67,1,39.1,3.95
R45,BUS002,1,0,13,0,0,18.2,3180.2,0.96,0,20.4,11.22
R27C,BUS002,2,4,15,0,0,25.7,2653.5,2.55,0,29.2,6.54
R45,BUS001,2,5,19,1,0,27.9,3232.5,2.8,0,7.8,8.03
R27C,BUS003,2,5,20,1,0,29.4,2697.8,1.05,1,41.7,5.84
R27A,BUS002,1,2,11,0,0,18.8,1401.0,1.03,1,29.0,4.69
R57,BUS001,3,6,7,1,0,22.4,1775.6,1.67,1,30.0,5.03
R57,BUS005,2,3,20,0,1,13.3,1976.7,5.6,0,56.1,11.57
R57,BUS005,1,0,5,0,0,23.6,1855.1,1.38,0,27.1,5.12
R27A,BUS002,1,6,16,1,0,29.8,1650.8,1.7,0,28.9,4.88
R27C,BUS002,2,1,15,0,0,25.9,2202.4,0.0,0,31.4,5.63
R26,BUS005,2,6,18,1,0,29.3,1648.3,0.03,0,51.5,4.19
R27A,BUS002,3,5,5,1,0,29.8,1677.0,1.87,2,25.1,6.49
R45,BUS001,1,4,7,0,0,25.0,2955.7,1.29,0,43.4,8.2
R57,BUS004,2,5,22,1,0,27.2,1525.0,0.88,0,40.2,3.46
R45,BUS004,2,4,21,0,0,20.3,2867.8,3.26,0,33.4,9.96
R26,BUS005,1,2,12,0,0,11.9,1718.1,1.19,0,21.9,8.57
R27A,BUS002,1,6,16,1,0,18.2,1624.1,1.8,0,28.6,6.73
R45,BUS004,2,3,10,0,1,8.3,2709.4,5.89,0,64.4,22.17
R27C,BUS002,1,2,22,0,0,16.2,2688.1,0.92,0,48.3,10.55
R27C,BUS003,2,4,10,0,1,6.2,2589.0,5.71,0,90.3,27.81
R26,BUS004,1,5,18,1,0,21.9,1405.3,1.15,0,43.8,3.11
R57,BUS004,2,1,7,0,0,21.2,1818.5,1.23,0,38.5,5.44
R26,BUS002,2,1,7,0,0,27.1,2030.4,2.07,0,6.9,5.13
R57,BUS005,3,1,5,0,0,25.0,1605.3,3.45,0,24.0,5.5
R27A,BUS001,1,5,13,1,0,19.6,1466.4,1.0,0,47.5,4.04
R57,BUS003,3,3,17,0,1,17.1,2049.0,5.5,0,68.8,8.66
R26,BUS004,2,6,9,1,0,25.1,1562.7,0.51,0,47.6,2.99
R45,BUS004,2,4,16,0,0,17.9,3071.8,0.8,0,43.2,10.95
R45,BUS001,1,2,14,0,0,21.8,2902.4,1.02,0,37.3,7.99
R27C,BUS002,2,5,7,1,0,28.7,3500.0,2.52,0,49.9,8.15
